<?xml version="1.0" encoding="UTF-8"?><PublicationDelivery xmlns="http://www.netex.org.uk/netex" xmlns:gis="http://www.opengis.net/gml/3.2" xmlns:ns2="http://www.opengis.net/gml/3.2" xmlns:ns3="http://www.siri.org.uk/siri" xmlns:xsi="http://www.w3.org/2001/XMLSchema-instance" version="1" xsi:schemaLocation="">
  <PublicationTimestamp>2022-05-07T04:55:00.275</PublicationTimestamp>
  <ParticipantRef>VTR</ParticipantRef>
  <Description>1</Description>
  <dataObjects>
    <CompositeFrame created="2022-05-07T04:55:00.275" version="1" id="VTR:CompositeFrame:1399">
      <validityConditions>
        <AvailabilityCondition version="1" id="VTR:AvailabilityCondition:1399">
          <FromDate>2018-08-19T11:03:12</FromDate>
          <ToDate>2027-12-30T00:00:00</ToDate>
        </AvailabilityCondition>
      </validityConditions>
      <codespaces>
        <Codespace id="vtr">
          <Xmlns>VTR</Xmlns>
          <XmlnsUrl>http://www.visimarsrutai.lt/</XmlnsUrl>
        </Codespace>
      </codespaces>
      <FrameDefaults>
        <DefaultLocale>
          <TimeZone>Europe/Vilnius</TimeZone>
        </DefaultLocale>
        <DefaultLocationSystem>WGS84</DefaultLocationSystem>
      </FrameDefaults>
      <frames>
        <ServiceCalendarFrame version="1" id="VTR:ServiceCalendarFrame:1399">
          <dayTypes>
            <DayType id="VTR:DayType:1797" version="1">
              <properties>
                <PropertyOfDay>
                  <DaysOfWeek>Wednesday Friday</DaysOfWeek>
                </PropertyOfDay>
              </properties>
            </DayType>
          </dayTypes>
          <operatingPeriods>
            <OperatingPeriod version="1" id="VTR:OperatingPeriod:1797">
              <FromDate>2012-12-01T00:00:00</FromDate>
              <ToDate>2018-12-31T00:00:00</ToDate>
            </OperatingPeriod>
          </operatingPeriods>
          <dayTypeAssignments>
            <DayTypeAssignment id="VTR:DayTypeAssignment:1797_0" version="1" order="1689">
              <OperatingPeriodRef ref="VTR:OperatingPeriod:1797" version="1"/>
              <DayTypeRef ref="VTR:DayType:1797" version="1"/>
            </DayTypeAssignment>
          </dayTypeAssignments>
        </ServiceCalendarFrame>
        <ServiceFrame id="VTR:ServiceFrame:1399" version="1">
          <Network version="0" id="VTR:Network:31"/>
          <routePoints>
            <RoutePoint version="1" id="VTR:RoutePoint:1313278">
              <projections>
                <PointProjection version="1" id="VTR:PointProjection:63543">
                  <ProjectedPointRef ref="VTR:ScheduledStopPoint:1313278" version="1"/>
                </PointProjection>
              </projections>
            </RoutePoint>
            <RoutePoint version="1" id="VTR:RoutePoint:1313279">
              <projections>
                <PointProjection version="1" id="VTR:PointProjection:63630">
                  <ProjectedPointRef ref="VTR:ScheduledStopPoint:1313279" version="1"/>
                </PointProjection>
              </projections>
            </RoutePoint>
            <RoutePoint version="1" id="VTR:RoutePoint:1313280">
              <projections>
                <PointProjection version="1" id="VTR:PointProjection:63631">
                  <ProjectedPointRef ref="VTR:ScheduledStopPoint:1313280" version="1"/>
                </PointProjection>
              </projections>
            </RoutePoint>
            <RoutePoint version="1" id="VTR:RoutePoint:1313281">
              <projections>
                <PointProjection version="1" id="VTR:PointProjection:63632">
                  <ProjectedPointRef ref="VTR:ScheduledStopPoint:1313281" version="1"/>
                </PointProjection>
              </projections>
            </RoutePoint>
            <RoutePoint version="1" id="VTR:RoutePoint:1313282">
              <projections>
                <PointProjection version="1" id="VTR:PointProjection:63633">
                  <ProjectedPointRef ref="VTR:ScheduledStopPoint:1313282" version="1"/>
                </PointProjection>
              </projections>
            </RoutePoint>
            <RoutePoint version="1" id="VTR:RoutePoint:1313283">
              <projections>
                <PointProjection version="1" id="VTR:PointProjection:63634">
                  <ProjectedPointRef ref="VTR:ScheduledStopPoint:1313283" version="1"/>
                </PointProjection>
              </projections>
            </RoutePoint>
            <RoutePoint version="1" id="VTR:RoutePoint:1313284">
              <projections>
                <PointProjection version="1" id="VTR:PointProjection:63635">
                  <ProjectedPointRef ref="VTR:ScheduledStopPoint:1313284" version="1"/>
                </PointProjection>
              </projections>
            </RoutePoint>
            <RoutePoint version="1" id="VTR:RoutePoint:1313285">
              <projections>
                <PointProjection version="1" id="VTR:PointProjection:63636">
                  <ProjectedPointRef ref="VTR:ScheduledStopPoint:1313285" version="1"/>
                </PointProjection>
              </projections>
            </RoutePoint>
            <RoutePoint version="1" id="VTR:RoutePoint:1313286">
              <projections>
                <PointProjection version="1" id="VTR:PointProjection:63637">
                  <ProjectedPointRef ref="VTR:ScheduledStopPoint:1313286" version="1"/>
                </PointProjection>
              </projections>
            </RoutePoint>
            <RoutePoint version="1" id="VTR:RoutePoint:1313287">
              <projections>
                <PointProjection version="1" id="VTR:PointProjection:63638">
                  <ProjectedPointRef ref="VTR:ScheduledStopPoint:1313287" version="1"/>
                </PointProjection>
              </projections>
            </RoutePoint>
            <RoutePoint version="1" id="VTR:RoutePoint:1313288">
              <projections>
                <PointProjection version="1" id="VTR:PointProjection:63639">
                  <ProjectedPointRef ref="VTR:ScheduledStopPoint:1313288" version="1"/>
                </PointProjection>
              </projections>
            </RoutePoint>
            <RoutePoint version="1" id="VTR:RoutePoint:1313289">
              <projections>
                <PointProjection version="1" id="VTR:PointProjection:63640">
                  <ProjectedPointRef ref="VTR:ScheduledStopPoint:1313289" version="1"/>
                </PointProjection>
              </projections>
            </RoutePoint>
            <RoutePoint version="1" id="VTR:RoutePoint:1313290">
              <projections>
                <PointProjection version="1" id="VTR:PointProjection:63641">
                  <ProjectedPointRef ref="VTR:ScheduledStopPoint:1313290" version="1"/>
                </PointProjection>
              </projections>
            </RoutePoint>
            <RoutePoint version="1" id="VTR:RoutePoint:1313291">
              <projections>
                <PointProjection version="1" id="VTR:PointProjection:63642">
                  <ProjectedPointRef ref="VTR:ScheduledStopPoint:1313291" version="1"/>
                </PointProjection>
              </projections>
            </RoutePoint>
            <RoutePoint version="1" id="VTR:RoutePoint:1313292">
              <projections>
                <PointProjection version="1" id="VTR:PointProjection:63643">
                  <ProjectedPointRef ref="VTR:ScheduledStopPoint:1313292" version="1"/>
                </PointProjection>
              </projections>
            </RoutePoint>
            <RoutePoint version="1" id="VTR:RoutePoint:1313293">
              <projections>
                <PointProjection version="1" id="VTR:PointProjection:63644">
                  <ProjectedPointRef ref="VTR:ScheduledStopPoint:1313293" version="1"/>
                </PointProjection>
              </projections>
            </RoutePoint>
            <RoutePoint version="1" id="VTR:RoutePoint:1313294">
              <projections>
                <PointProjection version="1" id="VTR:PointProjection:63645">
                  <ProjectedPointRef ref="VTR:ScheduledStopPoint:1313294" version="1"/>
                </PointProjection>
              </projections>
            </RoutePoint>
            <RoutePoint version="1" id="VTR:RoutePoint:1313295">
              <projections>
                <PointProjection version="1" id="VTR:PointProjection:60714">
                  <ProjectedPointRef ref="VTR:ScheduledStopPoint:1313295" version="1"/>
                </PointProjection>
              </projections>
            </RoutePoint>
            <RoutePoint version="1" id="VTR:RoutePoint:1313300">
              <projections>
                <PointProjection version="1" id="VTR:PointProjection:60713">
                  <ProjectedPointRef ref="VTR:ScheduledStopPoint:1313300" version="1"/>
                </PointProjection>
              </projections>
            </RoutePoint>
            <RoutePoint version="1" id="VTR:RoutePoint:1313305">
              <projections>
                <PointProjection version="1" id="VTR:PointProjection:60776">
                  <ProjectedPointRef ref="VTR:ScheduledStopPoint:1313305" version="1"/>
                </PointProjection>
              </projections>
            </RoutePoint>
            <RoutePoint version="1" id="VTR:RoutePoint:1313307">
              <projections>
                <PointProjection version="1" id="VTR:PointProjection:60780">
                  <ProjectedPointRef ref="VTR:ScheduledStopPoint:1313307" version="1"/>
                </PointProjection>
              </projections>
            </RoutePoint>
            <RoutePoint version="1" id="VTR:RoutePoint:1313309">
              <projections>
                <PointProjection version="1" id="VTR:PointProjection:60783">
                  <ProjectedPointRef ref="VTR:ScheduledStopPoint:1313309" version="1"/>
                </PointProjection>
              </projections>
            </RoutePoint>
            <RoutePoint version="1" id="VTR:RoutePoint:1313311">
              <projections>
                <PointProjection version="1" id="VTR:PointProjection:60785">
                  <ProjectedPointRef ref="VTR:ScheduledStopPoint:1313311" version="1"/>
                </PointProjection>
              </projections>
            </RoutePoint>
            <RoutePoint version="1" id="VTR:RoutePoint:1313312">
              <projections>
                <PointProjection version="1" id="VTR:PointProjection:60757">
                  <ProjectedPointRef ref="VTR:ScheduledStopPoint:1313312" version="1"/>
                </PointProjection>
              </projections>
            </RoutePoint>
            <RoutePoint version="1" id="VTR:RoutePoint:1313313">
              <projections>
                <PointProjection version="1" id="VTR:PointProjection:60758">
                  <ProjectedPointRef ref="VTR:ScheduledStopPoint:1313313" version="1"/>
                </PointProjection>
              </projections>
            </RoutePoint>
            <RoutePoint version="1" id="VTR:RoutePoint:1313314">
              <projections>
                <PointProjection version="1" id="VTR:PointProjection:60759">
                  <ProjectedPointRef ref="VTR:ScheduledStopPoint:1313314" version="1"/>
                </PointProjection>
              </projections>
            </RoutePoint>
            <RoutePoint version="1" id="VTR:RoutePoint:1313315">
              <projections>
                <PointProjection version="1" id="VTR:PointProjection:60760">
                  <ProjectedPointRef ref="VTR:ScheduledStopPoint:1313315" version="1"/>
                </PointProjection>
              </projections>
            </RoutePoint>
            <RoutePoint version="1" id="VTR:RoutePoint:1313316">
              <projections>
                <PointProjection version="1" id="VTR:PointProjection:60761">
                  <ProjectedPointRef ref="VTR:ScheduledStopPoint:1313316" version="1"/>
                </PointProjection>
              </projections>
            </RoutePoint>
            <RoutePoint version="1" id="VTR:RoutePoint:1313317">
              <projections>
                <PointProjection version="1" id="VTR:PointProjection:60762">
                  <ProjectedPointRef ref="VTR:ScheduledStopPoint:1313317" version="1"/>
                </PointProjection>
              </projections>
            </RoutePoint>
            <RoutePoint version="1" id="VTR:RoutePoint:1313318">
              <projections>
                <PointProjection version="1" id="VTR:PointProjection:60763">
                  <ProjectedPointRef ref="VTR:ScheduledStopPoint:1313318" version="1"/>
                </PointProjection>
              </projections>
            </RoutePoint>
            <RoutePoint version="1" id="VTR:RoutePoint:1313319">
              <projections>
                <PointProjection version="1" id="VTR:PointProjection:60764">
                  <ProjectedPointRef ref="VTR:ScheduledStopPoint:1313319" version="1"/>
                </PointProjection>
              </projections>
            </RoutePoint>
            <RoutePoint version="1" id="VTR:RoutePoint:1313320">
              <projections>
                <PointProjection version="1" id="VTR:PointProjection:60765">
                  <ProjectedPointRef ref="VTR:ScheduledStopPoint:1313320" version="1"/>
                </PointProjection>
              </projections>
            </RoutePoint>
            <RoutePoint version="1" id="VTR:RoutePoint:1313321">
              <projections>
                <PointProjection version="1" id="VTR:PointProjection:60766">
                  <ProjectedPointRef ref="VTR:ScheduledStopPoint:1313321" version="1"/>
                </PointProjection>
              </projections>
            </RoutePoint>
            <RoutePoint version="1" id="VTR:RoutePoint:1313322">
              <projections>
                <PointProjection version="1" id="VTR:PointProjection:60767">
                  <ProjectedPointRef ref="VTR:ScheduledStopPoint:1313322" version="1"/>
                </PointProjection>
              </projections>
            </RoutePoint>
          </routePoints>
          <routes>
            <Route version="1" id="VTR:Route:17362">
              <Name>Telšiai- Biržuvėnai-Upyna</Name>
              <ShortName>Telšiai- Biržuvėnai-Upyna</ShortName>
              <LineRef ref="VTR:Line:6147" version="7742"/>
              <DirectionType>outbound</DirectionType>
              <pointsInSequence>
                <PointOnRoute version="1" id="VTR:PointOnRoute:1313278" order="1">
                  <RoutePointRef ref="VTR:RoutePoint:1313278"/>
                </PointOnRoute>
                <PointOnRoute version="1" id="VTR:PointOnRoute:1313279" order="2">
                  <RoutePointRef ref="VTR:RoutePoint:1313279"/>
                </PointOnRoute>
                <PointOnRoute version="1" id="VTR:PointOnRoute:1313280" order="3">
                  <RoutePointRef ref="VTR:RoutePoint:1313280"/>
                </PointOnRoute>
                <PointOnRoute version="1" id="VTR:PointOnRoute:1313281" order="4">
                  <RoutePointRef ref="VTR:RoutePoint:1313281"/>
                </PointOnRoute>
                <PointOnRoute version="1" id="VTR:PointOnRoute:1313282" order="5">
                  <RoutePointRef ref="VTR:RoutePoint:1313282"/>
                </PointOnRoute>
                <PointOnRoute version="1" id="VTR:PointOnRoute:1313283" order="6">
                  <RoutePointRef ref="VTR:RoutePoint:1313283"/>
                </PointOnRoute>
                <PointOnRoute version="1" id="VTR:PointOnRoute:1313284" order="7">
                  <RoutePointRef ref="VTR:RoutePoint:1313284"/>
                </PointOnRoute>
                <PointOnRoute version="1" id="VTR:PointOnRoute:1313285" order="8">
                  <RoutePointRef ref="VTR:RoutePoint:1313285"/>
                </PointOnRoute>
                <PointOnRoute version="1" id="VTR:PointOnRoute:1313286" order="9">
                  <RoutePointRef ref="VTR:RoutePoint:1313286"/>
                </PointOnRoute>
                <PointOnRoute version="1" id="VTR:PointOnRoute:1313287" order="10">
                  <RoutePointRef ref="VTR:RoutePoint:1313287"/>
                </PointOnRoute>
                <PointOnRoute version="1" id="VTR:PointOnRoute:1313288" order="11">
                  <RoutePointRef ref="VTR:RoutePoint:1313288"/>
                </PointOnRoute>
                <PointOnRoute version="1" id="VTR:PointOnRoute:1313289" order="12">
                  <RoutePointRef ref="VTR:RoutePoint:1313289"/>
                </PointOnRoute>
                <PointOnRoute version="1" id="VTR:PointOnRoute:1313290" order="13">
                  <RoutePointRef ref="VTR:RoutePoint:1313290"/>
                </PointOnRoute>
                <PointOnRoute version="1" id="VTR:PointOnRoute:1313291" order="14">
                  <RoutePointRef ref="VTR:RoutePoint:1313291"/>
                </PointOnRoute>
                <PointOnRoute version="1" id="VTR:PointOnRoute:1313292" order="15">
                  <RoutePointRef ref="VTR:RoutePoint:1313292"/>
                </PointOnRoute>
                <PointOnRoute version="1" id="VTR:PointOnRoute:1313293" order="16">
                  <RoutePointRef ref="VTR:RoutePoint:1313293"/>
                </PointOnRoute>
                <PointOnRoute version="1" id="VTR:PointOnRoute:1313294" order="17">
                  <RoutePointRef ref="VTR:RoutePoint:1313294"/>
                </PointOnRoute>
              </pointsInSequence>
            </Route>
            <Route version="1" id="VTR:Route:17365">
              <Name>Upyna -Biržuvėnai-Telšiai</Name>
              <ShortName>Upyna -Biržuvėnai-Telšiai</ShortName>
              <LineRef ref="VTR:Line:6147" version="7742"/>
              <DirectionType>inbound</DirectionType>
              <pointsInSequence>
                <PointOnRoute version="1" id="VTR:PointOnRoute:1313311" order="1">
                  <RoutePointRef ref="VTR:RoutePoint:1313311"/>
                </PointOnRoute>
                <PointOnRoute version="1" id="VTR:PointOnRoute:1313312" order="2">
                  <RoutePointRef ref="VTR:RoutePoint:1313312"/>
                </PointOnRoute>
                <PointOnRoute version="1" id="VTR:PointOnRoute:1313309" order="3">
                  <RoutePointRef ref="VTR:RoutePoint:1313309"/>
                </PointOnRoute>
                <PointOnRoute version="1" id="VTR:PointOnRoute:1313313" order="4">
                  <RoutePointRef ref="VTR:RoutePoint:1313313"/>
                </PointOnRoute>
                <PointOnRoute version="1" id="VTR:PointOnRoute:1313307" order="5">
                  <RoutePointRef ref="VTR:RoutePoint:1313307"/>
                </PointOnRoute>
                <PointOnRoute version="1" id="VTR:PointOnRoute:1313305" order="6">
                  <RoutePointRef ref="VTR:RoutePoint:1313305"/>
                </PointOnRoute>
                <PointOnRoute version="1" id="VTR:PointOnRoute:1313314" order="7">
                  <RoutePointRef ref="VTR:RoutePoint:1313314"/>
                </PointOnRoute>
                <PointOnRoute version="1" id="VTR:PointOnRoute:1313315" order="8">
                  <RoutePointRef ref="VTR:RoutePoint:1313315"/>
                </PointOnRoute>
                <PointOnRoute version="1" id="VTR:PointOnRoute:1313316" order="9">
                  <RoutePointRef ref="VTR:RoutePoint:1313316"/>
                </PointOnRoute>
                <PointOnRoute version="1" id="VTR:PointOnRoute:1313317" order="10">
                  <RoutePointRef ref="VTR:RoutePoint:1313317"/>
                </PointOnRoute>
                <PointOnRoute version="1" id="VTR:PointOnRoute:1313318" order="11">
                  <RoutePointRef ref="VTR:RoutePoint:1313318"/>
                </PointOnRoute>
                <PointOnRoute version="1" id="VTR:PointOnRoute:1313300" order="12">
                  <RoutePointRef ref="VTR:RoutePoint:1313300"/>
                </PointOnRoute>
                <PointOnRoute version="1" id="VTR:PointOnRoute:1313319" order="13">
                  <RoutePointRef ref="VTR:RoutePoint:1313319"/>
                </PointOnRoute>
                <PointOnRoute version="1" id="VTR:PointOnRoute:1313320" order="14">
                  <RoutePointRef ref="VTR:RoutePoint:1313320"/>
                </PointOnRoute>
                <PointOnRoute version="1" id="VTR:PointOnRoute:1313321" order="15">
                  <RoutePointRef ref="VTR:RoutePoint:1313321"/>
                </PointOnRoute>
                <PointOnRoute version="1" id="VTR:PointOnRoute:1313322" order="16">
                  <RoutePointRef ref="VTR:RoutePoint:1313322"/>
                </PointOnRoute>
                <PointOnRoute version="1" id="VTR:PointOnRoute:1313295" order="17">
                  <RoutePointRef ref="VTR:RoutePoint:1313295"/>
                </PointOnRoute>
              </pointsInSequence>
            </Route>
          </routes>
          <lines>
            <Line version="7742" id="VTR:Line:6147">
              <Name>Telšiai- Biržuvėnai-Upyna</Name>
              <TransportMode>bus</TransportMode>
              <TransportSubmode>
                <BusSubmode>regionalBus</BusSubmode>
              </TransportSubmode>
              <PublicCode>78</PublicCode>
              <OperatorRef ref="VTR:Operator:31"/>
            </Line>
          </lines>
          <scheduledStopPoints>
            <ScheduledStopPoint version="1" id="VTR:ScheduledStopPoint:1313278">
              <Name>Telšių autobusų stotis</Name>
            </ScheduledStopPoint>
            <ScheduledStopPoint version="1" id="VTR:ScheduledStopPoint:1313279">
              <Name>Malūnas</Name>
            </ScheduledStopPoint>
            <ScheduledStopPoint version="1" id="VTR:ScheduledStopPoint:1313280">
              <Name>Paežerė</Name>
            </ScheduledStopPoint>
            <ScheduledStopPoint version="1" id="VTR:ScheduledStopPoint:1313281">
              <Name>Rainiai</Name>
            </ScheduledStopPoint>
            <ScheduledStopPoint version="1" id="VTR:ScheduledStopPoint:1313282">
              <Name>Plepai</Name>
            </ScheduledStopPoint>
            <ScheduledStopPoint version="1" id="VTR:ScheduledStopPoint:1313283">
              <Name>Viešvėnai</Name>
            </ScheduledStopPoint>
            <ScheduledStopPoint version="1" id="VTR:ScheduledStopPoint:1313284">
              <Name>Nekrošiškiai</Name>
            </ScheduledStopPoint>
            <ScheduledStopPoint version="1" id="VTR:ScheduledStopPoint:1313285">
              <Name>Gečai</Name>
            </ScheduledStopPoint>
            <ScheduledStopPoint version="1" id="VTR:ScheduledStopPoint:1313286">
              <Name>Patumšaliai</Name>
            </ScheduledStopPoint>
            <ScheduledStopPoint version="1" id="VTR:ScheduledStopPoint:1313287">
              <Name>Jokšai</Name>
            </ScheduledStopPoint>
            <ScheduledStopPoint version="1" id="VTR:ScheduledStopPoint:1313288">
              <Name>Biržuvėnai</Name>
            </ScheduledStopPoint>
            <ScheduledStopPoint version="1" id="VTR:ScheduledStopPoint:1313289">
              <Name>Jokšai</Name>
            </ScheduledStopPoint>
            <ScheduledStopPoint version="1" id="VTR:ScheduledStopPoint:1313290">
              <Name>Luokė</Name>
            </ScheduledStopPoint>
            <ScheduledStopPoint version="1" id="VTR:ScheduledStopPoint:1313291">
              <Name>Dirvonėnai</Name>
            </ScheduledStopPoint>
            <ScheduledStopPoint version="1" id="VTR:ScheduledStopPoint:1313292">
              <Name>Kirkliai</Name>
            </ScheduledStopPoint>
            <ScheduledStopPoint version="1" id="VTR:ScheduledStopPoint:1313293">
              <Name>Žeimuvėnai</Name>
            </ScheduledStopPoint>
            <ScheduledStopPoint version="1" id="VTR:ScheduledStopPoint:1313294">
              <Name>Upyna</Name>
            </ScheduledStopPoint>
            <ScheduledStopPoint version="1" id="VTR:ScheduledStopPoint:1313295">
              <Name>Telšių autobusų stotis</Name>
            </ScheduledStopPoint>
            <ScheduledStopPoint version="1" id="VTR:ScheduledStopPoint:1313300">
              <Name>Viešvėnai</Name>
            </ScheduledStopPoint>
            <ScheduledStopPoint version="1" id="VTR:ScheduledStopPoint:1313305">
              <Name>Biržuvėnai</Name>
            </ScheduledStopPoint>
            <ScheduledStopPoint version="1" id="VTR:ScheduledStopPoint:1313307">
              <Name>Luokė</Name>
            </ScheduledStopPoint>
            <ScheduledStopPoint version="1" id="VTR:ScheduledStopPoint:1313309">
              <Name>Kirkliai</Name>
            </ScheduledStopPoint>
            <ScheduledStopPoint version="1" id="VTR:ScheduledStopPoint:1313311">
              <Name>Upyna</Name>
            </ScheduledStopPoint>
            <ScheduledStopPoint version="1" id="VTR:ScheduledStopPoint:1313312">
              <Name>Žeimuvėnai</Name>
            </ScheduledStopPoint>
            <ScheduledStopPoint version="1" id="VTR:ScheduledStopPoint:1313313">
              <Name>Dirvonėnai</Name>
            </ScheduledStopPoint>
            <ScheduledStopPoint version="1" id="VTR:ScheduledStopPoint:1313314">
              <Name>Jokšai</Name>
            </ScheduledStopPoint>
            <ScheduledStopPoint version="1" id="VTR:ScheduledStopPoint:1313315">
              <Name>Jokšai</Name>
            </ScheduledStopPoint>
            <ScheduledStopPoint version="1" id="VTR:ScheduledStopPoint:1313316">
              <Name>Patumšaliai</Name>
            </ScheduledStopPoint>
            <ScheduledStopPoint version="1" id="VTR:ScheduledStopPoint:1313317">
              <Name>Gečai</Name>
            </ScheduledStopPoint>
            <ScheduledStopPoint version="1" id="VTR:ScheduledStopPoint:1313318">
              <Name>Nekrošiškiai</Name>
            </ScheduledStopPoint>
            <ScheduledStopPoint version="1" id="VTR:ScheduledStopPoint:1313319">
              <Name>Plepai</Name>
            </ScheduledStopPoint>
            <ScheduledStopPoint version="1" id="VTR:ScheduledStopPoint:1313320">
              <Name>Rainiai II</Name>
            </ScheduledStopPoint>
            <ScheduledStopPoint version="1" id="VTR:ScheduledStopPoint:1313321">
              <Name>Paežerė</Name>
            </ScheduledStopPoint>
            <ScheduledStopPoint version="1" id="VTR:ScheduledStopPoint:1313322">
              <Name>Tulpė</Name>
            </ScheduledStopPoint>
          </scheduledStopPoints>
          <serviceLinks>
            <ServiceLink id="VTR:ServiceLink:1313319_1_1313320_1" version="1">
              <Distance>1</Distance>
              <FromPointRef ref="VTR:ScheduledStopPoint:1313319" version="1"/>
              <ToPointRef ref="VTR:ScheduledStopPoint:1313320" version="1"/>
            </ServiceLink>
            <ServiceLink id="VTR:ServiceLink:1313300_1_1313319_1" version="1">
              <Distance>1</Distance>
              <FromPointRef ref="VTR:ScheduledStopPoint:1313300" version="1"/>
              <ToPointRef ref="VTR:ScheduledStopPoint:1313319" version="1"/>
            </ServiceLink>
            <ServiceLink id="VTR:ServiceLink:1313305_1_1313314_1" version="1">
              <Distance>2</Distance>
              <FromPointRef ref="VTR:ScheduledStopPoint:1313305" version="1"/>
              <ToPointRef ref="VTR:ScheduledStopPoint:1313314" version="1"/>
            </ServiceLink>
            <ServiceLink id="VTR:ServiceLink:1313288_1_1313289_1" version="1">
              <Distance>2</Distance>
              <FromPointRef ref="VTR:ScheduledStopPoint:1313288" version="1"/>
              <ToPointRef ref="VTR:ScheduledStopPoint:1313289" version="1"/>
            </ServiceLink>
            <ServiceLink id="VTR:ServiceLink:1313286_1_1313287_1" version="1">
              <Distance>2</Distance>
              <FromPointRef ref="VTR:ScheduledStopPoint:1313286" version="1"/>
              <ToPointRef ref="VTR:ScheduledStopPoint:1313287" version="1"/>
            </ServiceLink>
            <ServiceLink id="VTR:ServiceLink:1313290_1_1313291_1" version="1">
              <Distance>4</Distance>
              <FromPointRef ref="VTR:ScheduledStopPoint:1313290" version="1"/>
              <ToPointRef ref="VTR:ScheduledStopPoint:1313291" version="1"/>
            </ServiceLink>
            <ServiceLink id="VTR:ServiceLink:1313307_1_1313305_1" version="1">
              <Distance>5</Distance>
              <FromPointRef ref="VTR:ScheduledStopPoint:1313307" version="1"/>
              <ToPointRef ref="VTR:ScheduledStopPoint:1313305" version="1"/>
            </ServiceLink>
            <ServiceLink id="VTR:ServiceLink:1313318_1_1313300_1" version="1">
              <Distance>2</Distance>
              <FromPointRef ref="VTR:ScheduledStopPoint:1313318" version="1"/>
              <ToPointRef ref="VTR:ScheduledStopPoint:1313300" version="1"/>
            </ServiceLink>
            <ServiceLink id="VTR:ServiceLink:1313292_1_1313293_1" version="1">
              <Distance>2</Distance>
              <FromPointRef ref="VTR:ScheduledStopPoint:1313292" version="1"/>
              <ToPointRef ref="VTR:ScheduledStopPoint:1313293" version="1"/>
            </ServiceLink>
            <ServiceLink id="VTR:ServiceLink:1313316_1_1313317_1" version="1">
              <Distance>2</Distance>
              <FromPointRef ref="VTR:ScheduledStopPoint:1313316" version="1"/>
              <ToPointRef ref="VTR:ScheduledStopPoint:1313317" version="1"/>
            </ServiceLink>
            <ServiceLink id="VTR:ServiceLink:1313315_1_1313316_1" version="1">
              <Distance>2</Distance>
              <FromPointRef ref="VTR:ScheduledStopPoint:1313315" version="1"/>
              <ToPointRef ref="VTR:ScheduledStopPoint:1313316" version="1"/>
            </ServiceLink>
            <ServiceLink id="VTR:ServiceLink:1313309_1_1313313_1" version="1">
              <Distance>1</Distance>
              <FromPointRef ref="VTR:ScheduledStopPoint:1313309" version="1"/>
              <ToPointRef ref="VTR:ScheduledStopPoint:1313313" version="1"/>
            </ServiceLink>
            <ServiceLink id="VTR:ServiceLink:1313285_1_1313286_1" version="1">
              <Distance>2</Distance>
              <FromPointRef ref="VTR:ScheduledStopPoint:1313285" version="1"/>
              <ToPointRef ref="VTR:ScheduledStopPoint:1313286" version="1"/>
            </ServiceLink>
            <ServiceLink id="VTR:ServiceLink:1313317_1_1313318_1" version="1">
              <Distance>2</Distance>
              <FromPointRef ref="VTR:ScheduledStopPoint:1313317" version="1"/>
              <ToPointRef ref="VTR:ScheduledStopPoint:1313318" version="1"/>
            </ServiceLink>
            <ServiceLink id="VTR:ServiceLink:1313280_1_1313281_1" version="1">
              <Distance>1</Distance>
              <FromPointRef ref="VTR:ScheduledStopPoint:1313280" version="1"/>
              <ToPointRef ref="VTR:ScheduledStopPoint:1313281" version="1"/>
            </ServiceLink>
            <ServiceLink id="VTR:ServiceLink:1313311_1_1313312_1" version="1">
              <Distance>1</Distance>
              <FromPointRef ref="VTR:ScheduledStopPoint:1313311" version="1"/>
              <ToPointRef ref="VTR:ScheduledStopPoint:1313312" version="1"/>
            </ServiceLink>
            <ServiceLink id="VTR:ServiceLink:1313312_1_1313309_1" version="1">
              <Distance>2</Distance>
              <FromPointRef ref="VTR:ScheduledStopPoint:1313312" version="1"/>
              <ToPointRef ref="VTR:ScheduledStopPoint:1313309" version="1"/>
            </ServiceLink>
            <ServiceLink id="VTR:ServiceLink:1313322_1_1313295_1" version="1">
              <Distance>1</Distance>
              <FromPointRef ref="VTR:ScheduledStopPoint:1313322" version="1"/>
              <ToPointRef ref="VTR:ScheduledStopPoint:1313295" version="1"/>
            </ServiceLink>
            <ServiceLink id="VTR:ServiceLink:1313278_1_1313279_1" version="1">
              <Distance>1</Distance>
              <FromPointRef ref="VTR:ScheduledStopPoint:1313278" version="1"/>
              <ToPointRef ref="VTR:ScheduledStopPoint:1313279" version="1"/>
            </ServiceLink>
            <ServiceLink id="VTR:ServiceLink:1313284_1_1313285_1" version="1">
              <Distance>2</Distance>
              <FromPointRef ref="VTR:ScheduledStopPoint:1313284" version="1"/>
              <ToPointRef ref="VTR:ScheduledStopPoint:1313285" version="1"/>
            </ServiceLink>
            <ServiceLink id="VTR:ServiceLink:1313320_1_1313321_1" version="1">
              <Distance>1</Distance>
              <FromPointRef ref="VTR:ScheduledStopPoint:1313320" version="1"/>
              <ToPointRef ref="VTR:ScheduledStopPoint:1313321" version="1"/>
            </ServiceLink>
            <ServiceLink id="VTR:ServiceLink:1313314_1_1313315_1" version="1">
              <Distance>1</Distance>
              <FromPointRef ref="VTR:ScheduledStopPoint:1313314" version="1"/>
              <ToPointRef ref="VTR:ScheduledStopPoint:1313315" version="1"/>
            </ServiceLink>
            <ServiceLink id="VTR:ServiceLink:1313291_1_1313292_1" version="1">
              <Distance>1</Distance>
              <FromPointRef ref="VTR:ScheduledStopPoint:1313291" version="1"/>
              <ToPointRef ref="VTR:ScheduledStopPoint:1313292" version="1"/>
            </ServiceLink>
            <ServiceLink id="VTR:ServiceLink:1313321_1_1313322_1" version="1">
              <Distance>3</Distance>
              <FromPointRef ref="VTR:ScheduledStopPoint:1313321" version="1"/>
              <ToPointRef ref="VTR:ScheduledStopPoint:1313322" version="1"/>
            </ServiceLink>
            <ServiceLink id="VTR:ServiceLink:1313281_1_1313282_1" version="1">
              <Distance>1</Distance>
              <FromPointRef ref="VTR:ScheduledStopPoint:1313281" version="1"/>
              <ToPointRef ref="VTR:ScheduledStopPoint:1313282" version="1"/>
            </ServiceLink>
            <ServiceLink id="VTR:ServiceLink:1313293_1_1313294_1" version="1">
              <Distance>0</Distance>
              <FromPointRef ref="VTR:ScheduledStopPoint:1313293" version="1"/>
              <ToPointRef ref="VTR:ScheduledStopPoint:1313294" version="1"/>
            </ServiceLink>
            <ServiceLink id="VTR:ServiceLink:1313289_1_1313290_1" version="1">
              <Distance>3</Distance>
              <FromPointRef ref="VTR:ScheduledStopPoint:1313289" version="1"/>
              <ToPointRef ref="VTR:ScheduledStopPoint:1313290" version="1"/>
            </ServiceLink>
            <ServiceLink id="VTR:ServiceLink:1313282_1_1313283_1" version="1">
              <Distance>1</Distance>
              <FromPointRef ref="VTR:ScheduledStopPoint:1313282" version="1"/>
              <ToPointRef ref="VTR:ScheduledStopPoint:1313283" version="1"/>
            </ServiceLink>
            <ServiceLink id="VTR:ServiceLink:1313287_1_1313288_1" version="1">
              <Distance>3</Distance>
              <FromPointRef ref="VTR:ScheduledStopPoint:1313287" version="1"/>
              <ToPointRef ref="VTR:ScheduledStopPoint:1313288" version="1"/>
            </ServiceLink>
            <ServiceLink id="VTR:ServiceLink:1313313_1_1313307_1" version="1">
              <Distance>4</Distance>
              <FromPointRef ref="VTR:ScheduledStopPoint:1313313" version="1"/>
              <ToPointRef ref="VTR:ScheduledStopPoint:1313307" version="1"/>
            </ServiceLink>
            <ServiceLink id="VTR:ServiceLink:1313279_1_1313280_1" version="1">
              <Distance>2</Distance>
              <FromPointRef ref="VTR:ScheduledStopPoint:1313279" version="1"/>
              <ToPointRef ref="VTR:ScheduledStopPoint:1313280" version="1"/>
            </ServiceLink>
            <ServiceLink id="VTR:ServiceLink:1313283_1_1313284_1" version="1">
              <Distance>2</Distance>
              <FromPointRef ref="VTR:ScheduledStopPoint:1313283" version="1"/>
              <ToPointRef ref="VTR:ScheduledStopPoint:1313284" version="1"/>
            </ServiceLink>
          </serviceLinks>
          <stopAssignments>
            <PassengerStopAssignment order="1736200000" id="VTR:PassengerStopAssignment:1313278" version="1">
              <ScheduledStopPointRef ref="VTR:ScheduledStopPoint:1313278" version="1"/>
              <QuayRef ref="VTR:Quay:19451"/>
            </PassengerStopAssignment>
            <PassengerStopAssignment order="1736200001" id="VTR:PassengerStopAssignment:1313279" version="1">
              <ScheduledStopPointRef ref="VTR:ScheduledStopPoint:1313279" version="1"/>
              <QuayRef ref="VTR:Quay:14683"/>
            </PassengerStopAssignment>
            <PassengerStopAssignment order="1736200002" id="VTR:PassengerStopAssignment:1313280" version="1">
              <ScheduledStopPointRef ref="VTR:ScheduledStopPoint:1313280" version="1"/>
              <QuayRef ref="VTR:Quay:10192"/>
            </PassengerStopAssignment>
            <PassengerStopAssignment order="1736200003" id="VTR:PassengerStopAssignment:1313281" version="1">
              <ScheduledStopPointRef ref="VTR:ScheduledStopPoint:1313281" version="1"/>
              <QuayRef ref="VTR:Quay:11172"/>
            </PassengerStopAssignment>
            <PassengerStopAssignment order="1736200004" id="VTR:PassengerStopAssignment:1313282" version="1">
              <ScheduledStopPointRef ref="VTR:ScheduledStopPoint:1313282" version="1"/>
              <QuayRef ref="VTR:Quay:11188"/>
            </PassengerStopAssignment>
            <PassengerStopAssignment order="1736200005" id="VTR:PassengerStopAssignment:1313283" version="1">
              <ScheduledStopPointRef ref="VTR:ScheduledStopPoint:1313283" version="1"/>
              <QuayRef ref="VTR:Quay:8303"/>
            </PassengerStopAssignment>
            <PassengerStopAssignment order="1736200006" id="VTR:PassengerStopAssignment:1313284" version="1">
              <ScheduledStopPointRef ref="VTR:ScheduledStopPoint:1313284" version="1"/>
              <QuayRef ref="VTR:Quay:7372"/>
            </PassengerStopAssignment>
            <PassengerStopAssignment order="1736200007" id="VTR:PassengerStopAssignment:1313285" version="1">
              <ScheduledStopPointRef ref="VTR:ScheduledStopPoint:1313285" version="1"/>
              <QuayRef ref="VTR:Quay:8290"/>
            </PassengerStopAssignment>
            <PassengerStopAssignment order="1736200008" id="VTR:PassengerStopAssignment:1313286" version="1">
              <ScheduledStopPointRef ref="VTR:ScheduledStopPoint:1313286" version="1"/>
              <QuayRef ref="VTR:Quay:16239"/>
            </PassengerStopAssignment>
            <PassengerStopAssignment order="1736200009" id="VTR:PassengerStopAssignment:1313287" version="1">
              <ScheduledStopPointRef ref="VTR:ScheduledStopPoint:1313287" version="1"/>
              <QuayRef ref="VTR:Quay:6555"/>
            </PassengerStopAssignment>
            <PassengerStopAssignment order="1736200010" id="VTR:PassengerStopAssignment:1313288" version="1">
              <ScheduledStopPointRef ref="VTR:ScheduledStopPoint:1313288" version="1"/>
              <QuayRef ref="VTR:Quay:21472"/>
            </PassengerStopAssignment>
            <PassengerStopAssignment order="1736200011" id="VTR:PassengerStopAssignment:1313289" version="1">
              <ScheduledStopPointRef ref="VTR:ScheduledStopPoint:1313289" version="1"/>
              <QuayRef ref="VTR:Quay:16517"/>
            </PassengerStopAssignment>
            <PassengerStopAssignment order="1736200012" id="VTR:PassengerStopAssignment:1313290" version="1">
              <ScheduledStopPointRef ref="VTR:ScheduledStopPoint:1313290" version="1"/>
              <QuayRef ref="VTR:Quay:20726"/>
            </PassengerStopAssignment>
            <PassengerStopAssignment order="1736200013" id="VTR:PassengerStopAssignment:1313291" version="1">
              <ScheduledStopPointRef ref="VTR:ScheduledStopPoint:1313291" version="1"/>
              <QuayRef ref="VTR:Quay:9363"/>
            </PassengerStopAssignment>
            <PassengerStopAssignment order="1736200014" id="VTR:PassengerStopAssignment:1313292" version="1">
              <ScheduledStopPointRef ref="VTR:ScheduledStopPoint:1313292" version="1"/>
              <QuayRef ref="VTR:Quay:14250"/>
            </PassengerStopAssignment>
            <PassengerStopAssignment order="1736200015" id="VTR:PassengerStopAssignment:1313293" version="1">
              <ScheduledStopPointRef ref="VTR:ScheduledStopPoint:1313293" version="1"/>
              <QuayRef ref="VTR:Quay:15348"/>
            </PassengerStopAssignment>
            <PassengerStopAssignment order="1736200016" id="VTR:PassengerStopAssignment:1313294" version="1">
              <ScheduledStopPointRef ref="VTR:ScheduledStopPoint:1313294" version="1"/>
              <QuayRef ref="VTR:Quay:8299"/>
            </PassengerStopAssignment>
            <PassengerStopAssignment order="1736500000" id="VTR:PassengerStopAssignment:1313311" version="1">
              <ScheduledStopPointRef ref="VTR:ScheduledStopPoint:1313311" version="1"/>
              <QuayRef ref="VTR:Quay:8299"/>
            </PassengerStopAssignment>
            <PassengerStopAssignment order="1736500001" id="VTR:PassengerStopAssignment:1313312" version="1">
              <ScheduledStopPointRef ref="VTR:ScheduledStopPoint:1313312" version="1"/>
              <QuayRef ref="VTR:Quay:6455"/>
            </PassengerStopAssignment>
            <PassengerStopAssignment order="1736500002" id="VTR:PassengerStopAssignment:1313309" version="1">
              <ScheduledStopPointRef ref="VTR:ScheduledStopPoint:1313309" version="1"/>
              <QuayRef ref="VTR:Quay:14250"/>
            </PassengerStopAssignment>
            <PassengerStopAssignment order="1736500003" id="VTR:PassengerStopAssignment:1313313" version="1">
              <ScheduledStopPointRef ref="VTR:ScheduledStopPoint:1313313" version="1"/>
              <QuayRef ref="VTR:Quay:9349"/>
            </PassengerStopAssignment>
            <PassengerStopAssignment order="1736500004" id="VTR:PassengerStopAssignment:1313307" version="1">
              <ScheduledStopPointRef ref="VTR:ScheduledStopPoint:1313307" version="1"/>
              <QuayRef ref="VTR:Quay:20726"/>
            </PassengerStopAssignment>
            <PassengerStopAssignment order="1736500005" id="VTR:PassengerStopAssignment:1313305" version="1">
              <ScheduledStopPointRef ref="VTR:ScheduledStopPoint:1313305" version="1"/>
              <QuayRef ref="VTR:Quay:21472"/>
            </PassengerStopAssignment>
            <PassengerStopAssignment order="1736500006" id="VTR:PassengerStopAssignment:1313314" version="1">
              <ScheduledStopPointRef ref="VTR:ScheduledStopPoint:1313314" version="1"/>
              <QuayRef ref="VTR:Quay:11490"/>
            </PassengerStopAssignment>
            <PassengerStopAssignment order="1736500007" id="VTR:PassengerStopAssignment:1313315" version="1">
              <ScheduledStopPointRef ref="VTR:ScheduledStopPoint:1313315" version="1"/>
              <QuayRef ref="VTR:Quay:12535"/>
            </PassengerStopAssignment>
            <PassengerStopAssignment order="1736500008" id="VTR:PassengerStopAssignment:1313316" version="1">
              <ScheduledStopPointRef ref="VTR:ScheduledStopPoint:1313316" version="1"/>
              <QuayRef ref="VTR:Quay:11232"/>
            </PassengerStopAssignment>
            <PassengerStopAssignment order="1736500009" id="VTR:PassengerStopAssignment:1313317" version="1">
              <ScheduledStopPointRef ref="VTR:ScheduledStopPoint:1313317" version="1"/>
              <QuayRef ref="VTR:Quay:8326"/>
            </PassengerStopAssignment>
            <PassengerStopAssignment order="1736500010" id="VTR:PassengerStopAssignment:1313318" version="1">
              <ScheduledStopPointRef ref="VTR:ScheduledStopPoint:1313318" version="1"/>
              <QuayRef ref="VTR:Quay:14252"/>
            </PassengerStopAssignment>
            <PassengerStopAssignment order="1736500011" id="VTR:PassengerStopAssignment:1313300" version="1">
              <ScheduledStopPointRef ref="VTR:ScheduledStopPoint:1313300" version="1"/>
              <QuayRef ref="VTR:Quay:8303"/>
            </PassengerStopAssignment>
            <PassengerStopAssignment order="1736500012" id="VTR:PassengerStopAssignment:1313319" version="1">
              <ScheduledStopPointRef ref="VTR:ScheduledStopPoint:1313319" version="1"/>
              <QuayRef ref="VTR:Quay:6424"/>
            </PassengerStopAssignment>
            <PassengerStopAssignment order="1736500013" id="VTR:PassengerStopAssignment:1313320" version="1">
              <ScheduledStopPointRef ref="VTR:ScheduledStopPoint:1313320" version="1"/>
              <QuayRef ref="VTR:Quay:21098"/>
            </PassengerStopAssignment>
            <PassengerStopAssignment order="1736500014" id="VTR:PassengerStopAssignment:1313321" version="1">
              <ScheduledStopPointRef ref="VTR:ScheduledStopPoint:1313321" version="1"/>
              <QuayRef ref="VTR:Quay:13265"/>
            </PassengerStopAssignment>
            <PassengerStopAssignment order="1736500015" id="VTR:PassengerStopAssignment:1313322" version="1">
              <ScheduledStopPointRef ref="VTR:ScheduledStopPoint:1313322" version="1"/>
              <QuayRef ref="VTR:Quay:21257"/>
            </PassengerStopAssignment>
            <PassengerStopAssignment order="1736500016" id="VTR:PassengerStopAssignment:1313295" version="1">
              <ScheduledStopPointRef ref="VTR:ScheduledStopPoint:1313295" version="1"/>
              <QuayRef ref="VTR:Quay:19451"/>
            </PassengerStopAssignment>
          </stopAssignments>
          <journeyPatterns>
            <JourneyPattern id="VTR:JourneyPattern:2617958" version="2619864">
              <Name>2</Name>
              <RouteRef ref="VTR:Route:17365" version="1"/>
              <pointsInSequence>
                <StopPointInJourneyPattern id="VTR:StopPointInJourneyPattern:94370261" version="2619864" order="1">
                  <ScheduledStopPointRef ref="VTR:ScheduledStopPoint:1313311"/>
                  <ForAlighting>false</ForAlighting>
                  <DestinationDisplayRef ref="VTR:DestinationDisplay:1"/>
                </StopPointInJourneyPattern>
                <StopPointInJourneyPattern id="VTR:StopPointInJourneyPattern:94370262" version="2619864" order="2">
                  <ScheduledStopPointRef ref="VTR:ScheduledStopPoint:1313312"/>
                  <DestinationDisplayRef ref="VTR:DestinationDisplay:1"/>
                </StopPointInJourneyPattern>
                <StopPointInJourneyPattern id="VTR:StopPointInJourneyPattern:94370263" version="2619864" order="3">
                  <ScheduledStopPointRef ref="VTR:ScheduledStopPoint:1313309"/>
                  <DestinationDisplayRef ref="VTR:DestinationDisplay:1"/>
                </StopPointInJourneyPattern>
                <StopPointInJourneyPattern id="VTR:StopPointInJourneyPattern:94370264" version="2619864" order="4">
                  <ScheduledStopPointRef ref="VTR:ScheduledStopPoint:1313313"/>
                  <DestinationDisplayRef ref="VTR:DestinationDisplay:1"/>
                </StopPointInJourneyPattern>
                <StopPointInJourneyPattern id="VTR:StopPointInJourneyPattern:94370265" version="2619864" order="5">
                  <ScheduledStopPointRef ref="VTR:ScheduledStopPoint:1313307"/>
                  <DestinationDisplayRef ref="VTR:DestinationDisplay:1"/>
                </StopPointInJourneyPattern>
                <StopPointInJourneyPattern id="VTR:StopPointInJourneyPattern:94370266" version="2619864" order="6">
                  <ScheduledStopPointRef ref="VTR:ScheduledStopPoint:1313305"/>
                  <DestinationDisplayRef ref="VTR:DestinationDisplay:1"/>
                </StopPointInJourneyPattern>
                <StopPointInJourneyPattern id="VTR:StopPointInJourneyPattern:94370267" version="2619864" order="7">
                  <ScheduledStopPointRef ref="VTR:ScheduledStopPoint:1313314"/>
                  <DestinationDisplayRef ref="VTR:DestinationDisplay:1"/>
                </StopPointInJourneyPattern>
                <StopPointInJourneyPattern id="VTR:StopPointInJourneyPattern:94370268" version="2619864" order="8">
                  <ScheduledStopPointRef ref="VTR:ScheduledStopPoint:1313315"/>
                  <DestinationDisplayRef ref="VTR:DestinationDisplay:1"/>
                </StopPointInJourneyPattern>
                <StopPointInJourneyPattern id="VTR:StopPointInJourneyPattern:94370269" version="2619864" order="9">
                  <ScheduledStopPointRef ref="VTR:ScheduledStopPoint:1313316"/>
                  <DestinationDisplayRef ref="VTR:DestinationDisplay:1"/>
                </StopPointInJourneyPattern>
                <StopPointInJourneyPattern id="VTR:StopPointInJourneyPattern:94370270" version="2619864" order="10">
                  <ScheduledStopPointRef ref="VTR:ScheduledStopPoint:1313317"/>
                  <DestinationDisplayRef ref="VTR:DestinationDisplay:1"/>
                </StopPointInJourneyPattern>
                <StopPointInJourneyPattern id="VTR:StopPointInJourneyPattern:94370271" version="2619864" order="11">
                  <ScheduledStopPointRef ref="VTR:ScheduledStopPoint:1313318"/>
                  <DestinationDisplayRef ref="VTR:DestinationDisplay:1"/>
                </StopPointInJourneyPattern>
                <StopPointInJourneyPattern id="VTR:StopPointInJourneyPattern:94370272" version="2619864" order="12">
                  <ScheduledStopPointRef ref="VTR:ScheduledStopPoint:1313300"/>
                  <DestinationDisplayRef ref="VTR:DestinationDisplay:1"/>
                </StopPointInJourneyPattern>
                <StopPointInJourneyPattern id="VTR:StopPointInJourneyPattern:94370273" version="2619864" order="13">
                  <ScheduledStopPointRef ref="VTR:ScheduledStopPoint:1313319"/>
                  <DestinationDisplayRef ref="VTR:DestinationDisplay:1"/>
                </StopPointInJourneyPattern>
                <StopPointInJourneyPattern id="VTR:StopPointInJourneyPattern:94370274" version="2619864" order="14">
                  <ScheduledStopPointRef ref="VTR:ScheduledStopPoint:1313320"/>
                  <DestinationDisplayRef ref="VTR:DestinationDisplay:1"/>
                </StopPointInJourneyPattern>
                <StopPointInJourneyPattern id="VTR:StopPointInJourneyPattern:94370275" version="2619864" order="15">
                  <ScheduledStopPointRef ref="VTR:ScheduledStopPoint:1313321"/>
                  <DestinationDisplayRef ref="VTR:DestinationDisplay:1"/>
                </StopPointInJourneyPattern>
                <StopPointInJourneyPattern id="VTR:StopPointInJourneyPattern:94370276" version="2619864" order="16">
                  <ScheduledStopPointRef ref="VTR:ScheduledStopPoint:1313322"/>
                  <DestinationDisplayRef ref="VTR:DestinationDisplay:1"/>
                </StopPointInJourneyPattern>
                <StopPointInJourneyPattern id="VTR:StopPointInJourneyPattern:94370277" version="2619864" order="17">
                  <ScheduledStopPointRef ref="VTR:ScheduledStopPoint:1313295"/>
                  <ForBoarding>false</ForBoarding>
                  <DestinationDisplayRef ref="VTR:DestinationDisplay:1"/>
                </StopPointInJourneyPattern>
              </pointsInSequence>
            </JourneyPattern>
            <JourneyPattern id="VTR:JourneyPattern:2617957" version="2619863">
              <Name>1</Name>
              <RouteRef ref="VTR:Route:17362" version="1"/>
              <pointsInSequence>
                <StopPointInJourneyPattern id="VTR:StopPointInJourneyPattern:94370244" version="2619863" order="1">
                  <ScheduledStopPointRef ref="VTR:ScheduledStopPoint:1313278"/>
                  <ForAlighting>false</ForAlighting>
                  <DestinationDisplayRef ref="VTR:DestinationDisplay:1"/>
                </StopPointInJourneyPattern>
                <StopPointInJourneyPattern id="VTR:StopPointInJourneyPattern:94370245" version="2619863" order="2">
                  <ScheduledStopPointRef ref="VTR:ScheduledStopPoint:1313279"/>
                  <DestinationDisplayRef ref="VTR:DestinationDisplay:1"/>
                </StopPointInJourneyPattern>
                <StopPointInJourneyPattern id="VTR:StopPointInJourneyPattern:94370246" version="2619863" order="3">
                  <ScheduledStopPointRef ref="VTR:ScheduledStopPoint:1313280"/>
                  <DestinationDisplayRef ref="VTR:DestinationDisplay:1"/>
                </StopPointInJourneyPattern>
                <StopPointInJourneyPattern id="VTR:StopPointInJourneyPattern:94370247" version="2619863" order="4">
                  <ScheduledStopPointRef ref="VTR:ScheduledStopPoint:1313281"/>
                  <DestinationDisplayRef ref="VTR:DestinationDisplay:1"/>
                </StopPointInJourneyPattern>
                <StopPointInJourneyPattern id="VTR:StopPointInJourneyPattern:94370248" version="2619863" order="5">
                  <ScheduledStopPointRef ref="VTR:ScheduledStopPoint:1313282"/>
                  <DestinationDisplayRef ref="VTR:DestinationDisplay:1"/>
                </StopPointInJourneyPattern>
                <StopPointInJourneyPattern id="VTR:StopPointInJourneyPattern:94370249" version="2619863" order="6">
                  <ScheduledStopPointRef ref="VTR:ScheduledStopPoint:1313283"/>
                  <DestinationDisplayRef ref="VTR:DestinationDisplay:1"/>
                </StopPointInJourneyPattern>
                <StopPointInJourneyPattern id="VTR:StopPointInJourneyPattern:94370250" version="2619863" order="7">
                  <ScheduledStopPointRef ref="VTR:ScheduledStopPoint:1313284"/>
                  <DestinationDisplayRef ref="VTR:DestinationDisplay:1"/>
                </StopPointInJourneyPattern>
                <StopPointInJourneyPattern id="VTR:StopPointInJourneyPattern:94370251" version="2619863" order="8">
                  <ScheduledStopPointRef ref="VTR:ScheduledStopPoint:1313285"/>
                  <DestinationDisplayRef ref="VTR:DestinationDisplay:1"/>
                </StopPointInJourneyPattern>
                <StopPointInJourneyPattern id="VTR:StopPointInJourneyPattern:94370252" version="2619863" order="9">
                  <ScheduledStopPointRef ref="VTR:ScheduledStopPoint:1313286"/>
                  <DestinationDisplayRef ref="VTR:DestinationDisplay:1"/>
                </StopPointInJourneyPattern>
                <StopPointInJourneyPattern id="VTR:StopPointInJourneyPattern:94370253" version="2619863" order="10">
                  <ScheduledStopPointRef ref="VTR:ScheduledStopPoint:1313287"/>
                  <DestinationDisplayRef ref="VTR:DestinationDisplay:1"/>
                </StopPointInJourneyPattern>
                <StopPointInJourneyPattern id="VTR:StopPointInJourneyPattern:94370254" version="2619863" order="11">
                  <ScheduledStopPointRef ref="VTR:ScheduledStopPoint:1313288"/>
                  <DestinationDisplayRef ref="VTR:DestinationDisplay:1"/>
                </StopPointInJourneyPattern>
                <StopPointInJourneyPattern id="VTR:StopPointInJourneyPattern:94370255" version="2619863" order="12">
                  <ScheduledStopPointRef ref="VTR:ScheduledStopPoint:1313289"/>
                  <DestinationDisplayRef ref="VTR:DestinationDisplay:1"/>
                </StopPointInJourneyPattern>
                <StopPointInJourneyPattern id="VTR:StopPointInJourneyPattern:94370256" version="2619863" order="13">
                  <ScheduledStopPointRef ref="VTR:ScheduledStopPoint:1313290"/>
                  <DestinationDisplayRef ref="VTR:DestinationDisplay:1"/>
                </StopPointInJourneyPattern>
                <StopPointInJourneyPattern id="VTR:StopPointInJourneyPattern:94370257" version="2619863" order="14">
                  <ScheduledStopPointRef ref="VTR:ScheduledStopPoint:1313291"/>
                  <DestinationDisplayRef ref="VTR:DestinationDisplay:1"/>
                </StopPointInJourneyPattern>
                <StopPointInJourneyPattern id="VTR:StopPointInJourneyPattern:94370258" version="2619863" order="15">
                  <ScheduledStopPointRef ref="VTR:ScheduledStopPoint:1313292"/>
                  <DestinationDisplayRef ref="VTR:DestinationDisplay:1"/>
                </StopPointInJourneyPattern>
                <StopPointInJourneyPattern id="VTR:StopPointInJourneyPattern:94370259" version="2619863" order="16">
                  <ScheduledStopPointRef ref="VTR:ScheduledStopPoint:1313293"/>
                  <DestinationDisplayRef ref="VTR:DestinationDisplay:1"/>
                </StopPointInJourneyPattern>
                <StopPointInJourneyPattern id="VTR:StopPointInJourneyPattern:94370260" version="2619863" order="17">
                  <ScheduledStopPointRef ref="VTR:ScheduledStopPoint:1313294"/>
                  <ForBoarding>false</ForBoarding>
                  <DestinationDisplayRef ref="VTR:DestinationDisplay:1"/>
                </StopPointInJourneyPattern>
              </pointsInSequence>
            </JourneyPattern>
          </journeyPatterns>
        </ServiceFrame>
        <TimetableFrame version="1" id="VTR:TimetableFrame:1399">
          <vehicleJourneys>
            <ServiceJourney version="2619864" id="VTR:ServiceJourney:2617958">
              <Name>Upyna -Biržuvėnai-Telšiai</Name>
              <PrivateCode>2</PrivateCode>
              <dayTypes>
                <DayTypeRef ref="VTR:DayType:1797"/>
              </dayTypes>
              <JourneyPatternRef version="2619864" ref="VTR:JourneyPattern:2617958"/>
              <OperatorRef ref="VTR:Operator:526"/>
              <LineRef ref="VTR:Line:6147" version="7742"/>
              <passingTimes>
                <TimetabledPassingTime version="2619864" id="VTR:TimetabledPassingTime:2617958_94370261_1">
                  <StopPointInJourneyPatternRef ref="VTR:StopPointInJourneyPattern:94370261" version="2619864"/>
                  <DepartureTime>15:00:00</DepartureTime>
                  <DepartureDayOffset>0</DepartureDayOffset>
                </TimetabledPassingTime>
                <TimetabledPassingTime version="2619864" id="VTR:TimetabledPassingTime:2617958_94370262_2">
                  <StopPointInJourneyPatternRef ref="VTR:StopPointInJourneyPattern:94370262" version="2619864"/>
                  <DepartureTime>15:03:00</DepartureTime>
                  <DepartureDayOffset>0</DepartureDayOffset>
                </TimetabledPassingTime>
                <TimetabledPassingTime version="2619864" id="VTR:TimetabledPassingTime:2617958_94370263_3">
                  <StopPointInJourneyPatternRef ref="VTR:StopPointInJourneyPattern:94370263" version="2619864"/>
                  <DepartureTime>15:05:00</DepartureTime>
                  <DepartureDayOffset>0</DepartureDayOffset>
                </TimetabledPassingTime>
                <TimetabledPassingTime version="2619864" id="VTR:TimetabledPassingTime:2617958_94370264_4">
                  <StopPointInJourneyPatternRef ref="VTR:StopPointInJourneyPattern:94370264" version="2619864"/>
                  <DepartureTime>15:10:00</DepartureTime>
                  <DepartureDayOffset>0</DepartureDayOffset>
                </TimetabledPassingTime>
                <TimetabledPassingTime version="2619864" id="VTR:TimetabledPassingTime:2617958_94370265_5">
                  <StopPointInJourneyPatternRef ref="VTR:StopPointInJourneyPattern:94370265" version="2619864"/>
                  <DepartureTime>15:14:00</DepartureTime>
                  <DepartureDayOffset>0</DepartureDayOffset>
                </TimetabledPassingTime>
                <TimetabledPassingTime version="2619864" id="VTR:TimetabledPassingTime:2617958_94370266_6">
                  <StopPointInJourneyPatternRef ref="VTR:StopPointInJourneyPattern:94370266" version="2619864"/>
                  <DepartureTime>15:18:00</DepartureTime>
                  <DepartureDayOffset>0</DepartureDayOffset>
                </TimetabledPassingTime>
                <TimetabledPassingTime version="2619864" id="VTR:TimetabledPassingTime:2617958_94370267_7">
                  <StopPointInJourneyPatternRef ref="VTR:StopPointInJourneyPattern:94370267" version="2619864"/>
                  <DepartureTime>15:20:00</DepartureTime>
                  <DepartureDayOffset>0</DepartureDayOffset>
                </TimetabledPassingTime>
                <TimetabledPassingTime version="2619864" id="VTR:TimetabledPassingTime:2617958_94370268_8">
                  <StopPointInJourneyPatternRef ref="VTR:StopPointInJourneyPattern:94370268" version="2619864"/>
                  <DepartureTime>15:24:00</DepartureTime>
                  <DepartureDayOffset>0</DepartureDayOffset>
                </TimetabledPassingTime>
                <TimetabledPassingTime version="2619864" id="VTR:TimetabledPassingTime:2617958_94370269_9">
                  <StopPointInJourneyPatternRef ref="VTR:StopPointInJourneyPattern:94370269" version="2619864"/>
                  <DepartureTime>15:27:00</DepartureTime>
                  <DepartureDayOffset>0</DepartureDayOffset>
                </TimetabledPassingTime>
                <TimetabledPassingTime version="2619864" id="VTR:TimetabledPassingTime:2617958_94370270_10">
                  <StopPointInJourneyPatternRef ref="VTR:StopPointInJourneyPattern:94370270" version="2619864"/>
                  <DepartureTime>15:30:00</DepartureTime>
                  <DepartureDayOffset>0</DepartureDayOffset>
                </TimetabledPassingTime>
                <TimetabledPassingTime version="2619864" id="VTR:TimetabledPassingTime:2617958_94370271_11">
                  <StopPointInJourneyPatternRef ref="VTR:StopPointInJourneyPattern:94370271" version="2619864"/>
                  <DepartureTime>15:33:00</DepartureTime>
                  <DepartureDayOffset>0</DepartureDayOffset>
                </TimetabledPassingTime>
                <TimetabledPassingTime version="2619864" id="VTR:TimetabledPassingTime:2617958_94370272_12">
                  <StopPointInJourneyPatternRef ref="VTR:StopPointInJourneyPattern:94370272" version="2619864"/>
                  <DepartureTime>15:35:00</DepartureTime>
                  <DepartureDayOffset>0</DepartureDayOffset>
                </TimetabledPassingTime>
                <TimetabledPassingTime version="2619864" id="VTR:TimetabledPassingTime:2617958_94370273_13">
                  <StopPointInJourneyPatternRef ref="VTR:StopPointInJourneyPattern:94370273" version="2619864"/>
                  <DepartureTime>15:37:00</DepartureTime>
                  <DepartureDayOffset>0</DepartureDayOffset>
                </TimetabledPassingTime>
                <TimetabledPassingTime version="2619864" id="VTR:TimetabledPassingTime:2617958_94370274_14">
                  <StopPointInJourneyPatternRef ref="VTR:StopPointInJourneyPattern:94370274" version="2619864"/>
                  <DepartureTime>15:39:00</DepartureTime>
                  <DepartureDayOffset>0</DepartureDayOffset>
                </TimetabledPassingTime>
                <TimetabledPassingTime version="2619864" id="VTR:TimetabledPassingTime:2617958_94370275_15">
                  <StopPointInJourneyPatternRef ref="VTR:StopPointInJourneyPattern:94370275" version="2619864"/>
                  <DepartureTime>15:42:00</DepartureTime>
                  <DepartureDayOffset>0</DepartureDayOffset>
                </TimetabledPassingTime>
                <TimetabledPassingTime version="2619864" id="VTR:TimetabledPassingTime:2617958_94370276_16">
                  <StopPointInJourneyPatternRef ref="VTR:StopPointInJourneyPattern:94370276" version="2619864"/>
                  <DepartureTime>15:48:00</DepartureTime>
                  <DepartureDayOffset>0</DepartureDayOffset>
                </TimetabledPassingTime>
                <TimetabledPassingTime version="2619864" id="VTR:TimetabledPassingTime:2617958_94370277_17">
                  <StopPointInJourneyPatternRef ref="VTR:StopPointInJourneyPattern:94370277" version="2619864"/>
                  <DepartureTime>15:50:00</DepartureTime>
                  <DepartureDayOffset>0</DepartureDayOffset>
                </TimetabledPassingTime>
              </passingTimes>
            </ServiceJourney>
            <ServiceJourney version="2619863" id="VTR:ServiceJourney:2617957">
              <Name>Telšiai- Biržuvėnai-Upyna</Name>
              <PrivateCode>1</PrivateCode>
              <dayTypes>
                <DayTypeRef ref="VTR:DayType:1797"/>
              </dayTypes>
              <JourneyPatternRef version="2619863" ref="VTR:JourneyPattern:2617957"/>
              <OperatorRef ref="VTR:Operator:526"/>
              <LineRef ref="VTR:Line:6147" version="7742"/>
              <passingTimes>
                <TimetabledPassingTime version="2619863" id="VTR:TimetabledPassingTime:2617957_94370244_1">
                  <StopPointInJourneyPatternRef ref="VTR:StopPointInJourneyPattern:94370244" version="2619863"/>
                  <DepartureTime>14:00:00</DepartureTime>
                  <DepartureDayOffset>0</DepartureDayOffset>
                </TimetabledPassingTime>
                <TimetabledPassingTime version="2619863" id="VTR:TimetabledPassingTime:2617957_94370245_2">
                  <StopPointInJourneyPatternRef ref="VTR:StopPointInJourneyPattern:94370245" version="2619863"/>
                  <DepartureTime>14:05:00</DepartureTime>
                  <DepartureDayOffset>0</DepartureDayOffset>
                </TimetabledPassingTime>
                <TimetabledPassingTime version="2619863" id="VTR:TimetabledPassingTime:2617957_94370246_3">
                  <StopPointInJourneyPatternRef ref="VTR:StopPointInJourneyPattern:94370246" version="2619863"/>
                  <DepartureTime>14:07:00</DepartureTime>
                  <DepartureDayOffset>0</DepartureDayOffset>
                </TimetabledPassingTime>
                <TimetabledPassingTime version="2619863" id="VTR:TimetabledPassingTime:2617957_94370247_4">
                  <StopPointInJourneyPatternRef ref="VTR:StopPointInJourneyPattern:94370247" version="2619863"/>
                  <DepartureTime>14:10:00</DepartureTime>
                  <DepartureDayOffset>0</DepartureDayOffset>
                </TimetabledPassingTime>
                <TimetabledPassingTime version="2619863" id="VTR:TimetabledPassingTime:2617957_94370248_5">
                  <StopPointInJourneyPatternRef ref="VTR:StopPointInJourneyPattern:94370248" version="2619863"/>
                  <DepartureTime>14:12:00</DepartureTime>
                  <DepartureDayOffset>0</DepartureDayOffset>
                </TimetabledPassingTime>
                <TimetabledPassingTime version="2619863" id="VTR:TimetabledPassingTime:2617957_94370249_6">
                  <StopPointInJourneyPatternRef ref="VTR:StopPointInJourneyPattern:94370249" version="2619863"/>
                  <DepartureTime>14:16:00</DepartureTime>
                  <DepartureDayOffset>0</DepartureDayOffset>
                </TimetabledPassingTime>
                <TimetabledPassingTime version="2619863" id="VTR:TimetabledPassingTime:2617957_94370250_7">
                  <StopPointInJourneyPatternRef ref="VTR:StopPointInJourneyPattern:94370250" version="2619863"/>
                  <DepartureTime>14:20:00</DepartureTime>
                  <DepartureDayOffset>0</DepartureDayOffset>
                </TimetabledPassingTime>
                <TimetabledPassingTime version="2619863" id="VTR:TimetabledPassingTime:2617957_94370251_8">
                  <StopPointInJourneyPatternRef ref="VTR:StopPointInJourneyPattern:94370251" version="2619863"/>
                  <DepartureTime>14:23:00</DepartureTime>
                  <DepartureDayOffset>0</DepartureDayOffset>
                </TimetabledPassingTime>
                <TimetabledPassingTime version="2619863" id="VTR:TimetabledPassingTime:2617957_94370252_9">
                  <StopPointInJourneyPatternRef ref="VTR:StopPointInJourneyPattern:94370252" version="2619863"/>
                  <DepartureTime>14:26:00</DepartureTime>
                  <DepartureDayOffset>0</DepartureDayOffset>
                </TimetabledPassingTime>
                <TimetabledPassingTime version="2619863" id="VTR:TimetabledPassingTime:2617957_94370253_10">
                  <StopPointInJourneyPatternRef ref="VTR:StopPointInJourneyPattern:94370253" version="2619863"/>
                  <DepartureTime>14:30:00</DepartureTime>
                  <DepartureDayOffset>0</DepartureDayOffset>
                </TimetabledPassingTime>
                <TimetabledPassingTime version="2619863" id="VTR:TimetabledPassingTime:2617957_94370254_11">
                  <StopPointInJourneyPatternRef ref="VTR:StopPointInJourneyPattern:94370254" version="2619863"/>
                  <DepartureTime>14:37:00</DepartureTime>
                  <DepartureDayOffset>0</DepartureDayOffset>
                </TimetabledPassingTime>
                <TimetabledPassingTime version="2619863" id="VTR:TimetabledPassingTime:2617957_94370255_12">
                  <StopPointInJourneyPatternRef ref="VTR:StopPointInJourneyPattern:94370255" version="2619863"/>
                  <DepartureTime>14:39:00</DepartureTime>
                  <DepartureDayOffset>0</DepartureDayOffset>
                </TimetabledPassingTime>
                <TimetabledPassingTime version="2619863" id="VTR:TimetabledPassingTime:2617957_94370256_13">
                  <StopPointInJourneyPatternRef ref="VTR:StopPointInJourneyPattern:94370256" version="2619863"/>
                  <DepartureTime>14:42:00</DepartureTime>
                  <DepartureDayOffset>0</DepartureDayOffset>
                </TimetabledPassingTime>
                <TimetabledPassingTime version="2619863" id="VTR:TimetabledPassingTime:2617957_94370257_14">
                  <StopPointInJourneyPatternRef ref="VTR:StopPointInJourneyPattern:94370257" version="2619863"/>
                  <DepartureTime>14:47:00</DepartureTime>
                  <DepartureDayOffset>0</DepartureDayOffset>
                </TimetabledPassingTime>
                <TimetabledPassingTime version="2619863" id="VTR:TimetabledPassingTime:2617957_94370258_15">
                  <StopPointInJourneyPatternRef ref="VTR:StopPointInJourneyPattern:94370258" version="2619863"/>
                  <DepartureTime>14:52:00</DepartureTime>
                  <DepartureDayOffset>0</DepartureDayOffset>
                </TimetabledPassingTime>
                <TimetabledPassingTime version="2619863" id="VTR:TimetabledPassingTime:2617957_94370259_16">
                  <StopPointInJourneyPatternRef ref="VTR:StopPointInJourneyPattern:94370259" version="2619863"/>
                  <DepartureTime>14:56:00</DepartureTime>
                  <DepartureDayOffset>0</DepartureDayOffset>
                </TimetabledPassingTime>
                <TimetabledPassingTime version="2619863" id="VTR:TimetabledPassingTime:2617957_94370260_17">
                  <StopPointInJourneyPatternRef ref="VTR:StopPointInJourneyPattern:94370260" version="2619863"/>
                  <DepartureTime>14:58:00</DepartureTime>
                  <DepartureDayOffset>0</DepartureDayOffset>
                </TimetabledPassingTime>
              </passingTimes>
            </ServiceJourney>
          </vehicleJourneys>
        </TimetableFrame>
        <ResourceFrame version="1" id="VTR:ResourceFrame:1399">
          <organisations>
            <Authority version="1" id="VTR:Authority:31">
              <CompanyNumber>78</CompanyNumber>
              <Name>Telšių r. sav.</Name>
              <LegalName>Telšių r. sav.</LegalName>
              <ContactDetails>
                <Email>zita.simaitiene@telsiai.lt</Email>
                <Phone>8 444 56183</Phone>
                <Url>www.telsiai.lt</Url>
              </ContactDetails>
              <OrganisationType>authority</OrganisationType>
            </Authority>
          </organisations>
        </ResourceFrame>
        <FareFrame id="VTR:FareFrame:6147" version="1">
          <FrameDefaults>
            <DefaultCurrency>EUR</DefaultCurrency>
          </FrameDefaults>
          <usageParameters>
            <RoundTrip id="VTR:RoundTrip:single" version="1">
              <Name>Single</Name>
              <TripType>single</TripType>
            </RoundTrip>
            <FrequencyOfUse id="VTR:FrequencyOfUse:once" version="1">
              <Name>Once</Name>
              <MaximalFrequency>1</MaximalFrequency>
            </FrequencyOfUse>
          </usageParameters>
          <priceGroups>
            <PriceGroup id="VTR:PriceGroup:PG01" version="1">
              <Name>Flat Fare Products - Standard</Name>
              <members>
                <FareProductPrice id="VTR:FareProductPrice:standard" version="1">
                  <Name>Single fare</Name>
                  <Amount>0.12</Amount>
                  <Currency>EUR</Currency>
                </FareProductPrice>
              </members>
            </PriceGroup>
          </priceGroups>
        </FareFrame>
      </frames>
    </CompositeFrame>
  </dataObjects>
</PublicationDelivery>
