<?xml version="1.0" encoding="UTF-8"?><PublicationDelivery xmlns="http://www.netex.org.uk/netex" xmlns:gis="http://www.opengis.net/gml/3.2" xmlns:ns2="http://www.opengis.net/gml/3.2" xmlns:ns3="http://www.siri.org.uk/siri" xmlns:xsi="http://www.w3.org/2001/XMLSchema-instance" version="1" xsi:schemaLocation="">
  <PublicationTimestamp>2022-05-07T04:55:00.275</PublicationTimestamp>
  <ParticipantRef>VTR</ParticipantRef>
  <Description>1</Description>
  <dataObjects>
    <CompositeFrame created="2022-05-07T04:55:00.275" version="1" id="VTR:CompositeFrame:1399">
      <validityConditions>
        <AvailabilityCondition version="1" id="VTR:AvailabilityCondition:1399">
          <FromDate>2015-07-28T10:11:21</FromDate>
          <ToDate>2027-12-30T00:00:00</ToDate>
        </AvailabilityCondition>
      </validityConditions>
      <codespaces>
        <Codespace id="vtr">
          <Xmlns>VTR</Xmlns>
          <XmlnsUrl>http://www.visimarsrutai.lt/</XmlnsUrl>
        </Codespace>
      </codespaces>
      <FrameDefaults>
        <DefaultLocale>
          <TimeZone>Europe/Vilnius</TimeZone>
        </DefaultLocale>
        <DefaultLocationSystem>WGS84</DefaultLocationSystem>
      </FrameDefaults>
      <frames>
        <ServiceCalendarFrame version="1" id="VTR:ServiceCalendarFrame:1399">
          <dayTypes>
            <DayType id="VTR:DayType:1226" version="1">
              <properties>
                <PropertyOfDay>
                  <DaysOfWeek>Monday Tuesday Wednesday Thursday Friday</DaysOfWeek>
                </PropertyOfDay>
              </properties>
            </DayType>
          </dayTypes>
          <operatingPeriods>
            <OperatingPeriod version="1" id="VTR:OperatingPeriod:1226">
              <FromDate>2012-01-01T00:00:00</FromDate>
              <ToDate>2018-12-31T00:00:00</ToDate>
            </OperatingPeriod>
          </operatingPeriods>
          <dayTypeAssignments>
            <DayTypeAssignment id="VTR:DayTypeAssignment:1226_0" version="1" order="1166">
              <OperatingPeriodRef ref="VTR:OperatingPeriod:1226" version="1"/>
              <DayTypeRef ref="VTR:DayType:1226" version="1"/>
            </DayTypeAssignment>
          </dayTypeAssignments>
        </ServiceCalendarFrame>
        <ServiceFrame id="VTR:ServiceFrame:1399" version="1">
          <Network version="0" id="VTR:Network:31"/>
          <routePoints>
            <RoutePoint version="1" id="VTR:RoutePoint:103723">
              <projections>
                <PointProjection version="1" id="VTR:PointProjection:32876">
                  <ProjectedPointRef ref="VTR:ScheduledStopPoint:103723" version="1"/>
                </PointProjection>
              </projections>
            </RoutePoint>
            <RoutePoint version="1" id="VTR:RoutePoint:103724">
              <projections>
                <PointProjection version="1" id="VTR:PointProjection:32875">
                  <ProjectedPointRef ref="VTR:ScheduledStopPoint:103724" version="1"/>
                </PointProjection>
              </projections>
            </RoutePoint>
            <RoutePoint version="1" id="VTR:RoutePoint:59751">
              <projections>
                <PointProjection version="1" id="VTR:PointProjection:19055">
                  <ProjectedPointRef ref="VTR:ScheduledStopPoint:59751" version="1"/>
                </PointProjection>
              </projections>
            </RoutePoint>
            <RoutePoint version="1" id="VTR:RoutePoint:59752">
              <projections>
                <PointProjection version="1" id="VTR:PointProjection:19056">
                  <ProjectedPointRef ref="VTR:ScheduledStopPoint:59752" version="1"/>
                </PointProjection>
              </projections>
            </RoutePoint>
            <RoutePoint version="1" id="VTR:RoutePoint:59753">
              <projections>
                <PointProjection version="1" id="VTR:PointProjection:19057">
                  <ProjectedPointRef ref="VTR:ScheduledStopPoint:59753" version="1"/>
                </PointProjection>
              </projections>
            </RoutePoint>
            <RoutePoint version="1" id="VTR:RoutePoint:59754">
              <projections>
                <PointProjection version="1" id="VTR:PointProjection:19058">
                  <ProjectedPointRef ref="VTR:ScheduledStopPoint:59754" version="1"/>
                </PointProjection>
              </projections>
            </RoutePoint>
            <RoutePoint version="1" id="VTR:RoutePoint:59755">
              <projections>
                <PointProjection version="1" id="VTR:PointProjection:19059">
                  <ProjectedPointRef ref="VTR:ScheduledStopPoint:59755" version="1"/>
                </PointProjection>
              </projections>
            </RoutePoint>
            <RoutePoint version="1" id="VTR:RoutePoint:59756">
              <projections>
                <PointProjection version="1" id="VTR:PointProjection:19060">
                  <ProjectedPointRef ref="VTR:ScheduledStopPoint:59756" version="1"/>
                </PointProjection>
              </projections>
            </RoutePoint>
            <RoutePoint version="1" id="VTR:RoutePoint:59757">
              <projections>
                <PointProjection version="1" id="VTR:PointProjection:19061">
                  <ProjectedPointRef ref="VTR:ScheduledStopPoint:59757" version="1"/>
                </PointProjection>
              </projections>
            </RoutePoint>
            <RoutePoint version="1" id="VTR:RoutePoint:59758">
              <projections>
                <PointProjection version="1" id="VTR:PointProjection:19062">
                  <ProjectedPointRef ref="VTR:ScheduledStopPoint:59758" version="1"/>
                </PointProjection>
              </projections>
            </RoutePoint>
            <RoutePoint version="1" id="VTR:RoutePoint:59759">
              <projections>
                <PointProjection version="1" id="VTR:PointProjection:19063">
                  <ProjectedPointRef ref="VTR:ScheduledStopPoint:59759" version="1"/>
                </PointProjection>
              </projections>
            </RoutePoint>
            <RoutePoint version="1" id="VTR:RoutePoint:59760">
              <projections>
                <PointProjection version="1" id="VTR:PointProjection:19064">
                  <ProjectedPointRef ref="VTR:ScheduledStopPoint:59760" version="1"/>
                </PointProjection>
              </projections>
            </RoutePoint>
            <RoutePoint version="1" id="VTR:RoutePoint:59761">
              <projections>
                <PointProjection version="1" id="VTR:PointProjection:19065">
                  <ProjectedPointRef ref="VTR:ScheduledStopPoint:59761" version="1"/>
                </PointProjection>
              </projections>
            </RoutePoint>
            <RoutePoint version="1" id="VTR:RoutePoint:59762">
              <projections>
                <PointProjection version="1" id="VTR:PointProjection:19066">
                  <ProjectedPointRef ref="VTR:ScheduledStopPoint:59762" version="1"/>
                </PointProjection>
              </projections>
            </RoutePoint>
            <RoutePoint version="1" id="VTR:RoutePoint:59776">
              <projections>
                <PointProjection version="1" id="VTR:PointProjection:19211">
                  <ProjectedPointRef ref="VTR:ScheduledStopPoint:59776" version="1"/>
                </PointProjection>
              </projections>
            </RoutePoint>
            <RoutePoint version="1" id="VTR:RoutePoint:59783">
              <projections>
                <PointProjection version="1" id="VTR:PointProjection:19200">
                  <ProjectedPointRef ref="VTR:ScheduledStopPoint:59783" version="1"/>
                </PointProjection>
              </projections>
            </RoutePoint>
            <RoutePoint version="1" id="VTR:RoutePoint:59786">
              <projections>
                <PointProjection version="1" id="VTR:PointProjection:19201">
                  <ProjectedPointRef ref="VTR:ScheduledStopPoint:59786" version="1"/>
                </PointProjection>
              </projections>
            </RoutePoint>
            <RoutePoint version="1" id="VTR:RoutePoint:59787">
              <projections>
                <PointProjection version="1" id="VTR:PointProjection:19202">
                  <ProjectedPointRef ref="VTR:ScheduledStopPoint:59787" version="1"/>
                </PointProjection>
              </projections>
            </RoutePoint>
            <RoutePoint version="1" id="VTR:RoutePoint:59797">
              <projections>
                <PointProjection version="1" id="VTR:PointProjection:19203">
                  <ProjectedPointRef ref="VTR:ScheduledStopPoint:59797" version="1"/>
                </PointProjection>
              </projections>
            </RoutePoint>
            <RoutePoint version="1" id="VTR:RoutePoint:59798">
              <projections>
                <PointProjection version="1" id="VTR:PointProjection:19212">
                  <ProjectedPointRef ref="VTR:ScheduledStopPoint:59798" version="1"/>
                </PointProjection>
              </projections>
            </RoutePoint>
            <RoutePoint version="1" id="VTR:RoutePoint:59799">
              <projections>
                <PointProjection version="1" id="VTR:PointProjection:19213">
                  <ProjectedPointRef ref="VTR:ScheduledStopPoint:59799" version="1"/>
                </PointProjection>
              </projections>
            </RoutePoint>
            <RoutePoint version="1" id="VTR:RoutePoint:59800">
              <projections>
                <PointProjection version="1" id="VTR:PointProjection:19214">
                  <ProjectedPointRef ref="VTR:ScheduledStopPoint:59800" version="1"/>
                </PointProjection>
              </projections>
            </RoutePoint>
            <RoutePoint version="1" id="VTR:RoutePoint:59801">
              <projections>
                <PointProjection version="1" id="VTR:PointProjection:19215">
                  <ProjectedPointRef ref="VTR:ScheduledStopPoint:59801" version="1"/>
                </PointProjection>
              </projections>
            </RoutePoint>
            <RoutePoint version="1" id="VTR:RoutePoint:59802">
              <projections>
                <PointProjection version="1" id="VTR:PointProjection:19216">
                  <ProjectedPointRef ref="VTR:ScheduledStopPoint:59802" version="1"/>
                </PointProjection>
              </projections>
            </RoutePoint>
            <RoutePoint version="1" id="VTR:RoutePoint:59803">
              <projections>
                <PointProjection version="1" id="VTR:PointProjection:19217">
                  <ProjectedPointRef ref="VTR:ScheduledStopPoint:59803" version="1"/>
                </PointProjection>
              </projections>
            </RoutePoint>
          </routePoints>
          <routes>
            <Route version="1" id="VTR:Route:3590">
              <Name>Telšiai - Gadūnavas - Pasruojė</Name>
              <ShortName>Telšiai - Gadūnavas - Pasruojė</ShortName>
              <LineRef ref="VTR:Line:1484" version="1467"/>
              <DirectionType>outbound</DirectionType>
              <pointsInSequence>
                <PointOnRoute version="1" id="VTR:PointOnRoute:59751" order="1">
                  <RoutePointRef ref="VTR:RoutePoint:59751"/>
                </PointOnRoute>
                <PointOnRoute version="1" id="VTR:PointOnRoute:59752" order="2">
                  <RoutePointRef ref="VTR:RoutePoint:59752"/>
                </PointOnRoute>
                <PointOnRoute version="1" id="VTR:PointOnRoute:59753" order="3">
                  <RoutePointRef ref="VTR:RoutePoint:59753"/>
                </PointOnRoute>
                <PointOnRoute version="1" id="VTR:PointOnRoute:59754" order="4">
                  <RoutePointRef ref="VTR:RoutePoint:59754"/>
                </PointOnRoute>
                <PointOnRoute version="1" id="VTR:PointOnRoute:59755" order="5">
                  <RoutePointRef ref="VTR:RoutePoint:59755"/>
                </PointOnRoute>
                <PointOnRoute version="1" id="VTR:PointOnRoute:59756" order="6">
                  <RoutePointRef ref="VTR:RoutePoint:59756"/>
                </PointOnRoute>
                <PointOnRoute version="1" id="VTR:PointOnRoute:59757" order="7">
                  <RoutePointRef ref="VTR:RoutePoint:59757"/>
                </PointOnRoute>
                <PointOnRoute version="1" id="VTR:PointOnRoute:59758" order="8">
                  <RoutePointRef ref="VTR:RoutePoint:59758"/>
                </PointOnRoute>
                <PointOnRoute version="1" id="VTR:PointOnRoute:59759" order="9">
                  <RoutePointRef ref="VTR:RoutePoint:59759"/>
                </PointOnRoute>
                <PointOnRoute version="1" id="VTR:PointOnRoute:59760" order="10">
                  <RoutePointRef ref="VTR:RoutePoint:59760"/>
                </PointOnRoute>
                <PointOnRoute version="1" id="VTR:PointOnRoute:103723" order="11">
                  <RoutePointRef ref="VTR:RoutePoint:103723"/>
                </PointOnRoute>
                <PointOnRoute version="1" id="VTR:PointOnRoute:59761" order="12">
                  <RoutePointRef ref="VTR:RoutePoint:59761"/>
                </PointOnRoute>
                <PointOnRoute version="1" id="VTR:PointOnRoute:59762" order="13">
                  <RoutePointRef ref="VTR:RoutePoint:59762"/>
                </PointOnRoute>
              </pointsInSequence>
            </Route>
            <Route version="1" id="VTR:Route:3592">
              <Name>Pasruojė - Gadūnavas - Telšiai</Name>
              <ShortName>Pasruojė - Gadūnavas - Telšiai</ShortName>
              <LineRef ref="VTR:Line:1484" version="1467"/>
              <DirectionType>inbound</DirectionType>
              <pointsInSequence>
                <PointOnRoute version="1" id="VTR:PointOnRoute:59787" order="1">
                  <RoutePointRef ref="VTR:RoutePoint:59787"/>
                </PointOnRoute>
                <PointOnRoute version="1" id="VTR:PointOnRoute:59786" order="2">
                  <RoutePointRef ref="VTR:RoutePoint:59786"/>
                </PointOnRoute>
                <PointOnRoute version="1" id="VTR:PointOnRoute:103724" order="3">
                  <RoutePointRef ref="VTR:RoutePoint:103724"/>
                </PointOnRoute>
                <PointOnRoute version="1" id="VTR:PointOnRoute:59797" order="4">
                  <RoutePointRef ref="VTR:RoutePoint:59797"/>
                </PointOnRoute>
                <PointOnRoute version="1" id="VTR:PointOnRoute:59783" order="5">
                  <RoutePointRef ref="VTR:RoutePoint:59783"/>
                </PointOnRoute>
                <PointOnRoute version="1" id="VTR:PointOnRoute:59798" order="6">
                  <RoutePointRef ref="VTR:RoutePoint:59798"/>
                </PointOnRoute>
                <PointOnRoute version="1" id="VTR:PointOnRoute:59799" order="7">
                  <RoutePointRef ref="VTR:RoutePoint:59799"/>
                </PointOnRoute>
                <PointOnRoute version="1" id="VTR:PointOnRoute:59800" order="8">
                  <RoutePointRef ref="VTR:RoutePoint:59800"/>
                </PointOnRoute>
                <PointOnRoute version="1" id="VTR:PointOnRoute:59801" order="9">
                  <RoutePointRef ref="VTR:RoutePoint:59801"/>
                </PointOnRoute>
                <PointOnRoute version="1" id="VTR:PointOnRoute:59802" order="10">
                  <RoutePointRef ref="VTR:RoutePoint:59802"/>
                </PointOnRoute>
                <PointOnRoute version="1" id="VTR:PointOnRoute:59803" order="11">
                  <RoutePointRef ref="VTR:RoutePoint:59803"/>
                </PointOnRoute>
                <PointOnRoute version="1" id="VTR:PointOnRoute:59776" order="12">
                  <RoutePointRef ref="VTR:RoutePoint:59776"/>
                </PointOnRoute>
              </pointsInSequence>
            </Route>
          </routes>
          <lines>
            <Line version="1467" id="VTR:Line:1484">
              <Name>Telšiai- Gadūnavas- Pasruojė</Name>
              <TransportMode>bus</TransportMode>
              <TransportSubmode>
                <BusSubmode>regionalBus</BusSubmode>
              </TransportSubmode>
              <PublicCode>10</PublicCode>
              <OperatorRef ref="VTR:Operator:31"/>
            </Line>
          </lines>
          <scheduledStopPoints>
            <ScheduledStopPoint version="1" id="VTR:ScheduledStopPoint:103723">
              <Name>Gedrimai</Name>
            </ScheduledStopPoint>
            <ScheduledStopPoint version="1" id="VTR:ScheduledStopPoint:103724">
              <Name>Gedrimai</Name>
            </ScheduledStopPoint>
            <ScheduledStopPoint version="1" id="VTR:ScheduledStopPoint:59751">
              <Name>Telšių autobusų stotis</Name>
            </ScheduledStopPoint>
            <ScheduledStopPoint version="1" id="VTR:ScheduledStopPoint:59752">
              <Name>Džiugo mokykla</Name>
            </ScheduledStopPoint>
            <ScheduledStopPoint version="1" id="VTR:ScheduledStopPoint:59753">
              <Name>"Žemaitijos pienas"</Name>
            </ScheduledStopPoint>
            <ScheduledStopPoint version="1" id="VTR:ScheduledStopPoint:59754">
              <Name>Gaudikaičiai</Name>
            </ScheduledStopPoint>
            <ScheduledStopPoint version="1" id="VTR:ScheduledStopPoint:59755">
              <Name>Kalnėnai</Name>
            </ScheduledStopPoint>
            <ScheduledStopPoint version="1" id="VTR:ScheduledStopPoint:59756">
              <Name>Buožėnai</Name>
            </ScheduledStopPoint>
            <ScheduledStopPoint version="1" id="VTR:ScheduledStopPoint:59757">
              <Name>Buožėnai</Name>
            </ScheduledStopPoint>
            <ScheduledStopPoint version="1" id="VTR:ScheduledStopPoint:59758">
              <Name>Gadūnavas</Name>
            </ScheduledStopPoint>
            <ScheduledStopPoint version="1" id="VTR:ScheduledStopPoint:59759">
              <Name>Sarakai</Name>
            </ScheduledStopPoint>
            <ScheduledStopPoint version="1" id="VTR:ScheduledStopPoint:59760">
              <Name>Gailiškiai</Name>
            </ScheduledStopPoint>
            <ScheduledStopPoint version="1" id="VTR:ScheduledStopPoint:59761">
              <Name>Pasruojė</Name>
            </ScheduledStopPoint>
            <ScheduledStopPoint version="1" id="VTR:ScheduledStopPoint:59762">
              <Name>Pasruojė I</Name>
            </ScheduledStopPoint>
            <ScheduledStopPoint version="1" id="VTR:ScheduledStopPoint:59776">
              <Name>Telšių autobusų stotis</Name>
            </ScheduledStopPoint>
            <ScheduledStopPoint version="1" id="VTR:ScheduledStopPoint:59783">
              <Name>Gadūnavas</Name>
            </ScheduledStopPoint>
            <ScheduledStopPoint version="1" id="VTR:ScheduledStopPoint:59786">
              <Name>Pasruojė</Name>
            </ScheduledStopPoint>
            <ScheduledStopPoint version="1" id="VTR:ScheduledStopPoint:59787">
              <Name>Pasruojė I</Name>
            </ScheduledStopPoint>
            <ScheduledStopPoint version="1" id="VTR:ScheduledStopPoint:59797">
              <Name>Gailiškiai</Name>
            </ScheduledStopPoint>
            <ScheduledStopPoint version="1" id="VTR:ScheduledStopPoint:59798">
              <Name>Sarakai</Name>
            </ScheduledStopPoint>
            <ScheduledStopPoint version="1" id="VTR:ScheduledStopPoint:59799">
              <Name>Buožėnai</Name>
            </ScheduledStopPoint>
            <ScheduledStopPoint version="1" id="VTR:ScheduledStopPoint:59800">
              <Name>Kalnėnai</Name>
            </ScheduledStopPoint>
            <ScheduledStopPoint version="1" id="VTR:ScheduledStopPoint:59801">
              <Name>Gaudikaičiai</Name>
            </ScheduledStopPoint>
            <ScheduledStopPoint version="1" id="VTR:ScheduledStopPoint:59802">
              <Name>"Žemaitijos pienas"</Name>
            </ScheduledStopPoint>
            <ScheduledStopPoint version="1" id="VTR:ScheduledStopPoint:59803">
              <Name>Džiugo mokykla</Name>
            </ScheduledStopPoint>
          </scheduledStopPoints>
          <serviceLinks>
            <ServiceLink id="VTR:ServiceLink:59751_1_59752_1" version="1">
              <Distance>1</Distance>
              <FromPointRef ref="VTR:ScheduledStopPoint:59751" version="1"/>
              <ToPointRef ref="VTR:ScheduledStopPoint:59752" version="1"/>
            </ServiceLink>
            <ServiceLink id="VTR:ServiceLink:59787_1_59786_1" version="1">
              <Distance>1</Distance>
              <FromPointRef ref="VTR:ScheduledStopPoint:59787" version="1"/>
              <ToPointRef ref="VTR:ScheduledStopPoint:59786" version="1"/>
            </ServiceLink>
            <ServiceLink id="VTR:ServiceLink:59798_1_59799_1" version="1">
              <Distance>2</Distance>
              <FromPointRef ref="VTR:ScheduledStopPoint:59798" version="1"/>
              <ToPointRef ref="VTR:ScheduledStopPoint:59799" version="1"/>
            </ServiceLink>
            <ServiceLink id="VTR:ServiceLink:59757_1_59758_1" version="1">
              <Distance>4</Distance>
              <FromPointRef ref="VTR:ScheduledStopPoint:59757" version="1"/>
              <ToPointRef ref="VTR:ScheduledStopPoint:59758" version="1"/>
            </ServiceLink>
            <ServiceLink id="VTR:ServiceLink:59783_1_59798_1" version="1">
              <Distance>1</Distance>
              <FromPointRef ref="VTR:ScheduledStopPoint:59783" version="1"/>
              <ToPointRef ref="VTR:ScheduledStopPoint:59798" version="1"/>
            </ServiceLink>
            <ServiceLink id="VTR:ServiceLink:59761_1_59762_1" version="1">
              <Distance>1</Distance>
              <FromPointRef ref="VTR:ScheduledStopPoint:59761" version="1"/>
              <ToPointRef ref="VTR:ScheduledStopPoint:59762" version="1"/>
            </ServiceLink>
            <ServiceLink id="VTR:ServiceLink:59803_1_59776_1" version="1">
              <Distance>1</Distance>
              <FromPointRef ref="VTR:ScheduledStopPoint:59803" version="1"/>
              <ToPointRef ref="VTR:ScheduledStopPoint:59776" version="1"/>
            </ServiceLink>
            <ServiceLink id="VTR:ServiceLink:59759_1_59760_1" version="1">
              <Distance>3</Distance>
              <FromPointRef ref="VTR:ScheduledStopPoint:59759" version="1"/>
              <ToPointRef ref="VTR:ScheduledStopPoint:59760" version="1"/>
            </ServiceLink>
            <ServiceLink id="VTR:ServiceLink:103724_1_59797_1" version="1">
              <Distance>2</Distance>
              <FromPointRef ref="VTR:ScheduledStopPoint:103724" version="1"/>
              <ToPointRef ref="VTR:ScheduledStopPoint:59797" version="1"/>
            </ServiceLink>
            <ServiceLink id="VTR:ServiceLink:59752_1_59753_1" version="1">
              <Distance>0</Distance>
              <FromPointRef ref="VTR:ScheduledStopPoint:59752" version="1"/>
              <ToPointRef ref="VTR:ScheduledStopPoint:59753" version="1"/>
            </ServiceLink>
            <ServiceLink id="VTR:ServiceLink:103723_1_59761_1" version="1">
              <Distance>2</Distance>
              <FromPointRef ref="VTR:ScheduledStopPoint:103723" version="1"/>
              <ToPointRef ref="VTR:ScheduledStopPoint:59761" version="1"/>
            </ServiceLink>
            <ServiceLink id="VTR:ServiceLink:59754_1_59755_1" version="1">
              <Distance>0</Distance>
              <FromPointRef ref="VTR:ScheduledStopPoint:59754" version="1"/>
              <ToPointRef ref="VTR:ScheduledStopPoint:59755" version="1"/>
            </ServiceLink>
            <ServiceLink id="VTR:ServiceLink:59758_1_59759_1" version="1">
              <Distance>1</Distance>
              <FromPointRef ref="VTR:ScheduledStopPoint:59758" version="1"/>
              <ToPointRef ref="VTR:ScheduledStopPoint:59759" version="1"/>
            </ServiceLink>
            <ServiceLink id="VTR:ServiceLink:59797_1_59783_1" version="1">
              <Distance>5</Distance>
              <FromPointRef ref="VTR:ScheduledStopPoint:59797" version="1"/>
              <ToPointRef ref="VTR:ScheduledStopPoint:59783" version="1"/>
            </ServiceLink>
            <ServiceLink id="VTR:ServiceLink:59799_1_59800_1" version="1">
              <Distance>2</Distance>
              <FromPointRef ref="VTR:ScheduledStopPoint:59799" version="1"/>
              <ToPointRef ref="VTR:ScheduledStopPoint:59800" version="1"/>
            </ServiceLink>
            <ServiceLink id="VTR:ServiceLink:59755_1_59756_1" version="1">
              <Distance>3</Distance>
              <FromPointRef ref="VTR:ScheduledStopPoint:59755" version="1"/>
              <ToPointRef ref="VTR:ScheduledStopPoint:59756" version="1"/>
            </ServiceLink>
            <ServiceLink id="VTR:ServiceLink:59753_1_59754_1" version="1">
              <Distance>0</Distance>
              <FromPointRef ref="VTR:ScheduledStopPoint:59753" version="1"/>
              <ToPointRef ref="VTR:ScheduledStopPoint:59754" version="1"/>
            </ServiceLink>
            <ServiceLink id="VTR:ServiceLink:59800_1_59801_1" version="1">
              <Distance>0</Distance>
              <FromPointRef ref="VTR:ScheduledStopPoint:59800" version="1"/>
              <ToPointRef ref="VTR:ScheduledStopPoint:59801" version="1"/>
            </ServiceLink>
            <ServiceLink id="VTR:ServiceLink:59802_1_59803_1" version="1">
              <Distance>0</Distance>
              <FromPointRef ref="VTR:ScheduledStopPoint:59802" version="1"/>
              <ToPointRef ref="VTR:ScheduledStopPoint:59803" version="1"/>
            </ServiceLink>
            <ServiceLink id="VTR:ServiceLink:59786_1_103724_1" version="1">
              <Distance>2</Distance>
              <FromPointRef ref="VTR:ScheduledStopPoint:59786" version="1"/>
              <ToPointRef ref="VTR:ScheduledStopPoint:103724" version="1"/>
            </ServiceLink>
            <ServiceLink id="VTR:ServiceLink:59801_1_59802_1" version="1">
              <Distance>0</Distance>
              <FromPointRef ref="VTR:ScheduledStopPoint:59801" version="1"/>
              <ToPointRef ref="VTR:ScheduledStopPoint:59802" version="1"/>
            </ServiceLink>
            <ServiceLink id="VTR:ServiceLink:59756_1_59757_1" version="1">
              <Distance>0</Distance>
              <FromPointRef ref="VTR:ScheduledStopPoint:59756" version="1"/>
              <ToPointRef ref="VTR:ScheduledStopPoint:59757" version="1"/>
            </ServiceLink>
            <ServiceLink id="VTR:ServiceLink:59760_1_103723_1" version="1">
              <Distance>2</Distance>
              <FromPointRef ref="VTR:ScheduledStopPoint:59760" version="1"/>
              <ToPointRef ref="VTR:ScheduledStopPoint:103723" version="1"/>
            </ServiceLink>
          </serviceLinks>
          <stopAssignments>
            <PassengerStopAssignment order="359000000" id="VTR:PassengerStopAssignment:59751" version="1">
              <ScheduledStopPointRef ref="VTR:ScheduledStopPoint:59751" version="1"/>
              <QuayRef ref="VTR:Quay:19451"/>
            </PassengerStopAssignment>
            <PassengerStopAssignment order="359000001" id="VTR:PassengerStopAssignment:59752" version="1">
              <ScheduledStopPointRef ref="VTR:ScheduledStopPoint:59752" version="1"/>
              <QuayRef ref="VTR:Quay:21134"/>
            </PassengerStopAssignment>
            <PassengerStopAssignment order="359000002" id="VTR:PassengerStopAssignment:59753" version="1">
              <ScheduledStopPointRef ref="VTR:ScheduledStopPoint:59753" version="1"/>
              <QuayRef ref="VTR:Quay:21136"/>
            </PassengerStopAssignment>
            <PassengerStopAssignment order="359000003" id="VTR:PassengerStopAssignment:59754" version="1">
              <ScheduledStopPointRef ref="VTR:ScheduledStopPoint:59754" version="1"/>
              <QuayRef ref="VTR:Quay:16246"/>
            </PassengerStopAssignment>
            <PassengerStopAssignment order="359000004" id="VTR:PassengerStopAssignment:59755" version="1">
              <ScheduledStopPointRef ref="VTR:ScheduledStopPoint:59755" version="1"/>
              <QuayRef ref="VTR:Quay:11261"/>
            </PassengerStopAssignment>
            <PassengerStopAssignment order="359000005" id="VTR:PassengerStopAssignment:59756" version="1">
              <ScheduledStopPointRef ref="VTR:ScheduledStopPoint:59756" version="1"/>
              <QuayRef ref="VTR:Quay:9360"/>
            </PassengerStopAssignment>
            <PassengerStopAssignment order="359000006" id="VTR:PassengerStopAssignment:59757" version="1">
              <ScheduledStopPointRef ref="VTR:ScheduledStopPoint:59757" version="1"/>
              <QuayRef ref="VTR:Quay:7721"/>
            </PassengerStopAssignment>
            <PassengerStopAssignment order="359000007" id="VTR:PassengerStopAssignment:59758" version="1">
              <ScheduledStopPointRef ref="VTR:ScheduledStopPoint:59758" version="1"/>
              <QuayRef ref="VTR:Quay:6440"/>
            </PassengerStopAssignment>
            <PassengerStopAssignment order="359000008" id="VTR:PassengerStopAssignment:59759" version="1">
              <ScheduledStopPointRef ref="VTR:ScheduledStopPoint:59759" version="1"/>
              <QuayRef ref="VTR:Quay:9372"/>
            </PassengerStopAssignment>
            <PassengerStopAssignment order="359000009" id="VTR:PassengerStopAssignment:59760" version="1">
              <ScheduledStopPointRef ref="VTR:ScheduledStopPoint:59760" version="1"/>
              <QuayRef ref="VTR:Quay:12245"/>
            </PassengerStopAssignment>
            <PassengerStopAssignment order="359000010" id="VTR:PassengerStopAssignment:103723" version="1">
              <ScheduledStopPointRef ref="VTR:ScheduledStopPoint:103723" version="1"/>
              <QuayRef ref="VTR:Quay:16256"/>
            </PassengerStopAssignment>
            <PassengerStopAssignment order="359000011" id="VTR:PassengerStopAssignment:59761" version="1">
              <ScheduledStopPointRef ref="VTR:ScheduledStopPoint:59761" version="1"/>
              <QuayRef ref="VTR:Quay:13858"/>
            </PassengerStopAssignment>
            <PassengerStopAssignment order="359000012" id="VTR:PassengerStopAssignment:59762" version="1">
              <ScheduledStopPointRef ref="VTR:ScheduledStopPoint:59762" version="1"/>
              <QuayRef ref="VTR:Quay:21094"/>
            </PassengerStopAssignment>
            <PassengerStopAssignment order="359200000" id="VTR:PassengerStopAssignment:59787" version="1">
              <ScheduledStopPointRef ref="VTR:ScheduledStopPoint:59787" version="1"/>
              <QuayRef ref="VTR:Quay:21094"/>
            </PassengerStopAssignment>
            <PassengerStopAssignment order="359200001" id="VTR:PassengerStopAssignment:59786" version="1">
              <ScheduledStopPointRef ref="VTR:ScheduledStopPoint:59786" version="1"/>
              <QuayRef ref="VTR:Quay:13858"/>
            </PassengerStopAssignment>
            <PassengerStopAssignment order="359200002" id="VTR:PassengerStopAssignment:103724" version="1">
              <ScheduledStopPointRef ref="VTR:ScheduledStopPoint:103724" version="1"/>
              <QuayRef ref="VTR:Quay:16256"/>
            </PassengerStopAssignment>
            <PassengerStopAssignment order="359200003" id="VTR:PassengerStopAssignment:59797" version="1">
              <ScheduledStopPointRef ref="VTR:ScheduledStopPoint:59797" version="1"/>
              <QuayRef ref="VTR:Quay:4730"/>
            </PassengerStopAssignment>
            <PassengerStopAssignment order="359200004" id="VTR:PassengerStopAssignment:59783" version="1">
              <ScheduledStopPointRef ref="VTR:ScheduledStopPoint:59783" version="1"/>
              <QuayRef ref="VTR:Quay:6440"/>
            </PassengerStopAssignment>
            <PassengerStopAssignment order="359200005" id="VTR:PassengerStopAssignment:59798" version="1">
              <ScheduledStopPointRef ref="VTR:ScheduledStopPoint:59798" version="1"/>
              <QuayRef ref="VTR:Quay:16247"/>
            </PassengerStopAssignment>
            <PassengerStopAssignment order="359200006" id="VTR:PassengerStopAssignment:59799" version="1">
              <ScheduledStopPointRef ref="VTR:ScheduledStopPoint:59799" version="1"/>
              <QuayRef ref="VTR:Quay:14254"/>
            </PassengerStopAssignment>
            <PassengerStopAssignment order="359200007" id="VTR:PassengerStopAssignment:59800" version="1">
              <ScheduledStopPointRef ref="VTR:ScheduledStopPoint:59800" version="1"/>
              <QuayRef ref="VTR:Quay:16237"/>
            </PassengerStopAssignment>
            <PassengerStopAssignment order="359200008" id="VTR:PassengerStopAssignment:59801" version="1">
              <ScheduledStopPointRef ref="VTR:ScheduledStopPoint:59801" version="1"/>
              <QuayRef ref="VTR:Quay:8282"/>
            </PassengerStopAssignment>
            <PassengerStopAssignment order="359200009" id="VTR:PassengerStopAssignment:59802" version="1">
              <ScheduledStopPointRef ref="VTR:ScheduledStopPoint:59802" version="1"/>
              <QuayRef ref="VTR:Quay:21135"/>
            </PassengerStopAssignment>
            <PassengerStopAssignment order="359200010" id="VTR:PassengerStopAssignment:59803" version="1">
              <ScheduledStopPointRef ref="VTR:ScheduledStopPoint:59803" version="1"/>
              <QuayRef ref="VTR:Quay:21133"/>
            </PassengerStopAssignment>
            <PassengerStopAssignment order="359200011" id="VTR:PassengerStopAssignment:59776" version="1">
              <ScheduledStopPointRef ref="VTR:ScheduledStopPoint:59776" version="1"/>
              <QuayRef ref="VTR:Quay:19451"/>
            </PassengerStopAssignment>
          </stopAssignments>
          <journeyPatterns>
            <JourneyPattern id="VTR:JourneyPattern:57659" version="57717">
              <Name>2</Name>
              <RouteRef ref="VTR:Route:3592" version="1"/>
              <pointsInSequence>
                <StopPointInJourneyPattern id="VTR:StopPointInJourneyPattern:1162016" version="57717" order="1">
                  <ScheduledStopPointRef ref="VTR:ScheduledStopPoint:59787"/>
                  <DestinationDisplayRef ref="VTR:DestinationDisplay:1"/>
                </StopPointInJourneyPattern>
                <StopPointInJourneyPattern id="VTR:StopPointInJourneyPattern:1162017" version="57717" order="2">
                  <ScheduledStopPointRef ref="VTR:ScheduledStopPoint:59786"/>
                  <DestinationDisplayRef ref="VTR:DestinationDisplay:1"/>
                </StopPointInJourneyPattern>
                <StopPointInJourneyPattern id="VTR:StopPointInJourneyPattern:1162018" version="57717" order="3">
                  <ScheduledStopPointRef ref="VTR:ScheduledStopPoint:103724"/>
                  <DestinationDisplayRef ref="VTR:DestinationDisplay:1"/>
                </StopPointInJourneyPattern>
                <StopPointInJourneyPattern id="VTR:StopPointInJourneyPattern:1162019" version="57717" order="4">
                  <ScheduledStopPointRef ref="VTR:ScheduledStopPoint:59797"/>
                  <DestinationDisplayRef ref="VTR:DestinationDisplay:1"/>
                </StopPointInJourneyPattern>
                <StopPointInJourneyPattern id="VTR:StopPointInJourneyPattern:1162020" version="57717" order="5">
                  <ScheduledStopPointRef ref="VTR:ScheduledStopPoint:59783"/>
                  <DestinationDisplayRef ref="VTR:DestinationDisplay:1"/>
                </StopPointInJourneyPattern>
                <StopPointInJourneyPattern id="VTR:StopPointInJourneyPattern:1162021" version="57717" order="6">
                  <ScheduledStopPointRef ref="VTR:ScheduledStopPoint:59798"/>
                  <DestinationDisplayRef ref="VTR:DestinationDisplay:1"/>
                </StopPointInJourneyPattern>
                <StopPointInJourneyPattern id="VTR:StopPointInJourneyPattern:1162022" version="57717" order="7">
                  <ScheduledStopPointRef ref="VTR:ScheduledStopPoint:59799"/>
                  <DestinationDisplayRef ref="VTR:DestinationDisplay:1"/>
                </StopPointInJourneyPattern>
                <StopPointInJourneyPattern id="VTR:StopPointInJourneyPattern:1162023" version="57717" order="8">
                  <ScheduledStopPointRef ref="VTR:ScheduledStopPoint:59800"/>
                  <DestinationDisplayRef ref="VTR:DestinationDisplay:1"/>
                </StopPointInJourneyPattern>
                <StopPointInJourneyPattern id="VTR:StopPointInJourneyPattern:1162024" version="57717" order="9">
                  <ScheduledStopPointRef ref="VTR:ScheduledStopPoint:59801"/>
                  <DestinationDisplayRef ref="VTR:DestinationDisplay:1"/>
                </StopPointInJourneyPattern>
                <StopPointInJourneyPattern id="VTR:StopPointInJourneyPattern:1162025" version="57717" order="10">
                  <ScheduledStopPointRef ref="VTR:ScheduledStopPoint:59802"/>
                  <DestinationDisplayRef ref="VTR:DestinationDisplay:1"/>
                </StopPointInJourneyPattern>
                <StopPointInJourneyPattern id="VTR:StopPointInJourneyPattern:1162026" version="57717" order="11">
                  <ScheduledStopPointRef ref="VTR:ScheduledStopPoint:59803"/>
                  <DestinationDisplayRef ref="VTR:DestinationDisplay:1"/>
                </StopPointInJourneyPattern>
                <StopPointInJourneyPattern id="VTR:StopPointInJourneyPattern:1162027" version="57717" order="12">
                  <ScheduledStopPointRef ref="VTR:ScheduledStopPoint:59776"/>
                  <DestinationDisplayRef ref="VTR:DestinationDisplay:1"/>
                </StopPointInJourneyPattern>
              </pointsInSequence>
            </JourneyPattern>
            <JourneyPattern id="VTR:JourneyPattern:57660" version="57718">
              <Name>1</Name>
              <RouteRef ref="VTR:Route:3590" version="1"/>
              <pointsInSequence>
                <StopPointInJourneyPattern id="VTR:StopPointInJourneyPattern:1162028" version="57718" order="1">
                  <ScheduledStopPointRef ref="VTR:ScheduledStopPoint:59751"/>
                  <DestinationDisplayRef ref="VTR:DestinationDisplay:1"/>
                </StopPointInJourneyPattern>
                <StopPointInJourneyPattern id="VTR:StopPointInJourneyPattern:1162029" version="57718" order="2">
                  <ScheduledStopPointRef ref="VTR:ScheduledStopPoint:59752"/>
                  <DestinationDisplayRef ref="VTR:DestinationDisplay:1"/>
                </StopPointInJourneyPattern>
                <StopPointInJourneyPattern id="VTR:StopPointInJourneyPattern:1162030" version="57718" order="3">
                  <ScheduledStopPointRef ref="VTR:ScheduledStopPoint:59753"/>
                  <DestinationDisplayRef ref="VTR:DestinationDisplay:1"/>
                </StopPointInJourneyPattern>
                <StopPointInJourneyPattern id="VTR:StopPointInJourneyPattern:1162031" version="57718" order="4">
                  <ScheduledStopPointRef ref="VTR:ScheduledStopPoint:59754"/>
                  <DestinationDisplayRef ref="VTR:DestinationDisplay:1"/>
                </StopPointInJourneyPattern>
                <StopPointInJourneyPattern id="VTR:StopPointInJourneyPattern:1162032" version="57718" order="5">
                  <ScheduledStopPointRef ref="VTR:ScheduledStopPoint:59755"/>
                  <DestinationDisplayRef ref="VTR:DestinationDisplay:1"/>
                </StopPointInJourneyPattern>
                <StopPointInJourneyPattern id="VTR:StopPointInJourneyPattern:1162033" version="57718" order="6">
                  <ScheduledStopPointRef ref="VTR:ScheduledStopPoint:59756"/>
                  <DestinationDisplayRef ref="VTR:DestinationDisplay:1"/>
                </StopPointInJourneyPattern>
                <StopPointInJourneyPattern id="VTR:StopPointInJourneyPattern:1162034" version="57718" order="7">
                  <ScheduledStopPointRef ref="VTR:ScheduledStopPoint:59757"/>
                  <DestinationDisplayRef ref="VTR:DestinationDisplay:1"/>
                </StopPointInJourneyPattern>
                <StopPointInJourneyPattern id="VTR:StopPointInJourneyPattern:1162035" version="57718" order="8">
                  <ScheduledStopPointRef ref="VTR:ScheduledStopPoint:59758"/>
                  <DestinationDisplayRef ref="VTR:DestinationDisplay:1"/>
                </StopPointInJourneyPattern>
                <StopPointInJourneyPattern id="VTR:StopPointInJourneyPattern:1162036" version="57718" order="9">
                  <ScheduledStopPointRef ref="VTR:ScheduledStopPoint:59759"/>
                  <DestinationDisplayRef ref="VTR:DestinationDisplay:1"/>
                </StopPointInJourneyPattern>
                <StopPointInJourneyPattern id="VTR:StopPointInJourneyPattern:1162037" version="57718" order="10">
                  <ScheduledStopPointRef ref="VTR:ScheduledStopPoint:59760"/>
                  <DestinationDisplayRef ref="VTR:DestinationDisplay:1"/>
                </StopPointInJourneyPattern>
                <StopPointInJourneyPattern id="VTR:StopPointInJourneyPattern:1162038" version="57718" order="11">
                  <ScheduledStopPointRef ref="VTR:ScheduledStopPoint:103723"/>
                  <DestinationDisplayRef ref="VTR:DestinationDisplay:1"/>
                </StopPointInJourneyPattern>
                <StopPointInJourneyPattern id="VTR:StopPointInJourneyPattern:1162039" version="57718" order="12">
                  <ScheduledStopPointRef ref="VTR:ScheduledStopPoint:59761"/>
                  <DestinationDisplayRef ref="VTR:DestinationDisplay:1"/>
                </StopPointInJourneyPattern>
                <StopPointInJourneyPattern id="VTR:StopPointInJourneyPattern:1162040" version="57718" order="13">
                  <ScheduledStopPointRef ref="VTR:ScheduledStopPoint:59762"/>
                  <DestinationDisplayRef ref="VTR:DestinationDisplay:1"/>
                </StopPointInJourneyPattern>
              </pointsInSequence>
            </JourneyPattern>
          </journeyPatterns>
        </ServiceFrame>
        <TimetableFrame version="1" id="VTR:TimetableFrame:1399">
          <vehicleJourneys>
            <ServiceJourney version="57718" id="VTR:ServiceJourney:57660">
              <Name>Telšiai - Gadūnavas - Pasruojė</Name>
              <PrivateCode>1</PrivateCode>
              <dayTypes>
                <DayTypeRef ref="VTR:DayType:1226"/>
              </dayTypes>
              <JourneyPatternRef version="57718" ref="VTR:JourneyPattern:57660"/>
              <OperatorRef ref="VTR:Operator:526"/>
              <LineRef ref="VTR:Line:1484" version="1467"/>
              <passingTimes>
                <TimetabledPassingTime version="57718" id="VTR:TimetabledPassingTime:57660_1162028_1">
                  <StopPointInJourneyPatternRef ref="VTR:StopPointInJourneyPattern:1162028" version="57718"/>
                  <DepartureTime>13:45:00</DepartureTime>
                  <DepartureDayOffset>0</DepartureDayOffset>
                </TimetabledPassingTime>
                <TimetabledPassingTime version="57718" id="VTR:TimetabledPassingTime:57660_1162029_2">
                  <StopPointInJourneyPatternRef ref="VTR:StopPointInJourneyPattern:1162029" version="57718"/>
                  <DepartureTime>13:47:00</DepartureTime>
                  <DepartureDayOffset>0</DepartureDayOffset>
                </TimetabledPassingTime>
                <TimetabledPassingTime version="57718" id="VTR:TimetabledPassingTime:57660_1162030_3">
                  <StopPointInJourneyPatternRef ref="VTR:StopPointInJourneyPattern:1162030" version="57718"/>
                  <DepartureTime>13:50:00</DepartureTime>
                  <DepartureDayOffset>0</DepartureDayOffset>
                </TimetabledPassingTime>
                <TimetabledPassingTime version="57718" id="VTR:TimetabledPassingTime:57660_1162031_4">
                  <StopPointInJourneyPatternRef ref="VTR:StopPointInJourneyPattern:1162031" version="57718"/>
                  <DepartureTime>13:52:00</DepartureTime>
                  <DepartureDayOffset>0</DepartureDayOffset>
                </TimetabledPassingTime>
                <TimetabledPassingTime version="57718" id="VTR:TimetabledPassingTime:57660_1162032_5">
                  <StopPointInJourneyPatternRef ref="VTR:StopPointInJourneyPattern:1162032" version="57718"/>
                  <DepartureTime>13:54:00</DepartureTime>
                  <DepartureDayOffset>0</DepartureDayOffset>
                </TimetabledPassingTime>
                <TimetabledPassingTime version="57718" id="VTR:TimetabledPassingTime:57660_1162033_6">
                  <StopPointInJourneyPatternRef ref="VTR:StopPointInJourneyPattern:1162033" version="57718"/>
                  <DepartureTime>13:57:00</DepartureTime>
                  <DepartureDayOffset>0</DepartureDayOffset>
                </TimetabledPassingTime>
                <TimetabledPassingTime version="57718" id="VTR:TimetabledPassingTime:57660_1162034_7">
                  <StopPointInJourneyPatternRef ref="VTR:StopPointInJourneyPattern:1162034" version="57718"/>
                  <DepartureTime>14:00:00</DepartureTime>
                  <DepartureDayOffset>0</DepartureDayOffset>
                </TimetabledPassingTime>
                <TimetabledPassingTime version="57718" id="VTR:TimetabledPassingTime:57660_1162035_8">
                  <StopPointInJourneyPatternRef ref="VTR:StopPointInJourneyPattern:1162035" version="57718"/>
                  <DepartureTime>14:05:00</DepartureTime>
                  <DepartureDayOffset>0</DepartureDayOffset>
                </TimetabledPassingTime>
                <TimetabledPassingTime version="57718" id="VTR:TimetabledPassingTime:57660_1162036_9">
                  <StopPointInJourneyPatternRef ref="VTR:StopPointInJourneyPattern:1162036" version="57718"/>
                  <DepartureTime>14:08:00</DepartureTime>
                  <DepartureDayOffset>0</DepartureDayOffset>
                </TimetabledPassingTime>
                <TimetabledPassingTime version="57718" id="VTR:TimetabledPassingTime:57660_1162037_10">
                  <StopPointInJourneyPatternRef ref="VTR:StopPointInJourneyPattern:1162037" version="57718"/>
                  <DepartureTime>14:13:00</DepartureTime>
                  <DepartureDayOffset>0</DepartureDayOffset>
                </TimetabledPassingTime>
                <TimetabledPassingTime version="57718" id="VTR:TimetabledPassingTime:57660_1162038_11">
                  <StopPointInJourneyPatternRef ref="VTR:StopPointInJourneyPattern:1162038" version="57718"/>
                  <DepartureTime>14:15:00</DepartureTime>
                  <DepartureDayOffset>0</DepartureDayOffset>
                </TimetabledPassingTime>
                <TimetabledPassingTime version="57718" id="VTR:TimetabledPassingTime:57660_1162039_12">
                  <StopPointInJourneyPatternRef ref="VTR:StopPointInJourneyPattern:1162039" version="57718"/>
                  <DepartureTime>14:20:00</DepartureTime>
                  <DepartureDayOffset>0</DepartureDayOffset>
                </TimetabledPassingTime>
                <TimetabledPassingTime version="57718" id="VTR:TimetabledPassingTime:57660_1162040_13">
                  <StopPointInJourneyPatternRef ref="VTR:StopPointInJourneyPattern:1162040" version="57718"/>
                  <DepartureTime>14:25:00</DepartureTime>
                  <DepartureDayOffset>0</DepartureDayOffset>
                </TimetabledPassingTime>
              </passingTimes>
            </ServiceJourney>
            <ServiceJourney version="57717" id="VTR:ServiceJourney:57659">
              <Name>Pasruojė - Gadūnavas - Telšiai</Name>
              <PrivateCode>2</PrivateCode>
              <dayTypes>
                <DayTypeRef ref="VTR:DayType:1226"/>
              </dayTypes>
              <JourneyPatternRef version="57717" ref="VTR:JourneyPattern:57659"/>
              <OperatorRef ref="VTR:Operator:526"/>
              <LineRef ref="VTR:Line:1484" version="1467"/>
              <passingTimes>
                <TimetabledPassingTime version="57717" id="VTR:TimetabledPassingTime:57659_1162016_1">
                  <StopPointInJourneyPatternRef ref="VTR:StopPointInJourneyPattern:1162016" version="57717"/>
                  <DepartureTime>14:30:00</DepartureTime>
                  <DepartureDayOffset>0</DepartureDayOffset>
                </TimetabledPassingTime>
                <TimetabledPassingTime version="57717" id="VTR:TimetabledPassingTime:57659_1162017_2">
                  <StopPointInJourneyPatternRef ref="VTR:StopPointInJourneyPattern:1162017" version="57717"/>
                  <DepartureTime>14:35:00</DepartureTime>
                  <DepartureDayOffset>0</DepartureDayOffset>
                </TimetabledPassingTime>
                <TimetabledPassingTime version="57717" id="VTR:TimetabledPassingTime:57659_1162018_3">
                  <StopPointInJourneyPatternRef ref="VTR:StopPointInJourneyPattern:1162018" version="57717"/>
                  <DepartureTime>14:40:00</DepartureTime>
                  <DepartureDayOffset>0</DepartureDayOffset>
                </TimetabledPassingTime>
                <TimetabledPassingTime version="57717" id="VTR:TimetabledPassingTime:57659_1162019_4">
                  <StopPointInJourneyPatternRef ref="VTR:StopPointInJourneyPattern:1162019" version="57717"/>
                  <DepartureTime>14:42:00</DepartureTime>
                  <DepartureDayOffset>0</DepartureDayOffset>
                </TimetabledPassingTime>
                <TimetabledPassingTime version="57717" id="VTR:TimetabledPassingTime:57659_1162020_5">
                  <StopPointInJourneyPatternRef ref="VTR:StopPointInJourneyPattern:1162020" version="57717"/>
                  <DepartureTime>14:50:00</DepartureTime>
                  <DepartureDayOffset>0</DepartureDayOffset>
                </TimetabledPassingTime>
                <TimetabledPassingTime version="57717" id="VTR:TimetabledPassingTime:57659_1162021_6">
                  <StopPointInJourneyPatternRef ref="VTR:StopPointInJourneyPattern:1162021" version="57717"/>
                  <DepartureTime>14:53:00</DepartureTime>
                  <DepartureDayOffset>0</DepartureDayOffset>
                </TimetabledPassingTime>
                <TimetabledPassingTime version="57717" id="VTR:TimetabledPassingTime:57659_1162022_7">
                  <StopPointInJourneyPatternRef ref="VTR:StopPointInJourneyPattern:1162022" version="57717"/>
                  <DepartureTime>14:57:00</DepartureTime>
                  <DepartureDayOffset>0</DepartureDayOffset>
                </TimetabledPassingTime>
                <TimetabledPassingTime version="57717" id="VTR:TimetabledPassingTime:57659_1162023_8">
                  <StopPointInJourneyPatternRef ref="VTR:StopPointInJourneyPattern:1162023" version="57717"/>
                  <DepartureTime>14:59:00</DepartureTime>
                  <DepartureDayOffset>0</DepartureDayOffset>
                </TimetabledPassingTime>
                <TimetabledPassingTime version="57717" id="VTR:TimetabledPassingTime:57659_1162024_9">
                  <StopPointInJourneyPatternRef ref="VTR:StopPointInJourneyPattern:1162024" version="57717"/>
                  <DepartureTime>15:02:00</DepartureTime>
                  <DepartureDayOffset>0</DepartureDayOffset>
                </TimetabledPassingTime>
                <TimetabledPassingTime version="57717" id="VTR:TimetabledPassingTime:57659_1162025_10">
                  <StopPointInJourneyPatternRef ref="VTR:StopPointInJourneyPattern:1162025" version="57717"/>
                  <DepartureTime>15:05:00</DepartureTime>
                  <DepartureDayOffset>0</DepartureDayOffset>
                </TimetabledPassingTime>
                <TimetabledPassingTime version="57717" id="VTR:TimetabledPassingTime:57659_1162026_11">
                  <StopPointInJourneyPatternRef ref="VTR:StopPointInJourneyPattern:1162026" version="57717"/>
                  <DepartureTime>15:08:00</DepartureTime>
                  <DepartureDayOffset>0</DepartureDayOffset>
                </TimetabledPassingTime>
                <TimetabledPassingTime version="57717" id="VTR:TimetabledPassingTime:57659_1162027_12">
                  <StopPointInJourneyPatternRef ref="VTR:StopPointInJourneyPattern:1162027" version="57717"/>
                  <DepartureTime>15:10:00</DepartureTime>
                  <DepartureDayOffset>0</DepartureDayOffset>
                </TimetabledPassingTime>
              </passingTimes>
            </ServiceJourney>
          </vehicleJourneys>
        </TimetableFrame>
        <ResourceFrame version="1" id="VTR:ResourceFrame:1399">
          <organisations>
            <Authority version="1" id="VTR:Authority:31">
              <CompanyNumber>78</CompanyNumber>
              <Name>Telšių r. sav.</Name>
              <LegalName>Telšių r. sav.</LegalName>
              <ContactDetails>
                <Email>zita.simaitiene@telsiai.lt</Email>
                <Phone>8 444 56183</Phone>
                <Url>www.telsiai.lt</Url>
              </ContactDetails>
              <OrganisationType>authority</OrganisationType>
            </Authority>
          </organisations>
        </ResourceFrame>
        <FareFrame id="VTR:FareFrame:1484" version="1">
          <FrameDefaults>
            <DefaultCurrency>EUR</DefaultCurrency>
          </FrameDefaults>
          <usageParameters>
            <RoundTrip id="VTR:RoundTrip:single" version="1">
              <Name>Single</Name>
              <TripType>single</TripType>
            </RoundTrip>
            <FrequencyOfUse id="VTR:FrequencyOfUse:once" version="1">
              <Name>Once</Name>
              <MaximalFrequency>1</MaximalFrequency>
            </FrequencyOfUse>
          </usageParameters>
          <priceGroups>
            <PriceGroup id="VTR:PriceGroup:PG01" version="1">
              <Name>Flat Fare Products - Standard</Name>
              <members>
                <FareProductPrice id="VTR:FareProductPrice:standard" version="1">
                  <Name>Single fare</Name>
                  <Amount>0.12</Amount>
                  <Currency>EUR</Currency>
                </FareProductPrice>
              </members>
            </PriceGroup>
          </priceGroups>
        </FareFrame>
      </frames>
    </CompositeFrame>
  </dataObjects>
</PublicationDelivery>
