<?xml version="1.0" encoding="UTF-8"?><PublicationDelivery xmlns="http://www.netex.org.uk/netex" xmlns:gis="http://www.opengis.net/gml/3.2" xmlns:ns2="http://www.opengis.net/gml/3.2" xmlns:ns3="http://www.siri.org.uk/siri" xmlns:xsi="http://www.w3.org/2001/XMLSchema-instance" version="1" xsi:schemaLocation="">
  <PublicationTimestamp>2022-05-07T04:30:00.224</PublicationTimestamp>
  <ParticipantRef>VTR</ParticipantRef>
  <Description>1</Description>
  <dataObjects>
    <CompositeFrame created="2022-05-07T04:30:00.224" version="1" id="VTR:CompositeFrame:1394">
      <validityConditions>
        <AvailabilityCondition version="1" id="VTR:AvailabilityCondition:1394">
          <FromDate>2016-10-10T10:23:01</FromDate>
          <ToDate>2027-12-30T00:00:00</ToDate>
        </AvailabilityCondition>
      </validityConditions>
      <codespaces>
        <Codespace id="vtr">
          <Xmlns>VTR</Xmlns>
          <XmlnsUrl>http://www.visimarsrutai.lt/</XmlnsUrl>
        </Codespace>
      </codespaces>
      <FrameDefaults>
        <DefaultLocale>
          <TimeZone>Europe/Vilnius</TimeZone>
        </DefaultLocale>
        <DefaultLocationSystem>WGS84</DefaultLocationSystem>
      </FrameDefaults>
      <frames>
        <ServiceCalendarFrame version="1" id="VTR:ServiceCalendarFrame:1394">
          <dayTypes>
            <DayType id="VTR:DayType:1051" version="1">
              <properties>
                <PropertyOfDay>
                  <DaysOfWeek>Monday Tuesday Wednesday Thursday Friday</DaysOfWeek>
                </PropertyOfDay>
              </properties>
            </DayType>
          </dayTypes>
          <operatingPeriods>
            <OperatingPeriod version="1" id="VTR:OperatingPeriod:1051">
              <FromDate>2017-09-01T00:00:00</FromDate>
              <ToDate>2020-08-30T00:00:00</ToDate>
            </OperatingPeriod>
          </operatingPeriods>
          <dayTypeAssignments>
            <DayTypeAssignment id="VTR:DayTypeAssignment:1051_0" version="1" order="1129">
              <OperatingPeriodRef ref="VTR:OperatingPeriod:1051" version="1"/>
              <DayTypeRef ref="VTR:DayType:1051" version="1"/>
            </DayTypeAssignment>
          </dayTypeAssignments>
        </ServiceCalendarFrame>
        <ServiceFrame id="VTR:ServiceFrame:1394" version="1">
          <Network version="0" id="VTR:Network:23"/>
          <routePoints>
            <RoutePoint version="1" id="VTR:RoutePoint:812978">
              <projections>
                <PointProjection version="1" id="VTR:PointProjection:48956">
                  <ProjectedPointRef ref="VTR:ScheduledStopPoint:812978" version="1"/>
                </PointProjection>
              </projections>
            </RoutePoint>
            <RoutePoint version="1" id="VTR:RoutePoint:812982">
              <projections>
                <PointProjection version="1" id="VTR:PointProjection:48957">
                  <ProjectedPointRef ref="VTR:ScheduledStopPoint:812982" version="1"/>
                </PointProjection>
              </projections>
            </RoutePoint>
            <RoutePoint version="1" id="VTR:RoutePoint:812986">
              <projections>
                <PointProjection version="1" id="VTR:PointProjection:49025">
                  <ProjectedPointRef ref="VTR:ScheduledStopPoint:812986" version="1"/>
                </PointProjection>
              </projections>
            </RoutePoint>
            <RoutePoint version="1" id="VTR:RoutePoint:812991">
              <projections>
                <PointProjection version="1" id="VTR:PointProjection:49027">
                  <ProjectedPointRef ref="VTR:ScheduledStopPoint:812991" version="1"/>
                </PointProjection>
              </projections>
            </RoutePoint>
            <RoutePoint version="1" id="VTR:RoutePoint:813002">
              <projections>
                <PointProjection version="1" id="VTR:PointProjection:54134">
                  <ProjectedPointRef ref="VTR:ScheduledStopPoint:813002" version="1"/>
                </PointProjection>
              </projections>
            </RoutePoint>
            <RoutePoint version="1" id="VTR:RoutePoint:813003">
              <projections>
                <PointProjection version="1" id="VTR:PointProjection:54135">
                  <ProjectedPointRef ref="VTR:ScheduledStopPoint:813003" version="1"/>
                </PointProjection>
              </projections>
            </RoutePoint>
            <RoutePoint version="1" id="VTR:RoutePoint:813004">
              <projections>
                <PointProjection version="1" id="VTR:PointProjection:54136">
                  <ProjectedPointRef ref="VTR:ScheduledStopPoint:813004" version="1"/>
                </PointProjection>
              </projections>
            </RoutePoint>
            <RoutePoint version="1" id="VTR:RoutePoint:813005">
              <projections>
                <PointProjection version="1" id="VTR:PointProjection:54137">
                  <ProjectedPointRef ref="VTR:ScheduledStopPoint:813005" version="1"/>
                </PointProjection>
              </projections>
            </RoutePoint>
            <RoutePoint version="1" id="VTR:RoutePoint:813006">
              <projections>
                <PointProjection version="1" id="VTR:PointProjection:54138">
                  <ProjectedPointRef ref="VTR:ScheduledStopPoint:813006" version="1"/>
                </PointProjection>
              </projections>
            </RoutePoint>
            <RoutePoint version="1" id="VTR:RoutePoint:813007">
              <projections>
                <PointProjection version="1" id="VTR:PointProjection:54139">
                  <ProjectedPointRef ref="VTR:ScheduledStopPoint:813007" version="1"/>
                </PointProjection>
              </projections>
            </RoutePoint>
            <RoutePoint version="1" id="VTR:RoutePoint:813008">
              <projections>
                <PointProjection version="1" id="VTR:PointProjection:54140">
                  <ProjectedPointRef ref="VTR:ScheduledStopPoint:813008" version="1"/>
                </PointProjection>
              </projections>
            </RoutePoint>
            <RoutePoint version="1" id="VTR:RoutePoint:813009">
              <projections>
                <PointProjection version="1" id="VTR:PointProjection:54141">
                  <ProjectedPointRef ref="VTR:ScheduledStopPoint:813009" version="1"/>
                </PointProjection>
              </projections>
            </RoutePoint>
            <RoutePoint version="1" id="VTR:RoutePoint:813010">
              <projections>
                <PointProjection version="1" id="VTR:PointProjection:54142">
                  <ProjectedPointRef ref="VTR:ScheduledStopPoint:813010" version="1"/>
                </PointProjection>
              </projections>
            </RoutePoint>
            <RoutePoint version="1" id="VTR:RoutePoint:813011">
              <projections>
                <PointProjection version="1" id="VTR:PointProjection:54143">
                  <ProjectedPointRef ref="VTR:ScheduledStopPoint:813011" version="1"/>
                </PointProjection>
              </projections>
            </RoutePoint>
            <RoutePoint version="1" id="VTR:RoutePoint:813012">
              <projections>
                <PointProjection version="1" id="VTR:PointProjection:53990">
                  <ProjectedPointRef ref="VTR:ScheduledStopPoint:813012" version="1"/>
                </PointProjection>
              </projections>
            </RoutePoint>
            <RoutePoint version="1" id="VTR:RoutePoint:813016">
              <projections>
                <PointProjection version="1" id="VTR:PointProjection:53991">
                  <ProjectedPointRef ref="VTR:ScheduledStopPoint:813016" version="1"/>
                </PointProjection>
              </projections>
            </RoutePoint>
            <RoutePoint version="1" id="VTR:RoutePoint:813020">
              <projections>
                <PointProjection version="1" id="VTR:PointProjection:53992">
                  <ProjectedPointRef ref="VTR:ScheduledStopPoint:813020" version="1"/>
                </PointProjection>
              </projections>
            </RoutePoint>
            <RoutePoint version="1" id="VTR:RoutePoint:813025">
              <projections>
                <PointProjection version="1" id="VTR:PointProjection:53993">
                  <ProjectedPointRef ref="VTR:ScheduledStopPoint:813025" version="1"/>
                </PointProjection>
              </projections>
            </RoutePoint>
            <RoutePoint version="1" id="VTR:RoutePoint:813026">
              <projections>
                <PointProjection version="1" id="VTR:PointProjection:54510">
                  <ProjectedPointRef ref="VTR:ScheduledStopPoint:813026" version="1"/>
                </PointProjection>
              </projections>
            </RoutePoint>
            <RoutePoint version="1" id="VTR:RoutePoint:813027">
              <projections>
                <PointProjection version="1" id="VTR:PointProjection:54511">
                  <ProjectedPointRef ref="VTR:ScheduledStopPoint:813027" version="1"/>
                </PointProjection>
              </projections>
            </RoutePoint>
            <RoutePoint version="1" id="VTR:RoutePoint:813028">
              <projections>
                <PointProjection version="1" id="VTR:PointProjection:54512">
                  <ProjectedPointRef ref="VTR:ScheduledStopPoint:813028" version="1"/>
                </PointProjection>
              </projections>
            </RoutePoint>
            <RoutePoint version="1" id="VTR:RoutePoint:813029">
              <projections>
                <PointProjection version="1" id="VTR:PointProjection:54513">
                  <ProjectedPointRef ref="VTR:ScheduledStopPoint:813029" version="1"/>
                </PointProjection>
              </projections>
            </RoutePoint>
            <RoutePoint version="1" id="VTR:RoutePoint:813030">
              <projections>
                <PointProjection version="1" id="VTR:PointProjection:54514">
                  <ProjectedPointRef ref="VTR:ScheduledStopPoint:813030" version="1"/>
                </PointProjection>
              </projections>
            </RoutePoint>
            <RoutePoint version="1" id="VTR:RoutePoint:813031">
              <projections>
                <PointProjection version="1" id="VTR:PointProjection:54515">
                  <ProjectedPointRef ref="VTR:ScheduledStopPoint:813031" version="1"/>
                </PointProjection>
              </projections>
            </RoutePoint>
            <RoutePoint version="1" id="VTR:RoutePoint:813032">
              <projections>
                <PointProjection version="1" id="VTR:PointProjection:54516">
                  <ProjectedPointRef ref="VTR:ScheduledStopPoint:813032" version="1"/>
                </PointProjection>
              </projections>
            </RoutePoint>
            <RoutePoint version="1" id="VTR:RoutePoint:813033">
              <projections>
                <PointProjection version="1" id="VTR:PointProjection:54517">
                  <ProjectedPointRef ref="VTR:ScheduledStopPoint:813033" version="1"/>
                </PointProjection>
              </projections>
            </RoutePoint>
            <RoutePoint version="1" id="VTR:RoutePoint:813034">
              <projections>
                <PointProjection version="1" id="VTR:PointProjection:54518">
                  <ProjectedPointRef ref="VTR:ScheduledStopPoint:813034" version="1"/>
                </PointProjection>
              </projections>
            </RoutePoint>
            <RoutePoint version="1" id="VTR:RoutePoint:813035">
              <projections>
                <PointProjection version="1" id="VTR:PointProjection:54519">
                  <ProjectedPointRef ref="VTR:ScheduledStopPoint:813035" version="1"/>
                </PointProjection>
              </projections>
            </RoutePoint>
          </routePoints>
          <routes>
            <Route version="1" id="VTR:Route:14285">
              <Name>Vosiliškis-Raseiniai</Name>
              <ShortName>Vosiliškis-Raseiniai</ShortName>
              <LineRef ref="VTR:Line:4381" version="5023"/>
              <DirectionType>inbound</DirectionType>
              <pointsInSequence>
                <PointOnRoute version="1" id="VTR:PointOnRoute:813025" order="1">
                  <RoutePointRef ref="VTR:RoutePoint:813025"/>
                </PointOnRoute>
                <PointOnRoute version="1" id="VTR:PointOnRoute:813026" order="2">
                  <RoutePointRef ref="VTR:RoutePoint:813026"/>
                </PointOnRoute>
                <PointOnRoute version="1" id="VTR:PointOnRoute:813027" order="3">
                  <RoutePointRef ref="VTR:RoutePoint:813027"/>
                </PointOnRoute>
                <PointOnRoute version="1" id="VTR:PointOnRoute:813028" order="4">
                  <RoutePointRef ref="VTR:RoutePoint:813028"/>
                </PointOnRoute>
                <PointOnRoute version="1" id="VTR:PointOnRoute:813029" order="5">
                  <RoutePointRef ref="VTR:RoutePoint:813029"/>
                </PointOnRoute>
                <PointOnRoute version="1" id="VTR:PointOnRoute:813020" order="6">
                  <RoutePointRef ref="VTR:RoutePoint:813020"/>
                </PointOnRoute>
                <PointOnRoute version="1" id="VTR:PointOnRoute:813030" order="7">
                  <RoutePointRef ref="VTR:RoutePoint:813030"/>
                </PointOnRoute>
                <PointOnRoute version="1" id="VTR:PointOnRoute:813031" order="8">
                  <RoutePointRef ref="VTR:RoutePoint:813031"/>
                </PointOnRoute>
                <PointOnRoute version="1" id="VTR:PointOnRoute:813032" order="9">
                  <RoutePointRef ref="VTR:RoutePoint:813032"/>
                </PointOnRoute>
                <PointOnRoute version="1" id="VTR:PointOnRoute:813016" order="10">
                  <RoutePointRef ref="VTR:RoutePoint:813016"/>
                </PointOnRoute>
                <PointOnRoute version="1" id="VTR:PointOnRoute:813033" order="11">
                  <RoutePointRef ref="VTR:RoutePoint:813033"/>
                </PointOnRoute>
                <PointOnRoute version="1" id="VTR:PointOnRoute:813034" order="12">
                  <RoutePointRef ref="VTR:RoutePoint:813034"/>
                </PointOnRoute>
                <PointOnRoute version="1" id="VTR:PointOnRoute:813035" order="13">
                  <RoutePointRef ref="VTR:RoutePoint:813035"/>
                </PointOnRoute>
                <PointOnRoute version="1" id="VTR:PointOnRoute:813012" order="14">
                  <RoutePointRef ref="VTR:RoutePoint:813012"/>
                </PointOnRoute>
              </pointsInSequence>
            </Route>
            <Route version="1" id="VTR:Route:14284">
              <Name>Raseiniai-Vosiliškis</Name>
              <ShortName>Raseiniai-Vosiliškis</ShortName>
              <LineRef ref="VTR:Line:4381" version="5023"/>
              <DirectionType>outbound</DirectionType>
              <pointsInSequence>
                <PointOnRoute version="1" id="VTR:PointOnRoute:812978" order="1">
                  <RoutePointRef ref="VTR:RoutePoint:812978"/>
                </PointOnRoute>
                <PointOnRoute version="1" id="VTR:PointOnRoute:812982" order="5">
                  <RoutePointRef ref="VTR:RoutePoint:812982"/>
                </PointOnRoute>
                <PointOnRoute version="1" id="VTR:PointOnRoute:812986" order="9">
                  <RoutePointRef ref="VTR:RoutePoint:812986"/>
                </PointOnRoute>
                <PointOnRoute version="1" id="VTR:PointOnRoute:812991" order="14">
                  <RoutePointRef ref="VTR:RoutePoint:812991"/>
                </PointOnRoute>
              </pointsInSequence>
            </Route>
          </routes>
          <lines>
            <Line version="5023" id="VTR:Line:4381">
              <Name>Raseiniai-Vosiliškis-Raseiniai *R</Name>
              <TransportMode>bus</TransportMode>
              <TransportSubmode>
                <BusSubmode>regionalBus</BusSubmode>
              </TransportSubmode>
              <PublicCode>M-51a</PublicCode>
              <OperatorRef ref="VTR:Operator:23"/>
            </Line>
          </lines>
          <scheduledStopPoints>
            <ScheduledStopPoint version="1" id="VTR:ScheduledStopPoint:812978">
              <Name>Raseinių autobusų stotis</Name>
            </ScheduledStopPoint>
            <ScheduledStopPoint version="1" id="VTR:ScheduledStopPoint:812982">
              <Name>Dubysa</Name>
            </ScheduledStopPoint>
            <ScheduledStopPoint version="1" id="VTR:ScheduledStopPoint:812986">
              <Name>Pikčiūnų girininkija</Name>
            </ScheduledStopPoint>
            <ScheduledStopPoint version="1" id="VTR:ScheduledStopPoint:812991">
              <Name>Vosiliškis</Name>
            </ScheduledStopPoint>
            <ScheduledStopPoint version="1" id="VTR:ScheduledStopPoint:813002">
              <Name>Turgus</Name>
            </ScheduledStopPoint>
            <ScheduledStopPoint version="1" id="VTR:ScheduledStopPoint:813003">
              <Name>Gruzdiškė</Name>
            </ScheduledStopPoint>
            <ScheduledStopPoint version="1" id="VTR:ScheduledStopPoint:813004">
              <Name>Ginčaičiai</Name>
            </ScheduledStopPoint>
            <ScheduledStopPoint version="1" id="VTR:ScheduledStopPoint:813005">
              <Name>Kaulakiai</Name>
            </ScheduledStopPoint>
            <ScheduledStopPoint version="1" id="VTR:ScheduledStopPoint:813006">
              <Name>Sandrava</Name>
            </ScheduledStopPoint>
            <ScheduledStopPoint version="1" id="VTR:ScheduledStopPoint:813007">
              <Name>Pikčiūnai</Name>
            </ScheduledStopPoint>
            <ScheduledStopPoint version="1" id="VTR:ScheduledStopPoint:813008">
              <Name>Tautušiai</Name>
            </ScheduledStopPoint>
            <ScheduledStopPoint version="1" id="VTR:ScheduledStopPoint:813009">
              <Name>Papušinys</Name>
            </ScheduledStopPoint>
            <ScheduledStopPoint version="1" id="VTR:ScheduledStopPoint:813010">
              <Name>Sargeliai</Name>
            </ScheduledStopPoint>
            <ScheduledStopPoint version="1" id="VTR:ScheduledStopPoint:813011">
              <Name>Tandžiogala</Name>
            </ScheduledStopPoint>
            <ScheduledStopPoint version="1" id="VTR:ScheduledStopPoint:813012">
              <Name>Raseinių autobusų stotis</Name>
            </ScheduledStopPoint>
            <ScheduledStopPoint version="1" id="VTR:ScheduledStopPoint:813016">
              <Name>Dubysa</Name>
            </ScheduledStopPoint>
            <ScheduledStopPoint version="1" id="VTR:ScheduledStopPoint:813020">
              <Name>Pikčiūnų girininkija</Name>
            </ScheduledStopPoint>
            <ScheduledStopPoint version="1" id="VTR:ScheduledStopPoint:813025">
              <Name>Vosiliškis</Name>
            </ScheduledStopPoint>
            <ScheduledStopPoint version="1" id="VTR:ScheduledStopPoint:813026">
              <Name>Tandžiogala</Name>
            </ScheduledStopPoint>
            <ScheduledStopPoint version="1" id="VTR:ScheduledStopPoint:813027">
              <Name>Sargeliai</Name>
            </ScheduledStopPoint>
            <ScheduledStopPoint version="1" id="VTR:ScheduledStopPoint:813028">
              <Name>Papušinys</Name>
            </ScheduledStopPoint>
            <ScheduledStopPoint version="1" id="VTR:ScheduledStopPoint:813029">
              <Name>Tautušiai</Name>
            </ScheduledStopPoint>
            <ScheduledStopPoint version="1" id="VTR:ScheduledStopPoint:813030">
              <Name>Pikčiūnai</Name>
            </ScheduledStopPoint>
            <ScheduledStopPoint version="1" id="VTR:ScheduledStopPoint:813031">
              <Name>Sandrava</Name>
            </ScheduledStopPoint>
            <ScheduledStopPoint version="1" id="VTR:ScheduledStopPoint:813032">
              <Name>Kaulakiai</Name>
            </ScheduledStopPoint>
            <ScheduledStopPoint version="1" id="VTR:ScheduledStopPoint:813033">
              <Name>Ginčaičiai</Name>
            </ScheduledStopPoint>
            <ScheduledStopPoint version="1" id="VTR:ScheduledStopPoint:813034">
              <Name>Gruzdiškė</Name>
            </ScheduledStopPoint>
            <ScheduledStopPoint version="1" id="VTR:ScheduledStopPoint:813035">
              <Name>Vytauto Didžiojo g.</Name>
            </ScheduledStopPoint>
          </scheduledStopPoints>
          <serviceLinks>
            <ServiceLink id="VTR:ServiceLink:813006_1_813007_1" version="1">
              <Distance>3</Distance>
              <FromPointRef ref="VTR:ScheduledStopPoint:813006" version="1"/>
              <ToPointRef ref="VTR:ScheduledStopPoint:813007" version="1"/>
            </ServiceLink>
            <ServiceLink id="VTR:ServiceLink:813029_1_813020_1" version="1">
              <Distance>5</Distance>
              <FromPointRef ref="VTR:ScheduledStopPoint:813029" version="1"/>
              <ToPointRef ref="VTR:ScheduledStopPoint:813020" version="1"/>
            </ServiceLink>
            <ServiceLink id="VTR:ServiceLink:813011_1_812991_1" version="1">
              <Distance>2</Distance>
              <FromPointRef ref="VTR:ScheduledStopPoint:813011" version="1"/>
              <ToPointRef ref="VTR:ScheduledStopPoint:812991" version="1"/>
            </ServiceLink>
            <ServiceLink id="VTR:ServiceLink:813007_1_812986_1" version="1">
              <Distance>0</Distance>
              <FromPointRef ref="VTR:ScheduledStopPoint:813007" version="1"/>
              <ToPointRef ref="VTR:ScheduledStopPoint:812986" version="1"/>
            </ServiceLink>
            <ServiceLink id="VTR:ServiceLink:813016_1_813033_1" version="1">
              <Distance>1</Distance>
              <FromPointRef ref="VTR:ScheduledStopPoint:813016" version="1"/>
              <ToPointRef ref="VTR:ScheduledStopPoint:813033" version="1"/>
            </ServiceLink>
            <ServiceLink id="VTR:ServiceLink:813033_1_813034_1" version="1">
              <Distance>3</Distance>
              <FromPointRef ref="VTR:ScheduledStopPoint:813033" version="1"/>
              <ToPointRef ref="VTR:ScheduledStopPoint:813034" version="1"/>
            </ServiceLink>
            <ServiceLink id="VTR:ServiceLink:813010_1_813011_1" version="1">
              <Distance>2</Distance>
              <FromPointRef ref="VTR:ScheduledStopPoint:813010" version="1"/>
              <ToPointRef ref="VTR:ScheduledStopPoint:813011" version="1"/>
            </ServiceLink>
            <ServiceLink id="VTR:ServiceLink:813028_1_813029_1" version="1">
              <Distance>1</Distance>
              <FromPointRef ref="VTR:ScheduledStopPoint:813028" version="1"/>
              <ToPointRef ref="VTR:ScheduledStopPoint:813029" version="1"/>
            </ServiceLink>
            <ServiceLink id="VTR:ServiceLink:813004_1_812982_1" version="1">
              <Distance>1</Distance>
              <FromPointRef ref="VTR:ScheduledStopPoint:813004" version="1"/>
              <ToPointRef ref="VTR:ScheduledStopPoint:812982" version="1"/>
            </ServiceLink>
            <ServiceLink id="VTR:ServiceLink:813032_1_813016_1" version="1">
              <Distance>1</Distance>
              <FromPointRef ref="VTR:ScheduledStopPoint:813032" version="1"/>
              <ToPointRef ref="VTR:ScheduledStopPoint:813016" version="1"/>
            </ServiceLink>
            <ServiceLink id="VTR:ServiceLink:813025_1_813026_1" version="1">
              <Distance>2</Distance>
              <FromPointRef ref="VTR:ScheduledStopPoint:813025" version="1"/>
              <ToPointRef ref="VTR:ScheduledStopPoint:813026" version="1"/>
            </ServiceLink>
            <ServiceLink id="VTR:ServiceLink:813009_1_813010_1" version="1">
              <Distance>1</Distance>
              <FromPointRef ref="VTR:ScheduledStopPoint:813009" version="1"/>
              <ToPointRef ref="VTR:ScheduledStopPoint:813010" version="1"/>
            </ServiceLink>
            <ServiceLink id="VTR:ServiceLink:813031_1_813032_1" version="1">
              <Distance>2</Distance>
              <FromPointRef ref="VTR:ScheduledStopPoint:813031" version="1"/>
              <ToPointRef ref="VTR:ScheduledStopPoint:813032" version="1"/>
            </ServiceLink>
            <ServiceLink id="VTR:ServiceLink:813035_1_813012_1" version="1">
              <Distance>0</Distance>
              <FromPointRef ref="VTR:ScheduledStopPoint:813035" version="1"/>
              <ToPointRef ref="VTR:ScheduledStopPoint:813012" version="1"/>
            </ServiceLink>
            <ServiceLink id="VTR:ServiceLink:812978_1_813002_1" version="1">
              <Distance>0</Distance>
              <FromPointRef ref="VTR:ScheduledStopPoint:812978" version="1"/>
              <ToPointRef ref="VTR:ScheduledStopPoint:813002" version="1"/>
            </ServiceLink>
            <ServiceLink id="VTR:ServiceLink:813030_1_813031_1" version="1">
              <Distance>3</Distance>
              <FromPointRef ref="VTR:ScheduledStopPoint:813030" version="1"/>
              <ToPointRef ref="VTR:ScheduledStopPoint:813031" version="1"/>
            </ServiceLink>
            <ServiceLink id="VTR:ServiceLink:813003_1_813004_1" version="1">
              <Distance>3</Distance>
              <FromPointRef ref="VTR:ScheduledStopPoint:813003" version="1"/>
              <ToPointRef ref="VTR:ScheduledStopPoint:813004" version="1"/>
            </ServiceLink>
            <ServiceLink id="VTR:ServiceLink:813008_1_813009_1" version="1">
              <Distance>2</Distance>
              <FromPointRef ref="VTR:ScheduledStopPoint:813008" version="1"/>
              <ToPointRef ref="VTR:ScheduledStopPoint:813009" version="1"/>
            </ServiceLink>
            <ServiceLink id="VTR:ServiceLink:813005_1_813006_1" version="1">
              <Distance>2</Distance>
              <FromPointRef ref="VTR:ScheduledStopPoint:813005" version="1"/>
              <ToPointRef ref="VTR:ScheduledStopPoint:813006" version="1"/>
            </ServiceLink>
            <ServiceLink id="VTR:ServiceLink:813026_1_813027_1" version="1">
              <Distance>2</Distance>
              <FromPointRef ref="VTR:ScheduledStopPoint:813026" version="1"/>
              <ToPointRef ref="VTR:ScheduledStopPoint:813027" version="1"/>
            </ServiceLink>
            <ServiceLink id="VTR:ServiceLink:812982_1_813005_1" version="1">
              <Distance>1</Distance>
              <FromPointRef ref="VTR:ScheduledStopPoint:812982" version="1"/>
              <ToPointRef ref="VTR:ScheduledStopPoint:813005" version="1"/>
            </ServiceLink>
            <ServiceLink id="VTR:ServiceLink:813034_1_813035_1" version="1">
              <Distance>3</Distance>
              <FromPointRef ref="VTR:ScheduledStopPoint:813034" version="1"/>
              <ToPointRef ref="VTR:ScheduledStopPoint:813035" version="1"/>
            </ServiceLink>
            <ServiceLink id="VTR:ServiceLink:813002_1_813003_1" version="1">
              <Distance>2</Distance>
              <FromPointRef ref="VTR:ScheduledStopPoint:813002" version="1"/>
              <ToPointRef ref="VTR:ScheduledStopPoint:813003" version="1"/>
            </ServiceLink>
            <ServiceLink id="VTR:ServiceLink:812986_1_813008_1" version="1">
              <Distance>5</Distance>
              <FromPointRef ref="VTR:ScheduledStopPoint:812986" version="1"/>
              <ToPointRef ref="VTR:ScheduledStopPoint:813008" version="1"/>
            </ServiceLink>
            <ServiceLink id="VTR:ServiceLink:813020_1_813030_1" version="1">
              <Distance>0</Distance>
              <FromPointRef ref="VTR:ScheduledStopPoint:813020" version="1"/>
              <ToPointRef ref="VTR:ScheduledStopPoint:813030" version="1"/>
            </ServiceLink>
            <ServiceLink id="VTR:ServiceLink:813027_1_813028_1" version="1">
              <Distance>1</Distance>
              <FromPointRef ref="VTR:ScheduledStopPoint:813027" version="1"/>
              <ToPointRef ref="VTR:ScheduledStopPoint:813028" version="1"/>
            </ServiceLink>
          </serviceLinks>
          <stopAssignments>
            <PassengerStopAssignment order="1428400000" id="VTR:PassengerStopAssignment:812978" version="1">
              <ScheduledStopPointRef ref="VTR:ScheduledStopPoint:812978" version="1"/>
              <QuayRef ref="VTR:Quay:19476"/>
            </PassengerStopAssignment>
            <PassengerStopAssignment order="1428400001" id="VTR:PassengerStopAssignment:813002" version="1">
              <ScheduledStopPointRef ref="VTR:ScheduledStopPoint:813002" version="1"/>
              <QuayRef ref="VTR:Quay:4972"/>
            </PassengerStopAssignment>
            <PassengerStopAssignment order="1428400002" id="VTR:PassengerStopAssignment:813003" version="1">
              <ScheduledStopPointRef ref="VTR:ScheduledStopPoint:813003" version="1"/>
              <QuayRef ref="VTR:Quay:11027"/>
            </PassengerStopAssignment>
            <PassengerStopAssignment order="1428400003" id="VTR:PassengerStopAssignment:813004" version="1">
              <ScheduledStopPointRef ref="VTR:ScheduledStopPoint:813004" version="1"/>
              <QuayRef ref="VTR:Quay:8125"/>
            </PassengerStopAssignment>
            <PassengerStopAssignment order="1428400004" id="VTR:PassengerStopAssignment:812982" version="1">
              <ScheduledStopPointRef ref="VTR:ScheduledStopPoint:812982" version="1"/>
              <QuayRef ref="VTR:Quay:12156"/>
            </PassengerStopAssignment>
            <PassengerStopAssignment order="1428400005" id="VTR:PassengerStopAssignment:813005" version="1">
              <ScheduledStopPointRef ref="VTR:ScheduledStopPoint:813005" version="1"/>
              <QuayRef ref="VTR:Quay:8115"/>
            </PassengerStopAssignment>
            <PassengerStopAssignment order="1428400006" id="VTR:PassengerStopAssignment:813006" version="1">
              <ScheduledStopPointRef ref="VTR:ScheduledStopPoint:813006" version="1"/>
              <QuayRef ref="VTR:Quay:12988"/>
            </PassengerStopAssignment>
            <PassengerStopAssignment order="1428400007" id="VTR:PassengerStopAssignment:813007" version="1">
              <ScheduledStopPointRef ref="VTR:ScheduledStopPoint:813007" version="1"/>
              <QuayRef ref="VTR:Quay:15971"/>
            </PassengerStopAssignment>
            <PassengerStopAssignment order="1428400008" id="VTR:PassengerStopAssignment:812986" version="1">
              <ScheduledStopPointRef ref="VTR:ScheduledStopPoint:812986" version="1"/>
              <QuayRef ref="VTR:Quay:30002"/>
            </PassengerStopAssignment>
            <PassengerStopAssignment order="1428400009" id="VTR:PassengerStopAssignment:813008" version="1">
              <ScheduledStopPointRef ref="VTR:ScheduledStopPoint:813008" version="1"/>
              <QuayRef ref="VTR:Quay:7160"/>
            </PassengerStopAssignment>
            <PassengerStopAssignment order="1428400010" id="VTR:PassengerStopAssignment:813009" version="1">
              <ScheduledStopPointRef ref="VTR:ScheduledStopPoint:813009" version="1"/>
              <QuayRef ref="VTR:Quay:6268"/>
            </PassengerStopAssignment>
            <PassengerStopAssignment order="1428400011" id="VTR:PassengerStopAssignment:813010" version="1">
              <ScheduledStopPointRef ref="VTR:ScheduledStopPoint:813010" version="1"/>
              <QuayRef ref="VTR:Quay:6282"/>
            </PassengerStopAssignment>
            <PassengerStopAssignment order="1428400012" id="VTR:PassengerStopAssignment:813011" version="1">
              <ScheduledStopPointRef ref="VTR:ScheduledStopPoint:813011" version="1"/>
              <QuayRef ref="VTR:Quay:8113"/>
            </PassengerStopAssignment>
            <PassengerStopAssignment order="1428400013" id="VTR:PassengerStopAssignment:812991" version="1">
              <ScheduledStopPointRef ref="VTR:ScheduledStopPoint:812991" version="1"/>
              <QuayRef ref="VTR:Quay:16016"/>
            </PassengerStopAssignment>
            <PassengerStopAssignment order="1428500000" id="VTR:PassengerStopAssignment:813025" version="1">
              <ScheduledStopPointRef ref="VTR:ScheduledStopPoint:813025" version="1"/>
              <QuayRef ref="VTR:Quay:16016"/>
            </PassengerStopAssignment>
            <PassengerStopAssignment order="1428500001" id="VTR:PassengerStopAssignment:813026" version="1">
              <ScheduledStopPointRef ref="VTR:ScheduledStopPoint:813026" version="1"/>
              <QuayRef ref="VTR:Quay:8064"/>
            </PassengerStopAssignment>
            <PassengerStopAssignment order="1428500002" id="VTR:PassengerStopAssignment:813027" version="1">
              <ScheduledStopPointRef ref="VTR:ScheduledStopPoint:813027" version="1"/>
              <QuayRef ref="VTR:Quay:15145"/>
            </PassengerStopAssignment>
            <PassengerStopAssignment order="1428500003" id="VTR:PassengerStopAssignment:813028" version="1">
              <ScheduledStopPointRef ref="VTR:ScheduledStopPoint:813028" version="1"/>
              <QuayRef ref="VTR:Quay:7085"/>
            </PassengerStopAssignment>
            <PassengerStopAssignment order="1428500004" id="VTR:PassengerStopAssignment:813029" version="1">
              <ScheduledStopPointRef ref="VTR:ScheduledStopPoint:813029" version="1"/>
              <QuayRef ref="VTR:Quay:9078"/>
            </PassengerStopAssignment>
            <PassengerStopAssignment order="1428500005" id="VTR:PassengerStopAssignment:813020" version="1">
              <ScheduledStopPointRef ref="VTR:ScheduledStopPoint:813020" version="1"/>
              <QuayRef ref="VTR:Quay:30002"/>
            </PassengerStopAssignment>
            <PassengerStopAssignment order="1428500006" id="VTR:PassengerStopAssignment:813030" version="1">
              <ScheduledStopPointRef ref="VTR:ScheduledStopPoint:813030" version="1"/>
              <QuayRef ref="VTR:Quay:12076"/>
            </PassengerStopAssignment>
            <PassengerStopAssignment order="1428500007" id="VTR:PassengerStopAssignment:813031" version="1">
              <ScheduledStopPointRef ref="VTR:ScheduledStopPoint:813031" version="1"/>
              <QuayRef ref="VTR:Quay:10970"/>
            </PassengerStopAssignment>
            <PassengerStopAssignment order="1428500008" id="VTR:PassengerStopAssignment:813032" version="1">
              <ScheduledStopPointRef ref="VTR:ScheduledStopPoint:813032" version="1"/>
              <QuayRef ref="VTR:Quay:10953"/>
            </PassengerStopAssignment>
            <PassengerStopAssignment order="1428500009" id="VTR:PassengerStopAssignment:813016" version="1">
              <ScheduledStopPointRef ref="VTR:ScheduledStopPoint:813016" version="1"/>
              <QuayRef ref="VTR:Quay:12156"/>
            </PassengerStopAssignment>
            <PassengerStopAssignment order="1428500010" id="VTR:PassengerStopAssignment:813033" version="1">
              <ScheduledStopPointRef ref="VTR:ScheduledStopPoint:813033" version="1"/>
              <QuayRef ref="VTR:Quay:9142"/>
            </PassengerStopAssignment>
            <PassengerStopAssignment order="1428500011" id="VTR:PassengerStopAssignment:813034" version="1">
              <ScheduledStopPointRef ref="VTR:ScheduledStopPoint:813034" version="1"/>
              <QuayRef ref="VTR:Quay:9139"/>
            </PassengerStopAssignment>
            <PassengerStopAssignment order="1428500012" id="VTR:PassengerStopAssignment:813035" version="1">
              <ScheduledStopPointRef ref="VTR:ScheduledStopPoint:813035" version="1"/>
              <QuayRef ref="VTR:Quay:24682"/>
            </PassengerStopAssignment>
            <PassengerStopAssignment order="1428500013" id="VTR:PassengerStopAssignment:813012" version="1">
              <ScheduledStopPointRef ref="VTR:ScheduledStopPoint:813012" version="1"/>
              <QuayRef ref="VTR:Quay:19476"/>
            </PassengerStopAssignment>
          </stopAssignments>
          <journeyPatterns>
            <JourneyPattern id="VTR:JourneyPattern:1528338" version="1529221">
              <Name>M-51a</Name>
              <RouteRef ref="VTR:Route:14284" version="1"/>
              <pointsInSequence>
                <StopPointInJourneyPattern id="VTR:StopPointInJourneyPattern:49699973" version="1529221" order="1">
                  <ScheduledStopPointRef ref="VTR:ScheduledStopPoint:812978"/>
                  <DestinationDisplayRef ref="VTR:DestinationDisplay:1"/>
                </StopPointInJourneyPattern>
                <StopPointInJourneyPattern id="VTR:StopPointInJourneyPattern:49699974" version="1529221" order="5">
                  <ScheduledStopPointRef ref="VTR:ScheduledStopPoint:812982"/>
                  <DestinationDisplayRef ref="VTR:DestinationDisplay:1"/>
                </StopPointInJourneyPattern>
                <StopPointInJourneyPattern id="VTR:StopPointInJourneyPattern:49699975" version="1529221" order="9">
                  <ScheduledStopPointRef ref="VTR:ScheduledStopPoint:812986"/>
                  <DestinationDisplayRef ref="VTR:DestinationDisplay:1"/>
                </StopPointInJourneyPattern>
                <StopPointInJourneyPattern id="VTR:StopPointInJourneyPattern:49699976" version="1529221" order="14">
                  <ScheduledStopPointRef ref="VTR:ScheduledStopPoint:812991"/>
                  <DestinationDisplayRef ref="VTR:DestinationDisplay:1"/>
                </StopPointInJourneyPattern>
              </pointsInSequence>
            </JourneyPattern>
            <JourneyPattern id="VTR:JourneyPattern:1528340" version="1529223">
              <Name>2</Name>
              <RouteRef ref="VTR:Route:14285" version="1"/>
              <pointsInSequence>
                <StopPointInJourneyPattern id="VTR:StopPointInJourneyPattern:49700002" version="1529223" order="1">
                  <ScheduledStopPointRef ref="VTR:ScheduledStopPoint:813025"/>
                  <DestinationDisplayRef ref="VTR:DestinationDisplay:1"/>
                </StopPointInJourneyPattern>
                <StopPointInJourneyPattern id="VTR:StopPointInJourneyPattern:49700003" version="1529223" order="2">
                  <ScheduledStopPointRef ref="VTR:ScheduledStopPoint:813026"/>
                  <DestinationDisplayRef ref="VTR:DestinationDisplay:1"/>
                </StopPointInJourneyPattern>
                <StopPointInJourneyPattern id="VTR:StopPointInJourneyPattern:49700004" version="1529223" order="3">
                  <ScheduledStopPointRef ref="VTR:ScheduledStopPoint:813027"/>
                  <DestinationDisplayRef ref="VTR:DestinationDisplay:1"/>
                </StopPointInJourneyPattern>
                <StopPointInJourneyPattern id="VTR:StopPointInJourneyPattern:49700005" version="1529223" order="4">
                  <ScheduledStopPointRef ref="VTR:ScheduledStopPoint:813028"/>
                  <DestinationDisplayRef ref="VTR:DestinationDisplay:1"/>
                </StopPointInJourneyPattern>
                <StopPointInJourneyPattern id="VTR:StopPointInJourneyPattern:49700006" version="1529223" order="5">
                  <ScheduledStopPointRef ref="VTR:ScheduledStopPoint:813029"/>
                  <DestinationDisplayRef ref="VTR:DestinationDisplay:1"/>
                </StopPointInJourneyPattern>
                <StopPointInJourneyPattern id="VTR:StopPointInJourneyPattern:49700007" version="1529223" order="6">
                  <ScheduledStopPointRef ref="VTR:ScheduledStopPoint:813020"/>
                  <DestinationDisplayRef ref="VTR:DestinationDisplay:1"/>
                </StopPointInJourneyPattern>
                <StopPointInJourneyPattern id="VTR:StopPointInJourneyPattern:49700008" version="1529223" order="7">
                  <ScheduledStopPointRef ref="VTR:ScheduledStopPoint:813030"/>
                  <DestinationDisplayRef ref="VTR:DestinationDisplay:1"/>
                </StopPointInJourneyPattern>
                <StopPointInJourneyPattern id="VTR:StopPointInJourneyPattern:49700009" version="1529223" order="8">
                  <ScheduledStopPointRef ref="VTR:ScheduledStopPoint:813031"/>
                  <DestinationDisplayRef ref="VTR:DestinationDisplay:1"/>
                </StopPointInJourneyPattern>
                <StopPointInJourneyPattern id="VTR:StopPointInJourneyPattern:49700010" version="1529223" order="9">
                  <ScheduledStopPointRef ref="VTR:ScheduledStopPoint:813032"/>
                  <DestinationDisplayRef ref="VTR:DestinationDisplay:1"/>
                </StopPointInJourneyPattern>
                <StopPointInJourneyPattern id="VTR:StopPointInJourneyPattern:49700011" version="1529223" order="10">
                  <ScheduledStopPointRef ref="VTR:ScheduledStopPoint:813016"/>
                  <DestinationDisplayRef ref="VTR:DestinationDisplay:1"/>
                </StopPointInJourneyPattern>
                <StopPointInJourneyPattern id="VTR:StopPointInJourneyPattern:49700012" version="1529223" order="11">
                  <ScheduledStopPointRef ref="VTR:ScheduledStopPoint:813033"/>
                  <DestinationDisplayRef ref="VTR:DestinationDisplay:1"/>
                </StopPointInJourneyPattern>
                <StopPointInJourneyPattern id="VTR:StopPointInJourneyPattern:49700013" version="1529223" order="12">
                  <ScheduledStopPointRef ref="VTR:ScheduledStopPoint:813034"/>
                  <DestinationDisplayRef ref="VTR:DestinationDisplay:1"/>
                </StopPointInJourneyPattern>
                <StopPointInJourneyPattern id="VTR:StopPointInJourneyPattern:49700014" version="1529223" order="13">
                  <ScheduledStopPointRef ref="VTR:ScheduledStopPoint:813035"/>
                  <DestinationDisplayRef ref="VTR:DestinationDisplay:1"/>
                </StopPointInJourneyPattern>
                <StopPointInJourneyPattern id="VTR:StopPointInJourneyPattern:49700015" version="1529223" order="14">
                  <ScheduledStopPointRef ref="VTR:ScheduledStopPoint:813012"/>
                  <DestinationDisplayRef ref="VTR:DestinationDisplay:1"/>
                </StopPointInJourneyPattern>
              </pointsInSequence>
            </JourneyPattern>
          </journeyPatterns>
        </ServiceFrame>
        <TimetableFrame version="1" id="VTR:TimetableFrame:1394">
          <vehicleJourneys>
            <ServiceJourney version="1529223" id="VTR:ServiceJourney:1528340">
              <Name>Vosiliškis-Raseiniai</Name>
              <PrivateCode>2</PrivateCode>
              <dayTypes>
                <DayTypeRef ref="VTR:DayType:1051"/>
              </dayTypes>
              <JourneyPatternRef version="1529223" ref="VTR:JourneyPattern:1528340"/>
              <OperatorRef ref="VTR:Operator:508"/>
              <LineRef ref="VTR:Line:4381" version="5023"/>
              <passingTimes>
                <TimetabledPassingTime version="1529223" id="VTR:TimetabledPassingTime:1528340_49700002_1">
                  <StopPointInJourneyPatternRef ref="VTR:StopPointInJourneyPattern:49700002" version="1529223"/>
                  <DepartureTime>06:45:00</DepartureTime>
                  <DepartureDayOffset>0</DepartureDayOffset>
                </TimetabledPassingTime>
                <TimetabledPassingTime version="1529223" id="VTR:TimetabledPassingTime:1528340_49700003_2">
                  <StopPointInJourneyPatternRef ref="VTR:StopPointInJourneyPattern:49700003" version="1529223"/>
                  <DepartureTime>06:50:00</DepartureTime>
                  <DepartureDayOffset>0</DepartureDayOffset>
                </TimetabledPassingTime>
                <TimetabledPassingTime version="1529223" id="VTR:TimetabledPassingTime:1528340_49700004_3">
                  <StopPointInJourneyPatternRef ref="VTR:StopPointInJourneyPattern:49700004" version="1529223"/>
                  <DepartureTime>06:55:00</DepartureTime>
                  <DepartureDayOffset>0</DepartureDayOffset>
                </TimetabledPassingTime>
                <TimetabledPassingTime version="1529223" id="VTR:TimetabledPassingTime:1528340_49700005_4">
                  <StopPointInJourneyPatternRef ref="VTR:StopPointInJourneyPattern:49700005" version="1529223"/>
                  <DepartureTime>06:59:00</DepartureTime>
                  <DepartureDayOffset>0</DepartureDayOffset>
                </TimetabledPassingTime>
                <TimetabledPassingTime version="1529223" id="VTR:TimetabledPassingTime:1528340_49700006_5">
                  <StopPointInJourneyPatternRef ref="VTR:StopPointInJourneyPattern:49700006" version="1529223"/>
                  <DepartureTime>07:03:00</DepartureTime>
                  <DepartureDayOffset>0</DepartureDayOffset>
                </TimetabledPassingTime>
                <TimetabledPassingTime version="1529223" id="VTR:TimetabledPassingTime:1528340_49700007_6">
                  <StopPointInJourneyPatternRef ref="VTR:StopPointInJourneyPattern:49700007" version="1529223"/>
                  <DepartureTime>07:10:00</DepartureTime>
                  <DepartureDayOffset>0</DepartureDayOffset>
                </TimetabledPassingTime>
                <TimetabledPassingTime version="1529223" id="VTR:TimetabledPassingTime:1528340_49700008_7">
                  <StopPointInJourneyPatternRef ref="VTR:StopPointInJourneyPattern:49700008" version="1529223"/>
                  <DepartureTime>07:14:00</DepartureTime>
                  <DepartureDayOffset>0</DepartureDayOffset>
                </TimetabledPassingTime>
                <TimetabledPassingTime version="1529223" id="VTR:TimetabledPassingTime:1528340_49700009_8">
                  <StopPointInJourneyPatternRef ref="VTR:StopPointInJourneyPattern:49700009" version="1529223"/>
                  <DepartureTime>07:20:00</DepartureTime>
                  <DepartureDayOffset>0</DepartureDayOffset>
                </TimetabledPassingTime>
                <TimetabledPassingTime version="1529223" id="VTR:TimetabledPassingTime:1528340_49700010_9">
                  <StopPointInJourneyPatternRef ref="VTR:StopPointInJourneyPattern:49700010" version="1529223"/>
                  <DepartureTime>07:25:00</DepartureTime>
                  <DepartureDayOffset>0</DepartureDayOffset>
                </TimetabledPassingTime>
                <TimetabledPassingTime version="1529223" id="VTR:TimetabledPassingTime:1528340_49700011_10">
                  <StopPointInJourneyPatternRef ref="VTR:StopPointInJourneyPattern:49700011" version="1529223"/>
                  <DepartureTime>07:29:00</DepartureTime>
                  <DepartureDayOffset>0</DepartureDayOffset>
                </TimetabledPassingTime>
                <TimetabledPassingTime version="1529223" id="VTR:TimetabledPassingTime:1528340_49700012_11">
                  <StopPointInJourneyPatternRef ref="VTR:StopPointInJourneyPattern:49700012" version="1529223"/>
                  <DepartureTime>07:33:00</DepartureTime>
                  <DepartureDayOffset>0</DepartureDayOffset>
                </TimetabledPassingTime>
                <TimetabledPassingTime version="1529223" id="VTR:TimetabledPassingTime:1528340_49700013_12">
                  <StopPointInJourneyPatternRef ref="VTR:StopPointInJourneyPattern:49700013" version="1529223"/>
                  <DepartureTime>07:39:00</DepartureTime>
                  <DepartureDayOffset>0</DepartureDayOffset>
                </TimetabledPassingTime>
                <TimetabledPassingTime version="1529223" id="VTR:TimetabledPassingTime:1528340_49700014_13">
                  <StopPointInJourneyPatternRef ref="VTR:StopPointInJourneyPattern:49700014" version="1529223"/>
                  <DepartureTime>07:45:00</DepartureTime>
                  <DepartureDayOffset>0</DepartureDayOffset>
                </TimetabledPassingTime>
                <TimetabledPassingTime version="1529223" id="VTR:TimetabledPassingTime:1528340_49700015_14">
                  <StopPointInJourneyPatternRef ref="VTR:StopPointInJourneyPattern:49700015" version="1529223"/>
                  <DepartureTime>07:46:00</DepartureTime>
                  <DepartureDayOffset>0</DepartureDayOffset>
                </TimetabledPassingTime>
              </passingTimes>
            </ServiceJourney>
            <ServiceJourney version="1529221" id="VTR:ServiceJourney:1528338">
              <Name>Raseiniai-Vosiliškis</Name>
              <PrivateCode>M-51a</PrivateCode>
              <dayTypes>
                <DayTypeRef ref="VTR:DayType:1051"/>
              </dayTypes>
              <JourneyPatternRef version="1529221" ref="VTR:JourneyPattern:1528338"/>
              <OperatorRef ref="VTR:Operator:508"/>
              <LineRef ref="VTR:Line:4381" version="5023"/>
              <passingTimes>
                <TimetabledPassingTime version="1529221" id="VTR:TimetabledPassingTime:1528338_49699973_1">
                  <StopPointInJourneyPatternRef ref="VTR:StopPointInJourneyPattern:49699973" version="1529221"/>
                  <DepartureTime>06:00:00</DepartureTime>
                  <DepartureDayOffset>0</DepartureDayOffset>
                </TimetabledPassingTime>
                <TimetabledPassingTime version="1529221" id="VTR:TimetabledPassingTime:1528338_49699974_5">
                  <StopPointInJourneyPatternRef ref="VTR:StopPointInJourneyPattern:49699974" version="1529221"/>
                  <DepartureTime>06:19:00</DepartureTime>
                  <DepartureDayOffset>0</DepartureDayOffset>
                </TimetabledPassingTime>
                <TimetabledPassingTime version="1529221" id="VTR:TimetabledPassingTime:1528338_49699975_9">
                  <StopPointInJourneyPatternRef ref="VTR:StopPointInJourneyPattern:49699975" version="1529221"/>
                  <DepartureTime>06:37:00</DepartureTime>
                  <DepartureDayOffset>0</DepartureDayOffset>
                </TimetabledPassingTime>
                <TimetabledPassingTime version="1529221" id="VTR:TimetabledPassingTime:1528338_49699976_14">
                  <StopPointInJourneyPatternRef ref="VTR:StopPointInJourneyPattern:49699976" version="1529221"/>
                  <DepartureTime>07:02:00</DepartureTime>
                  <DepartureDayOffset>0</DepartureDayOffset>
                </TimetabledPassingTime>
              </passingTimes>
            </ServiceJourney>
          </vehicleJourneys>
        </TimetableFrame>
        <ResourceFrame version="1" id="VTR:ResourceFrame:1394">
          <organisations>
            <Authority version="1" id="VTR:Authority:23">
              <CompanyNumber>72</CompanyNumber>
              <Name>Raseinių r. sav.</Name>
              <LegalName>Raseinių r. sav.</LegalName>
              <ContactDetails>
                <Email>savivaldybe@raseiniai.lt</Email>
                <Phone>842879600</Phone>
                <Url>www.raseiniai.lt</Url>
              </ContactDetails>
              <OrganisationType>authority</OrganisationType>
            </Authority>
          </organisations>
        </ResourceFrame>
        <FareFrame id="VTR:FareFrame:4381" version="1">
          <FrameDefaults>
            <DefaultCurrency>EUR</DefaultCurrency>
          </FrameDefaults>
          <usageParameters>
            <RoundTrip id="VTR:RoundTrip:single" version="1">
              <Name>Single</Name>
              <TripType>single</TripType>
            </RoundTrip>
            <FrequencyOfUse id="VTR:FrequencyOfUse:once" version="1">
              <Name>Once</Name>
              <MaximalFrequency>1</MaximalFrequency>
            </FrequencyOfUse>
          </usageParameters>
          <priceGroups>
            <PriceGroup id="VTR:PriceGroup:PG01" version="1">
              <Name>Flat Fare Products - Standard</Name>
              <members>
                <FareProductPrice id="VTR:FareProductPrice:standard" version="1">
                  <Name>Single fare</Name>
                  <Amount>0.43</Amount>
                  <Currency>EUR</Currency>
                </FareProductPrice>
              </members>
            </PriceGroup>
          </priceGroups>
        </FareFrame>
      </frames>
    </CompositeFrame>
  </dataObjects>
</PublicationDelivery>
