<?xml version="1.0" encoding="UTF-8"?><PublicationDelivery xmlns="http://www.netex.org.uk/netex" xmlns:gis="http://www.opengis.net/gml/3.2" xmlns:ns2="http://www.opengis.net/gml/3.2" xmlns:ns3="http://www.siri.org.uk/siri" xmlns:xsi="http://www.w3.org/2001/XMLSchema-instance" version="1" xsi:schemaLocation="">
  <PublicationTimestamp>2022-05-07T04:30:00.224</PublicationTimestamp>
  <ParticipantRef>VTR</ParticipantRef>
  <Description>1</Description>
  <dataObjects>
    <CompositeFrame created="2022-05-07T04:30:00.224" version="1" id="VTR:CompositeFrame:1394">
      <validityConditions>
        <AvailabilityCondition version="1" id="VTR:AvailabilityCondition:1394">
          <FromDate>2015-08-04T16:30:09</FromDate>
          <ToDate>2027-12-30T00:00:00</ToDate>
        </AvailabilityCondition>
      </validityConditions>
      <codespaces>
        <Codespace id="vtr">
          <Xmlns>VTR</Xmlns>
          <XmlnsUrl>http://www.visimarsrutai.lt/</XmlnsUrl>
        </Codespace>
      </codespaces>
      <FrameDefaults>
        <DefaultLocale>
          <TimeZone>Europe/Vilnius</TimeZone>
        </DefaultLocale>
        <DefaultLocationSystem>WGS84</DefaultLocationSystem>
      </FrameDefaults>
      <frames>
        <ServiceCalendarFrame version="1" id="VTR:ServiceCalendarFrame:1394">
          <dayTypes>
            <DayType id="VTR:DayType:2929" version="1">
              <properties>
                <PropertyOfDay>
                  <DaysOfWeek>Weekdays</DaysOfWeek>
                </PropertyOfDay>
              </properties>
            </DayType>
          </dayTypes>
          <operatingPeriods>
            <OperatingPeriod version="1" id="VTR:OperatingPeriod:2929">
              <FromDate>2017-09-01T00:00:00</FromDate>
              <ToDate>2020-08-30T00:00:00</ToDate>
            </OperatingPeriod>
          </operatingPeriods>
          <dayTypeAssignments>
            <DayTypeAssignment id="VTR:DayTypeAssignment:2929_0" version="1" order="2269">
              <OperatingPeriodRef ref="VTR:OperatingPeriod:2929" version="1"/>
              <DayTypeRef ref="VTR:DayType:2929" version="1"/>
            </DayTypeAssignment>
          </dayTypeAssignments>
        </ServiceCalendarFrame>
        <ServiceFrame id="VTR:ServiceFrame:1394" version="1">
          <Network version="0" id="VTR:Network:23"/>
          <routePoints>
            <RoutePoint version="1" id="VTR:RoutePoint:123071">
              <projections>
                <PointProjection version="1" id="VTR:PointProjection:36428">
                  <ProjectedPointRef ref="VTR:ScheduledStopPoint:123071" version="1"/>
                </PointProjection>
              </projections>
            </RoutePoint>
            <RoutePoint version="1" id="VTR:RoutePoint:123072">
              <projections>
                <PointProjection version="1" id="VTR:PointProjection:36493">
                  <ProjectedPointRef ref="VTR:ScheduledStopPoint:123072" version="1"/>
                </PointProjection>
              </projections>
            </RoutePoint>
            <RoutePoint version="1" id="VTR:RoutePoint:123073">
              <projections>
                <PointProjection version="1" id="VTR:PointProjection:36494">
                  <ProjectedPointRef ref="VTR:ScheduledStopPoint:123073" version="1"/>
                </PointProjection>
              </projections>
            </RoutePoint>
            <RoutePoint version="1" id="VTR:RoutePoint:123074">
              <projections>
                <PointProjection version="1" id="VTR:PointProjection:36495">
                  <ProjectedPointRef ref="VTR:ScheduledStopPoint:123074" version="1"/>
                </PointProjection>
              </projections>
            </RoutePoint>
            <RoutePoint version="1" id="VTR:RoutePoint:123075">
              <projections>
                <PointProjection version="1" id="VTR:PointProjection:36496">
                  <ProjectedPointRef ref="VTR:ScheduledStopPoint:123075" version="1"/>
                </PointProjection>
              </projections>
            </RoutePoint>
            <RoutePoint version="1" id="VTR:RoutePoint:123076">
              <projections>
                <PointProjection version="1" id="VTR:PointProjection:36497">
                  <ProjectedPointRef ref="VTR:ScheduledStopPoint:123076" version="1"/>
                </PointProjection>
              </projections>
            </RoutePoint>
            <RoutePoint version="1" id="VTR:RoutePoint:123077">
              <projections>
                <PointProjection version="1" id="VTR:PointProjection:36498">
                  <ProjectedPointRef ref="VTR:ScheduledStopPoint:123077" version="1"/>
                </PointProjection>
              </projections>
            </RoutePoint>
            <RoutePoint version="1" id="VTR:RoutePoint:123104">
              <projections>
                <PointProjection version="1" id="VTR:PointProjection:36499">
                  <ProjectedPointRef ref="VTR:ScheduledStopPoint:123104" version="1"/>
                </PointProjection>
              </projections>
            </RoutePoint>
            <RoutePoint version="1" id="VTR:RoutePoint:123105">
              <projections>
                <PointProjection version="1" id="VTR:PointProjection:36500">
                  <ProjectedPointRef ref="VTR:ScheduledStopPoint:123105" version="1"/>
                </PointProjection>
              </projections>
            </RoutePoint>
            <RoutePoint version="1" id="VTR:RoutePoint:123106">
              <projections>
                <PointProjection version="1" id="VTR:PointProjection:36501">
                  <ProjectedPointRef ref="VTR:ScheduledStopPoint:123106" version="1"/>
                </PointProjection>
              </projections>
            </RoutePoint>
            <RoutePoint version="1" id="VTR:RoutePoint:123107">
              <projections>
                <PointProjection version="1" id="VTR:PointProjection:36502">
                  <ProjectedPointRef ref="VTR:ScheduledStopPoint:123107" version="1"/>
                </PointProjection>
              </projections>
            </RoutePoint>
            <RoutePoint version="1" id="VTR:RoutePoint:123108">
              <projections>
                <PointProjection version="1" id="VTR:PointProjection:36503">
                  <ProjectedPointRef ref="VTR:ScheduledStopPoint:123108" version="1"/>
                </PointProjection>
              </projections>
            </RoutePoint>
            <RoutePoint version="1" id="VTR:RoutePoint:123109">
              <projections>
                <PointProjection version="1" id="VTR:PointProjection:36504">
                  <ProjectedPointRef ref="VTR:ScheduledStopPoint:123109" version="1"/>
                </PointProjection>
              </projections>
            </RoutePoint>
            <RoutePoint version="1" id="VTR:RoutePoint:123110">
              <projections>
                <PointProjection version="1" id="VTR:PointProjection:36505">
                  <ProjectedPointRef ref="VTR:ScheduledStopPoint:123110" version="1"/>
                </PointProjection>
              </projections>
            </RoutePoint>
            <RoutePoint version="1" id="VTR:RoutePoint:70011">
              <projections>
                <PointProjection version="1" id="VTR:PointProjection:23353">
                  <ProjectedPointRef ref="VTR:ScheduledStopPoint:70011" version="1"/>
                </PointProjection>
              </projections>
            </RoutePoint>
            <RoutePoint version="1" id="VTR:RoutePoint:70012">
              <projections>
                <PointProjection version="1" id="VTR:PointProjection:23354">
                  <ProjectedPointRef ref="VTR:ScheduledStopPoint:70012" version="1"/>
                </PointProjection>
              </projections>
            </RoutePoint>
            <RoutePoint version="1" id="VTR:RoutePoint:70013">
              <projections>
                <PointProjection version="1" id="VTR:PointProjection:23355">
                  <ProjectedPointRef ref="VTR:ScheduledStopPoint:70013" version="1"/>
                </PointProjection>
              </projections>
            </RoutePoint>
            <RoutePoint version="1" id="VTR:RoutePoint:70014">
              <projections>
                <PointProjection version="1" id="VTR:PointProjection:23356">
                  <ProjectedPointRef ref="VTR:ScheduledStopPoint:70014" version="1"/>
                </PointProjection>
              </projections>
            </RoutePoint>
            <RoutePoint version="1" id="VTR:RoutePoint:70015">
              <projections>
                <PointProjection version="1" id="VTR:PointProjection:23357">
                  <ProjectedPointRef ref="VTR:ScheduledStopPoint:70015" version="1"/>
                </PointProjection>
              </projections>
            </RoutePoint>
            <RoutePoint version="1" id="VTR:RoutePoint:70016">
              <projections>
                <PointProjection version="1" id="VTR:PointProjection:23358">
                  <ProjectedPointRef ref="VTR:ScheduledStopPoint:70016" version="1"/>
                </PointProjection>
              </projections>
            </RoutePoint>
            <RoutePoint version="1" id="VTR:RoutePoint:70017">
              <projections>
                <PointProjection version="1" id="VTR:PointProjection:23359">
                  <ProjectedPointRef ref="VTR:ScheduledStopPoint:70017" version="1"/>
                </PointProjection>
              </projections>
            </RoutePoint>
            <RoutePoint version="1" id="VTR:RoutePoint:70018">
              <projections>
                <PointProjection version="1" id="VTR:PointProjection:24097">
                  <ProjectedPointRef ref="VTR:ScheduledStopPoint:70018" version="1"/>
                </PointProjection>
              </projections>
            </RoutePoint>
            <RoutePoint version="1" id="VTR:RoutePoint:70024">
              <projections>
                <PointProjection version="1" id="VTR:PointProjection:24098">
                  <ProjectedPointRef ref="VTR:ScheduledStopPoint:70024" version="1"/>
                </PointProjection>
              </projections>
            </RoutePoint>
            <RoutePoint version="1" id="VTR:RoutePoint:70025">
              <projections>
                <PointProjection version="1" id="VTR:PointProjection:22844">
                  <ProjectedPointRef ref="VTR:ScheduledStopPoint:70025" version="1"/>
                </PointProjection>
              </projections>
            </RoutePoint>
            <RoutePoint version="1" id="VTR:RoutePoint:70026">
              <projections>
                <PointProjection version="1" id="VTR:PointProjection:22845">
                  <ProjectedPointRef ref="VTR:ScheduledStopPoint:70026" version="1"/>
                </PointProjection>
              </projections>
            </RoutePoint>
            <RoutePoint version="1" id="VTR:RoutePoint:70027">
              <projections>
                <PointProjection version="1" id="VTR:PointProjection:22846">
                  <ProjectedPointRef ref="VTR:ScheduledStopPoint:70027" version="1"/>
                </PointProjection>
              </projections>
            </RoutePoint>
            <RoutePoint version="1" id="VTR:RoutePoint:70028">
              <projections>
                <PointProjection version="1" id="VTR:PointProjection:22847">
                  <ProjectedPointRef ref="VTR:ScheduledStopPoint:70028" version="1"/>
                </PointProjection>
              </projections>
            </RoutePoint>
            <RoutePoint version="1" id="VTR:RoutePoint:70029">
              <projections>
                <PointProjection version="1" id="VTR:PointProjection:22848">
                  <ProjectedPointRef ref="VTR:ScheduledStopPoint:70029" version="1"/>
                </PointProjection>
              </projections>
            </RoutePoint>
          </routePoints>
          <routes>
            <Route version="1" id="VTR:Route:7259">
              <Name>Raseiniai-Šiluva 13</Name>
              <ShortName>Raseiniai-Šiluva 13</ShortName>
              <LineRef ref="VTR:Line:1734" version="1714"/>
              <DirectionType>outbound</DirectionType>
              <pointsInSequence>
                <PointOnRoute version="1" id="VTR:PointOnRoute:123071" order="1">
                  <RoutePointRef ref="VTR:RoutePoint:123071"/>
                </PointOnRoute>
                <PointOnRoute version="1" id="VTR:PointOnRoute:123072" order="2">
                  <RoutePointRef ref="VTR:RoutePoint:123072"/>
                </PointOnRoute>
                <PointOnRoute version="1" id="VTR:PointOnRoute:123073" order="3">
                  <RoutePointRef ref="VTR:RoutePoint:123073"/>
                </PointOnRoute>
                <PointOnRoute version="1" id="VTR:PointOnRoute:123074" order="4">
                  <RoutePointRef ref="VTR:RoutePoint:123074"/>
                </PointOnRoute>
                <PointOnRoute version="1" id="VTR:PointOnRoute:123075" order="5">
                  <RoutePointRef ref="VTR:RoutePoint:123075"/>
                </PointOnRoute>
                <PointOnRoute version="1" id="VTR:PointOnRoute:123076" order="6">
                  <RoutePointRef ref="VTR:RoutePoint:123076"/>
                </PointOnRoute>
                <PointOnRoute version="1" id="VTR:PointOnRoute:123077" order="7">
                  <RoutePointRef ref="VTR:RoutePoint:123077"/>
                </PointOnRoute>
              </pointsInSequence>
            </Route>
            <Route version="1" id="VTR:Route:7260">
              <Name>Šiluva-Raseiniai 13</Name>
              <ShortName>Šiluva-Raseiniai 13</ShortName>
              <LineRef ref="VTR:Line:1734" version="1714"/>
              <DirectionType>inbound</DirectionType>
              <pointsInSequence>
                <PointOnRoute version="1" id="VTR:PointOnRoute:123104" order="1">
                  <RoutePointRef ref="VTR:RoutePoint:123104"/>
                </PointOnRoute>
                <PointOnRoute version="1" id="VTR:PointOnRoute:123105" order="2">
                  <RoutePointRef ref="VTR:RoutePoint:123105"/>
                </PointOnRoute>
                <PointOnRoute version="1" id="VTR:PointOnRoute:123106" order="3">
                  <RoutePointRef ref="VTR:RoutePoint:123106"/>
                </PointOnRoute>
                <PointOnRoute version="1" id="VTR:PointOnRoute:123107" order="4">
                  <RoutePointRef ref="VTR:RoutePoint:123107"/>
                </PointOnRoute>
                <PointOnRoute version="1" id="VTR:PointOnRoute:123108" order="5">
                  <RoutePointRef ref="VTR:RoutePoint:123108"/>
                </PointOnRoute>
                <PointOnRoute version="1" id="VTR:PointOnRoute:123109" order="6">
                  <RoutePointRef ref="VTR:RoutePoint:123109"/>
                </PointOnRoute>
                <PointOnRoute version="1" id="VTR:PointOnRoute:123110" order="7">
                  <RoutePointRef ref="VTR:RoutePoint:123110"/>
                </PointOnRoute>
              </pointsInSequence>
            </Route>
          </routes>
          <lines>
            <Line version="1714" id="VTR:Line:1734">
              <Name>Raseiniai-Šiluva</Name>
              <TransportMode>bus</TransportMode>
              <TransportSubmode>
                <BusSubmode>regionalBus</BusSubmode>
              </TransportSubmode>
              <PublicCode>M-75</PublicCode>
              <OperatorRef ref="VTR:Operator:23"/>
            </Line>
          </lines>
          <scheduledStopPoints>
            <ScheduledStopPoint version="1" id="VTR:ScheduledStopPoint:123071">
              <Name>Raseinių autobusų stotis</Name>
            </ScheduledStopPoint>
            <ScheduledStopPoint version="1" id="VTR:ScheduledStopPoint:123072">
              <Name>Klusai</Name>
            </ScheduledStopPoint>
            <ScheduledStopPoint version="1" id="VTR:ScheduledStopPoint:123073">
              <Name>Dainiai</Name>
            </ScheduledStopPoint>
            <ScheduledStopPoint version="1" id="VTR:ScheduledStopPoint:123074">
              <Name>Bedančiai</Name>
            </ScheduledStopPoint>
            <ScheduledStopPoint version="1" id="VTR:ScheduledStopPoint:123075">
              <Name>Katauskiai</Name>
            </ScheduledStopPoint>
            <ScheduledStopPoint version="1" id="VTR:ScheduledStopPoint:123076">
              <Name>Šiauleliai</Name>
            </ScheduledStopPoint>
            <ScheduledStopPoint version="1" id="VTR:ScheduledStopPoint:123077">
              <Name>Šiluva</Name>
            </ScheduledStopPoint>
            <ScheduledStopPoint version="1" id="VTR:ScheduledStopPoint:123104">
              <Name>Šiluva</Name>
            </ScheduledStopPoint>
            <ScheduledStopPoint version="1" id="VTR:ScheduledStopPoint:123105">
              <Name>Šiauleliai</Name>
            </ScheduledStopPoint>
            <ScheduledStopPoint version="1" id="VTR:ScheduledStopPoint:123106">
              <Name>Katauskiai</Name>
            </ScheduledStopPoint>
            <ScheduledStopPoint version="1" id="VTR:ScheduledStopPoint:123107">
              <Name>Bedančiai</Name>
            </ScheduledStopPoint>
            <ScheduledStopPoint version="1" id="VTR:ScheduledStopPoint:123108">
              <Name>Dainiai</Name>
            </ScheduledStopPoint>
            <ScheduledStopPoint version="1" id="VTR:ScheduledStopPoint:123109">
              <Name>Klusai</Name>
            </ScheduledStopPoint>
            <ScheduledStopPoint version="1" id="VTR:ScheduledStopPoint:123110">
              <Name>Raseinių autobusų stotis</Name>
            </ScheduledStopPoint>
            <ScheduledStopPoint version="1" id="VTR:ScheduledStopPoint:70011">
              <Name>Raseinių autobusų stotis</Name>
            </ScheduledStopPoint>
            <ScheduledStopPoint version="1" id="VTR:ScheduledStopPoint:70012">
              <Name>Klusai</Name>
            </ScheduledStopPoint>
            <ScheduledStopPoint version="1" id="VTR:ScheduledStopPoint:70013">
              <Name>Dainiai</Name>
            </ScheduledStopPoint>
            <ScheduledStopPoint version="1" id="VTR:ScheduledStopPoint:70014">
              <Name>Bedančiai</Name>
            </ScheduledStopPoint>
            <ScheduledStopPoint version="1" id="VTR:ScheduledStopPoint:70015">
              <Name>Katauskiai</Name>
            </ScheduledStopPoint>
            <ScheduledStopPoint version="1" id="VTR:ScheduledStopPoint:70016">
              <Name>Šiauleliai</Name>
            </ScheduledStopPoint>
            <ScheduledStopPoint version="1" id="VTR:ScheduledStopPoint:70017">
              <Name>Šiluva</Name>
            </ScheduledStopPoint>
            <ScheduledStopPoint version="1" id="VTR:ScheduledStopPoint:70018">
              <Name>Raseinių autobusų stotis</Name>
            </ScheduledStopPoint>
            <ScheduledStopPoint version="1" id="VTR:ScheduledStopPoint:70024">
              <Name>Šiluva</Name>
            </ScheduledStopPoint>
            <ScheduledStopPoint version="1" id="VTR:ScheduledStopPoint:70025">
              <Name>Šiauleliai</Name>
            </ScheduledStopPoint>
            <ScheduledStopPoint version="1" id="VTR:ScheduledStopPoint:70026">
              <Name>Katauskiai</Name>
            </ScheduledStopPoint>
            <ScheduledStopPoint version="1" id="VTR:ScheduledStopPoint:70027">
              <Name>Bedančiai</Name>
            </ScheduledStopPoint>
            <ScheduledStopPoint version="1" id="VTR:ScheduledStopPoint:70028">
              <Name>Dainiai</Name>
            </ScheduledStopPoint>
            <ScheduledStopPoint version="1" id="VTR:ScheduledStopPoint:70029">
              <Name>Klusai</Name>
            </ScheduledStopPoint>
          </scheduledStopPoints>
          <serviceLinks>
            <ServiceLink id="VTR:ServiceLink:123104_1_123105_1" version="1">
              <Distance>4</Distance>
              <FromPointRef ref="VTR:ScheduledStopPoint:123104" version="1"/>
              <ToPointRef ref="VTR:ScheduledStopPoint:123105" version="1"/>
            </ServiceLink>
            <ServiceLink id="VTR:ServiceLink:123073_1_123074_1" version="1">
              <Distance>2</Distance>
              <FromPointRef ref="VTR:ScheduledStopPoint:123073" version="1"/>
              <ToPointRef ref="VTR:ScheduledStopPoint:123074" version="1"/>
            </ServiceLink>
            <ServiceLink id="VTR:ServiceLink:123105_1_123106_1" version="1">
              <Distance>2</Distance>
              <FromPointRef ref="VTR:ScheduledStopPoint:123105" version="1"/>
              <ToPointRef ref="VTR:ScheduledStopPoint:123106" version="1"/>
            </ServiceLink>
            <ServiceLink id="VTR:ServiceLink:123074_1_123075_1" version="1">
              <Distance>3</Distance>
              <FromPointRef ref="VTR:ScheduledStopPoint:123074" version="1"/>
              <ToPointRef ref="VTR:ScheduledStopPoint:123075" version="1"/>
            </ServiceLink>
            <ServiceLink id="VTR:ServiceLink:123071_1_123072_1" version="1">
              <Distance>3</Distance>
              <FromPointRef ref="VTR:ScheduledStopPoint:123071" version="1"/>
              <ToPointRef ref="VTR:ScheduledStopPoint:123072" version="1"/>
            </ServiceLink>
            <ServiceLink id="VTR:ServiceLink:123075_1_123076_1" version="1">
              <Distance>2</Distance>
              <FromPointRef ref="VTR:ScheduledStopPoint:123075" version="1"/>
              <ToPointRef ref="VTR:ScheduledStopPoint:123076" version="1"/>
            </ServiceLink>
            <ServiceLink id="VTR:ServiceLink:123076_1_123077_1" version="1">
              <Distance>4</Distance>
              <FromPointRef ref="VTR:ScheduledStopPoint:123076" version="1"/>
              <ToPointRef ref="VTR:ScheduledStopPoint:123077" version="1"/>
            </ServiceLink>
            <ServiceLink id="VTR:ServiceLink:123108_1_123109_1" version="1">
              <Distance>2</Distance>
              <FromPointRef ref="VTR:ScheduledStopPoint:123108" version="1"/>
              <ToPointRef ref="VTR:ScheduledStopPoint:123109" version="1"/>
            </ServiceLink>
            <ServiceLink id="VTR:ServiceLink:123107_1_123108_1" version="1">
              <Distance>2</Distance>
              <FromPointRef ref="VTR:ScheduledStopPoint:123107" version="1"/>
              <ToPointRef ref="VTR:ScheduledStopPoint:123108" version="1"/>
            </ServiceLink>
            <ServiceLink id="VTR:ServiceLink:123106_1_123107_1" version="1">
              <Distance>3</Distance>
              <FromPointRef ref="VTR:ScheduledStopPoint:123106" version="1"/>
              <ToPointRef ref="VTR:ScheduledStopPoint:123107" version="1"/>
            </ServiceLink>
            <ServiceLink id="VTR:ServiceLink:123072_1_123073_1" version="1">
              <Distance>2</Distance>
              <FromPointRef ref="VTR:ScheduledStopPoint:123072" version="1"/>
              <ToPointRef ref="VTR:ScheduledStopPoint:123073" version="1"/>
            </ServiceLink>
            <ServiceLink id="VTR:ServiceLink:123109_1_123110_1" version="1">
              <Distance>3</Distance>
              <FromPointRef ref="VTR:ScheduledStopPoint:123109" version="1"/>
              <ToPointRef ref="VTR:ScheduledStopPoint:123110" version="1"/>
            </ServiceLink>
          </serviceLinks>
          <stopAssignments>
            <PassengerStopAssignment order="421100000" id="VTR:PassengerStopAssignment:70011" version="1">
              <ScheduledStopPointRef ref="VTR:ScheduledStopPoint:70011" version="1"/>
              <QuayRef ref="VTR:Quay:19476"/>
            </PassengerStopAssignment>
            <PassengerStopAssignment order="421100001" id="VTR:PassengerStopAssignment:70012" version="1">
              <ScheduledStopPointRef ref="VTR:ScheduledStopPoint:70012" version="1"/>
              <QuayRef ref="VTR:Quay:9683"/>
            </PassengerStopAssignment>
            <PassengerStopAssignment order="421100002" id="VTR:PassengerStopAssignment:70013" version="1">
              <ScheduledStopPointRef ref="VTR:ScheduledStopPoint:70013" version="1"/>
              <QuayRef ref="VTR:Quay:10752"/>
            </PassengerStopAssignment>
            <PassengerStopAssignment order="421100003" id="VTR:PassengerStopAssignment:70014" version="1">
              <ScheduledStopPointRef ref="VTR:ScheduledStopPoint:70014" version="1"/>
              <QuayRef ref="VTR:Quay:9692"/>
            </PassengerStopAssignment>
            <PassengerStopAssignment order="421100004" id="VTR:PassengerStopAssignment:70015" version="1">
              <ScheduledStopPointRef ref="VTR:ScheduledStopPoint:70015" version="1"/>
              <QuayRef ref="VTR:Quay:15753"/>
            </PassengerStopAssignment>
            <PassengerStopAssignment order="421100005" id="VTR:PassengerStopAssignment:70016" version="1">
              <ScheduledStopPointRef ref="VTR:ScheduledStopPoint:70016" version="1"/>
              <QuayRef ref="VTR:Quay:10738"/>
            </PassengerStopAssignment>
            <PassengerStopAssignment order="421100006" id="VTR:PassengerStopAssignment:70017" version="1">
              <ScheduledStopPointRef ref="VTR:ScheduledStopPoint:70017" version="1"/>
              <QuayRef ref="VTR:Quay:10744"/>
            </PassengerStopAssignment>
            <PassengerStopAssignment order="421300000" id="VTR:PassengerStopAssignment:70024" version="1">
              <ScheduledStopPointRef ref="VTR:ScheduledStopPoint:70024" version="1"/>
              <QuayRef ref="VTR:Quay:10744"/>
            </PassengerStopAssignment>
            <PassengerStopAssignment order="421300001" id="VTR:PassengerStopAssignment:70025" version="1">
              <ScheduledStopPointRef ref="VTR:ScheduledStopPoint:70025" version="1"/>
              <QuayRef ref="VTR:Quay:10743"/>
            </PassengerStopAssignment>
            <PassengerStopAssignment order="421300002" id="VTR:PassengerStopAssignment:70026" version="1">
              <ScheduledStopPointRef ref="VTR:ScheduledStopPoint:70026" version="1"/>
              <QuayRef ref="VTR:Quay:9720"/>
            </PassengerStopAssignment>
            <PassengerStopAssignment order="421300003" id="VTR:PassengerStopAssignment:70027" version="1">
              <ScheduledStopPointRef ref="VTR:ScheduledStopPoint:70027" version="1"/>
              <QuayRef ref="VTR:Quay:5989"/>
            </PassengerStopAssignment>
            <PassengerStopAssignment order="421300004" id="VTR:PassengerStopAssignment:70028" version="1">
              <ScheduledStopPointRef ref="VTR:ScheduledStopPoint:70028" version="1"/>
              <QuayRef ref="VTR:Quay:12739"/>
            </PassengerStopAssignment>
            <PassengerStopAssignment order="421300005" id="VTR:PassengerStopAssignment:70029" version="1">
              <ScheduledStopPointRef ref="VTR:ScheduledStopPoint:70029" version="1"/>
              <QuayRef ref="VTR:Quay:15798"/>
            </PassengerStopAssignment>
            <PassengerStopAssignment order="421300006" id="VTR:PassengerStopAssignment:70018" version="1">
              <ScheduledStopPointRef ref="VTR:ScheduledStopPoint:70018" version="1"/>
              <QuayRef ref="VTR:Quay:19476"/>
            </PassengerStopAssignment>
            <PassengerStopAssignment order="725900000" id="VTR:PassengerStopAssignment:123071" version="1">
              <ScheduledStopPointRef ref="VTR:ScheduledStopPoint:123071" version="1"/>
              <QuayRef ref="VTR:Quay:19476"/>
            </PassengerStopAssignment>
            <PassengerStopAssignment order="725900001" id="VTR:PassengerStopAssignment:123072" version="1">
              <ScheduledStopPointRef ref="VTR:ScheduledStopPoint:123072" version="1"/>
              <QuayRef ref="VTR:Quay:9683"/>
            </PassengerStopAssignment>
            <PassengerStopAssignment order="725900002" id="VTR:PassengerStopAssignment:123073" version="1">
              <ScheduledStopPointRef ref="VTR:ScheduledStopPoint:123073" version="1"/>
              <QuayRef ref="VTR:Quay:10752"/>
            </PassengerStopAssignment>
            <PassengerStopAssignment order="725900003" id="VTR:PassengerStopAssignment:123074" version="1">
              <ScheduledStopPointRef ref="VTR:ScheduledStopPoint:123074" version="1"/>
              <QuayRef ref="VTR:Quay:9692"/>
            </PassengerStopAssignment>
            <PassengerStopAssignment order="725900004" id="VTR:PassengerStopAssignment:123075" version="1">
              <ScheduledStopPointRef ref="VTR:ScheduledStopPoint:123075" version="1"/>
              <QuayRef ref="VTR:Quay:15753"/>
            </PassengerStopAssignment>
            <PassengerStopAssignment order="725900005" id="VTR:PassengerStopAssignment:123076" version="1">
              <ScheduledStopPointRef ref="VTR:ScheduledStopPoint:123076" version="1"/>
              <QuayRef ref="VTR:Quay:10738"/>
            </PassengerStopAssignment>
            <PassengerStopAssignment order="725900006" id="VTR:PassengerStopAssignment:123077" version="1">
              <ScheduledStopPointRef ref="VTR:ScheduledStopPoint:123077" version="1"/>
              <QuayRef ref="VTR:Quay:10744"/>
            </PassengerStopAssignment>
            <PassengerStopAssignment order="726000000" id="VTR:PassengerStopAssignment:123104" version="1">
              <ScheduledStopPointRef ref="VTR:ScheduledStopPoint:123104" version="1"/>
              <QuayRef ref="VTR:Quay:10744"/>
            </PassengerStopAssignment>
            <PassengerStopAssignment order="726000001" id="VTR:PassengerStopAssignment:123105" version="1">
              <ScheduledStopPointRef ref="VTR:ScheduledStopPoint:123105" version="1"/>
              <QuayRef ref="VTR:Quay:10743"/>
            </PassengerStopAssignment>
            <PassengerStopAssignment order="726000002" id="VTR:PassengerStopAssignment:123106" version="1">
              <ScheduledStopPointRef ref="VTR:ScheduledStopPoint:123106" version="1"/>
              <QuayRef ref="VTR:Quay:9720"/>
            </PassengerStopAssignment>
            <PassengerStopAssignment order="726000003" id="VTR:PassengerStopAssignment:123107" version="1">
              <ScheduledStopPointRef ref="VTR:ScheduledStopPoint:123107" version="1"/>
              <QuayRef ref="VTR:Quay:5989"/>
            </PassengerStopAssignment>
            <PassengerStopAssignment order="726000004" id="VTR:PassengerStopAssignment:123108" version="1">
              <ScheduledStopPointRef ref="VTR:ScheduledStopPoint:123108" version="1"/>
              <QuayRef ref="VTR:Quay:12739"/>
            </PassengerStopAssignment>
            <PassengerStopAssignment order="726000005" id="VTR:PassengerStopAssignment:123109" version="1">
              <ScheduledStopPointRef ref="VTR:ScheduledStopPoint:123109" version="1"/>
              <QuayRef ref="VTR:Quay:15798"/>
            </PassengerStopAssignment>
            <PassengerStopAssignment order="726000006" id="VTR:PassengerStopAssignment:123110" version="1">
              <ScheduledStopPointRef ref="VTR:ScheduledStopPoint:123110" version="1"/>
              <QuayRef ref="VTR:Quay:19476"/>
            </PassengerStopAssignment>
          </stopAssignments>
          <journeyPatterns>
            <JourneyPattern id="VTR:JourneyPattern:57603" version="57659">
              <Name>75/2/13</Name>
              <RouteRef ref="VTR:Route:7260" version="1"/>
              <pointsInSequence>
                <StopPointInJourneyPattern id="VTR:StopPointInJourneyPattern:1160997" version="57659" order="1">
                  <ScheduledStopPointRef ref="VTR:ScheduledStopPoint:123104"/>
                  <DestinationDisplayRef ref="VTR:DestinationDisplay:1"/>
                </StopPointInJourneyPattern>
                <StopPointInJourneyPattern id="VTR:StopPointInJourneyPattern:1160998" version="57659" order="2">
                  <ScheduledStopPointRef ref="VTR:ScheduledStopPoint:123105"/>
                  <DestinationDisplayRef ref="VTR:DestinationDisplay:1"/>
                </StopPointInJourneyPattern>
                <StopPointInJourneyPattern id="VTR:StopPointInJourneyPattern:1160999" version="57659" order="3">
                  <ScheduledStopPointRef ref="VTR:ScheduledStopPoint:123106"/>
                  <DestinationDisplayRef ref="VTR:DestinationDisplay:1"/>
                </StopPointInJourneyPattern>
                <StopPointInJourneyPattern id="VTR:StopPointInJourneyPattern:1161000" version="57659" order="4">
                  <ScheduledStopPointRef ref="VTR:ScheduledStopPoint:123107"/>
                  <DestinationDisplayRef ref="VTR:DestinationDisplay:1"/>
                </StopPointInJourneyPattern>
                <StopPointInJourneyPattern id="VTR:StopPointInJourneyPattern:1161001" version="57659" order="5">
                  <ScheduledStopPointRef ref="VTR:ScheduledStopPoint:123108"/>
                  <DestinationDisplayRef ref="VTR:DestinationDisplay:1"/>
                </StopPointInJourneyPattern>
                <StopPointInJourneyPattern id="VTR:StopPointInJourneyPattern:1161002" version="57659" order="6">
                  <ScheduledStopPointRef ref="VTR:ScheduledStopPoint:123109"/>
                  <DestinationDisplayRef ref="VTR:DestinationDisplay:1"/>
                </StopPointInJourneyPattern>
                <StopPointInJourneyPattern id="VTR:StopPointInJourneyPattern:1161003" version="57659" order="7">
                  <ScheduledStopPointRef ref="VTR:ScheduledStopPoint:123110"/>
                  <DestinationDisplayRef ref="VTR:DestinationDisplay:1"/>
                </StopPointInJourneyPattern>
              </pointsInSequence>
            </JourneyPattern>
            <JourneyPattern id="VTR:JourneyPattern:57602" version="57658">
              <Name>75/1/13</Name>
              <RouteRef ref="VTR:Route:7259" version="1"/>
              <pointsInSequence>
                <StopPointInJourneyPattern id="VTR:StopPointInJourneyPattern:1160990" version="57658" order="1">
                  <ScheduledStopPointRef ref="VTR:ScheduledStopPoint:123071"/>
                  <DestinationDisplayRef ref="VTR:DestinationDisplay:1"/>
                </StopPointInJourneyPattern>
                <StopPointInJourneyPattern id="VTR:StopPointInJourneyPattern:1160991" version="57658" order="2">
                  <ScheduledStopPointRef ref="VTR:ScheduledStopPoint:123072"/>
                  <DestinationDisplayRef ref="VTR:DestinationDisplay:1"/>
                </StopPointInJourneyPattern>
                <StopPointInJourneyPattern id="VTR:StopPointInJourneyPattern:1160992" version="57658" order="3">
                  <ScheduledStopPointRef ref="VTR:ScheduledStopPoint:123073"/>
                  <DestinationDisplayRef ref="VTR:DestinationDisplay:1"/>
                </StopPointInJourneyPattern>
                <StopPointInJourneyPattern id="VTR:StopPointInJourneyPattern:1160993" version="57658" order="4">
                  <ScheduledStopPointRef ref="VTR:ScheduledStopPoint:123074"/>
                  <DestinationDisplayRef ref="VTR:DestinationDisplay:1"/>
                </StopPointInJourneyPattern>
                <StopPointInJourneyPattern id="VTR:StopPointInJourneyPattern:1160994" version="57658" order="5">
                  <ScheduledStopPointRef ref="VTR:ScheduledStopPoint:123075"/>
                  <DestinationDisplayRef ref="VTR:DestinationDisplay:1"/>
                </StopPointInJourneyPattern>
                <StopPointInJourneyPattern id="VTR:StopPointInJourneyPattern:1160995" version="57658" order="6">
                  <ScheduledStopPointRef ref="VTR:ScheduledStopPoint:123076"/>
                  <DestinationDisplayRef ref="VTR:DestinationDisplay:1"/>
                </StopPointInJourneyPattern>
                <StopPointInJourneyPattern id="VTR:StopPointInJourneyPattern:1160996" version="57658" order="7">
                  <ScheduledStopPointRef ref="VTR:ScheduledStopPoint:123077"/>
                  <DestinationDisplayRef ref="VTR:DestinationDisplay:1"/>
                </StopPointInJourneyPattern>
              </pointsInSequence>
            </JourneyPattern>
          </journeyPatterns>
        </ServiceFrame>
        <TimetableFrame version="1" id="VTR:TimetableFrame:1394">
          <vehicleJourneys>
            <ServiceJourney version="57658" id="VTR:ServiceJourney:57602">
              <Name>Raseiniai-Šiluva 13</Name>
              <PrivateCode>75/1/13</PrivateCode>
              <dayTypes>
                <DayTypeRef ref="VTR:DayType:2929"/>
              </dayTypes>
              <JourneyPatternRef version="57658" ref="VTR:JourneyPattern:57602"/>
              <OperatorRef ref="VTR:Operator:508"/>
              <LineRef ref="VTR:Line:1734" version="1714"/>
              <passingTimes>
                <TimetabledPassingTime version="57658" id="VTR:TimetabledPassingTime:57602_1160990_1">
                  <StopPointInJourneyPatternRef ref="VTR:StopPointInJourneyPattern:1160990" version="57658"/>
                  <DepartureTime>08:00:00</DepartureTime>
                  <DepartureDayOffset>0</DepartureDayOffset>
                </TimetabledPassingTime>
                <TimetabledPassingTime version="57658" id="VTR:TimetabledPassingTime:57602_1160991_2">
                  <StopPointInJourneyPatternRef ref="VTR:StopPointInJourneyPattern:1160991" version="57658"/>
                  <DepartureTime>08:07:00</DepartureTime>
                  <DepartureDayOffset>0</DepartureDayOffset>
                </TimetabledPassingTime>
                <TimetabledPassingTime version="57658" id="VTR:TimetabledPassingTime:57602_1160992_3">
                  <StopPointInJourneyPatternRef ref="VTR:StopPointInJourneyPattern:1160992" version="57658"/>
                  <DepartureTime>08:11:00</DepartureTime>
                  <DepartureDayOffset>0</DepartureDayOffset>
                </TimetabledPassingTime>
                <TimetabledPassingTime version="57658" id="VTR:TimetabledPassingTime:57602_1160993_4">
                  <StopPointInJourneyPatternRef ref="VTR:StopPointInJourneyPattern:1160993" version="57658"/>
                  <DepartureTime>08:16:00</DepartureTime>
                  <DepartureDayOffset>0</DepartureDayOffset>
                </TimetabledPassingTime>
                <TimetabledPassingTime version="57658" id="VTR:TimetabledPassingTime:57602_1160994_5">
                  <StopPointInJourneyPatternRef ref="VTR:StopPointInJourneyPattern:1160994" version="57658"/>
                  <DepartureTime>08:22:00</DepartureTime>
                  <DepartureDayOffset>0</DepartureDayOffset>
                </TimetabledPassingTime>
                <TimetabledPassingTime version="57658" id="VTR:TimetabledPassingTime:57602_1160995_6">
                  <StopPointInJourneyPatternRef ref="VTR:StopPointInJourneyPattern:1160995" version="57658"/>
                  <DepartureTime>08:28:00</DepartureTime>
                  <DepartureDayOffset>0</DepartureDayOffset>
                </TimetabledPassingTime>
                <TimetabledPassingTime version="57658" id="VTR:TimetabledPassingTime:57602_1160996_7">
                  <StopPointInJourneyPatternRef ref="VTR:StopPointInJourneyPattern:1160996" version="57658"/>
                  <DepartureTime>08:37:00</DepartureTime>
                  <DepartureDayOffset>0</DepartureDayOffset>
                </TimetabledPassingTime>
              </passingTimes>
            </ServiceJourney>
            <ServiceJourney version="57659" id="VTR:ServiceJourney:57603">
              <Name>Šiluva-Raseiniai 13</Name>
              <PrivateCode>75/2/13</PrivateCode>
              <dayTypes>
                <DayTypeRef ref="VTR:DayType:2929"/>
              </dayTypes>
              <JourneyPatternRef version="57659" ref="VTR:JourneyPattern:57603"/>
              <OperatorRef ref="VTR:Operator:508"/>
              <LineRef ref="VTR:Line:1734" version="1714"/>
              <passingTimes>
                <TimetabledPassingTime version="57659" id="VTR:TimetabledPassingTime:57603_1160997_1">
                  <StopPointInJourneyPatternRef ref="VTR:StopPointInJourneyPattern:1160997" version="57659"/>
                  <DepartureTime>13:30:00</DepartureTime>
                  <DepartureDayOffset>0</DepartureDayOffset>
                </TimetabledPassingTime>
                <TimetabledPassingTime version="57659" id="VTR:TimetabledPassingTime:57603_1160998_2">
                  <StopPointInJourneyPatternRef ref="VTR:StopPointInJourneyPattern:1160998" version="57659"/>
                  <DepartureTime>13:38:00</DepartureTime>
                  <DepartureDayOffset>0</DepartureDayOffset>
                </TimetabledPassingTime>
                <TimetabledPassingTime version="57659" id="VTR:TimetabledPassingTime:57603_1160999_3">
                  <StopPointInJourneyPatternRef ref="VTR:StopPointInJourneyPattern:1160999" version="57659"/>
                  <DepartureTime>13:42:00</DepartureTime>
                  <DepartureDayOffset>0</DepartureDayOffset>
                </TimetabledPassingTime>
                <TimetabledPassingTime version="57659" id="VTR:TimetabledPassingTime:57603_1161000_4">
                  <StopPointInJourneyPatternRef ref="VTR:StopPointInJourneyPattern:1161000" version="57659"/>
                  <DepartureTime>13:46:00</DepartureTime>
                  <DepartureDayOffset>0</DepartureDayOffset>
                </TimetabledPassingTime>
                <TimetabledPassingTime version="57659" id="VTR:TimetabledPassingTime:57603_1161001_5">
                  <StopPointInJourneyPatternRef ref="VTR:StopPointInJourneyPattern:1161001" version="57659"/>
                  <DepartureTime>13:50:00</DepartureTime>
                  <DepartureDayOffset>0</DepartureDayOffset>
                </TimetabledPassingTime>
                <TimetabledPassingTime version="57659" id="VTR:TimetabledPassingTime:57603_1161002_6">
                  <StopPointInJourneyPatternRef ref="VTR:StopPointInJourneyPattern:1161002" version="57659"/>
                  <DepartureTime>13:55:00</DepartureTime>
                  <DepartureDayOffset>0</DepartureDayOffset>
                </TimetabledPassingTime>
                <TimetabledPassingTime version="57659" id="VTR:TimetabledPassingTime:57603_1161003_7">
                  <StopPointInJourneyPatternRef ref="VTR:StopPointInJourneyPattern:1161003" version="57659"/>
                  <DepartureTime>14:00:00</DepartureTime>
                  <DepartureDayOffset>0</DepartureDayOffset>
                </TimetabledPassingTime>
              </passingTimes>
            </ServiceJourney>
          </vehicleJourneys>
        </TimetableFrame>
        <ResourceFrame version="1" id="VTR:ResourceFrame:1394">
          <organisations>
            <Authority version="1" id="VTR:Authority:23">
              <CompanyNumber>72</CompanyNumber>
              <Name>Raseinių r. sav.</Name>
              <LegalName>Raseinių r. sav.</LegalName>
              <ContactDetails>
                <Email>savivaldybe@raseiniai.lt</Email>
                <Phone>842879600</Phone>
                <Url>www.raseiniai.lt</Url>
              </ContactDetails>
              <OrganisationType>authority</OrganisationType>
            </Authority>
          </organisations>
        </ResourceFrame>
        <FareFrame id="VTR:FareFrame:1734" version="1">
          <FrameDefaults>
            <DefaultCurrency>EUR</DefaultCurrency>
          </FrameDefaults>
          <fareStructureElements>
            <FareStructureElement id="VTR:FareStructureElement:pricematrix" version="1">
              <distanceMatrixElements>
                <DistanceMatrixElementRef ref="VTR:DistanceMatrixElement:1160990to1160993" version="1"/>
                <DistanceMatrixElementRef ref="VTR:DistanceMatrixElement:1160999to1161003" version="1"/>
                <DistanceMatrixElementRef ref="VTR:DistanceMatrixElement:1160992to1160995" version="1"/>
                <DistanceMatrixElementRef ref="VTR:DistanceMatrixElement:1160998to1161002" version="1"/>
                <DistanceMatrixElementRef ref="VTR:DistanceMatrixElement:1160991to1160995" version="1"/>
                <DistanceMatrixElementRef ref="VTR:DistanceMatrixElement:1160997to1161002" version="1"/>
                <DistanceMatrixElementRef ref="VTR:DistanceMatrixElement:1160997to1161003" version="1"/>
                <DistanceMatrixElementRef ref="VTR:DistanceMatrixElement:1160998to1161001" version="1"/>
                <DistanceMatrixElementRef ref="VTR:DistanceMatrixElement:1160999to1161001" version="1"/>
                <DistanceMatrixElementRef ref="VTR:DistanceMatrixElement:1161001to1161003" version="1"/>
                <DistanceMatrixElementRef ref="VTR:DistanceMatrixElement:1160997to1160998" version="1"/>
                <DistanceMatrixElementRef ref="VTR:DistanceMatrixElement:1160991to1160993" version="1"/>
                <DistanceMatrixElementRef ref="VTR:DistanceMatrixElement:1160992to1160993" version="1"/>
                <DistanceMatrixElementRef ref="VTR:DistanceMatrixElement:1160995to1160996" version="1"/>
                <DistanceMatrixElementRef ref="VTR:DistanceMatrixElement:1160997to1160999" version="1"/>
                <DistanceMatrixElementRef ref="VTR:DistanceMatrixElement:1160998to1160999" version="1"/>
                <DistanceMatrixElementRef ref="VTR:DistanceMatrixElement:1160998to1161003" version="1"/>
                <DistanceMatrixElementRef ref="VTR:DistanceMatrixElement:1160990to1160995" version="1"/>
                <DistanceMatrixElementRef ref="VTR:DistanceMatrixElement:1160992to1160994" version="1"/>
                <DistanceMatrixElementRef ref="VTR:DistanceMatrixElement:1160993to1160995" version="1"/>
                <DistanceMatrixElementRef ref="VTR:DistanceMatrixElement:1160994to1160995" version="1"/>
                <DistanceMatrixElementRef ref="VTR:DistanceMatrixElement:1160998to1161000" version="1"/>
                <DistanceMatrixElementRef ref="VTR:DistanceMatrixElement:1161000to1161002" version="1"/>
                <DistanceMatrixElementRef ref="VTR:DistanceMatrixElement:1161002to1161003" version="1"/>
                <DistanceMatrixElementRef ref="VTR:DistanceMatrixElement:1160990to1160994" version="1"/>
                <DistanceMatrixElementRef ref="VTR:DistanceMatrixElement:1160991to1160994" version="1"/>
                <DistanceMatrixElementRef ref="VTR:DistanceMatrixElement:1160993to1160996" version="1"/>
                <DistanceMatrixElementRef ref="VTR:DistanceMatrixElement:1160990to1160991" version="1"/>
                <DistanceMatrixElementRef ref="VTR:DistanceMatrixElement:1160992to1160996" version="1"/>
                <DistanceMatrixElementRef ref="VTR:DistanceMatrixElement:1160993to1160994" version="1"/>
                <DistanceMatrixElementRef ref="VTR:DistanceMatrixElement:1160997to1161001" version="1"/>
                <DistanceMatrixElementRef ref="VTR:DistanceMatrixElement:1160999to1161000" version="1"/>
                <DistanceMatrixElementRef ref="VTR:DistanceMatrixElement:1160999to1161002" version="1"/>
                <DistanceMatrixElementRef ref="VTR:DistanceMatrixElement:1161000to1161001" version="1"/>
                <DistanceMatrixElementRef ref="VTR:DistanceMatrixElement:1161000to1161003" version="1"/>
                <DistanceMatrixElementRef ref="VTR:DistanceMatrixElement:1161001to1161002" version="1"/>
                <DistanceMatrixElementRef ref="VTR:DistanceMatrixElement:1160990to1160992" version="1"/>
                <DistanceMatrixElementRef ref="VTR:DistanceMatrixElement:1160990to1160996" version="1"/>
                <DistanceMatrixElementRef ref="VTR:DistanceMatrixElement:1160991to1160992" version="1"/>
                <DistanceMatrixElementRef ref="VTR:DistanceMatrixElement:1160994to1160996" version="1"/>
                <DistanceMatrixElementRef ref="VTR:DistanceMatrixElement:1160997to1161000" version="1"/>
                <DistanceMatrixElementRef ref="VTR:DistanceMatrixElement:1160991to1160996" version="1"/>
              </distanceMatrixElements>
            </FareStructureElement>
          </fareStructureElements>
          <tariffs>
            <Tariff id="VTR:Tariff:pointToPointInSeparateJourney_1734" version="1">
              <Name>Point to point tariff</Name>
              <distanceMatrixElements>
                <DistanceMatrixElement id="VTR:DistanceMatrixElement:1160990to1160993" version="1">
                  <Name>Raseinių autobusų stotis to Bedančiai</Name>
                  <StartStopPointRef ref="VTR:ScheduledStopPoint:123071" version="1"/>
                  <EndStopPointRef ref="VTR:ScheduledStopPoint:123074" version="1"/>
                  <prices>
                    <DistanceMatrixElementPrice id="VTR:DistanceMatrixElementPrice:1160990to1160993" version="1">
                      <Amount>0.61</Amount>
                      <DistanceMatrixElementRef ref="VTR:DistanceMatrixElement:1160990to1160993" version="1"/>
                    </DistanceMatrixElementPrice>
                  </prices>
                </DistanceMatrixElement>
                <DistanceMatrixElement id="VTR:DistanceMatrixElement:1160999to1161003" version="1">
                  <Name>Katauskiai to Raseinių autobusų stotis</Name>
                  <StartStopPointRef ref="VTR:ScheduledStopPoint:123106" version="1"/>
                  <EndStopPointRef ref="VTR:ScheduledStopPoint:123110" version="1"/>
                  <prices>
                    <DistanceMatrixElementPrice id="VTR:DistanceMatrixElementPrice:1160999to1161003" version="1">
                      <Amount>0.9</Amount>
                      <DistanceMatrixElementRef ref="VTR:DistanceMatrixElement:1160999to1161003" version="1"/>
                    </DistanceMatrixElementPrice>
                  </prices>
                </DistanceMatrixElement>
                <DistanceMatrixElement id="VTR:DistanceMatrixElement:1160992to1160995" version="1">
                  <Name>Dainiai to Šiauleliai</Name>
                  <StartStopPointRef ref="VTR:ScheduledStopPoint:123073" version="1"/>
                  <EndStopPointRef ref="VTR:ScheduledStopPoint:123076" version="1"/>
                  <prices>
                    <DistanceMatrixElementPrice id="VTR:DistanceMatrixElementPrice:1160992to1160995" version="1">
                      <Amount>0.61</Amount>
                      <DistanceMatrixElementRef ref="VTR:DistanceMatrixElement:1160992to1160995" version="1"/>
                    </DistanceMatrixElementPrice>
                  </prices>
                </DistanceMatrixElement>
                <DistanceMatrixElement id="VTR:DistanceMatrixElement:1160998to1161002" version="1">
                  <Name>Šiauleliai to Klusai</Name>
                  <StartStopPointRef ref="VTR:ScheduledStopPoint:123105" version="1"/>
                  <EndStopPointRef ref="VTR:ScheduledStopPoint:123109" version="1"/>
                  <prices>
                    <DistanceMatrixElementPrice id="VTR:DistanceMatrixElementPrice:1160998to1161002" version="1">
                      <Amount>0.78</Amount>
                      <DistanceMatrixElementRef ref="VTR:DistanceMatrixElement:1160998to1161002" version="1"/>
                    </DistanceMatrixElementPrice>
                  </prices>
                </DistanceMatrixElement>
                <DistanceMatrixElement id="VTR:DistanceMatrixElement:1160991to1160995" version="1">
                  <Name>Klusai to Šiauleliai</Name>
                  <StartStopPointRef ref="VTR:ScheduledStopPoint:123072" version="1"/>
                  <EndStopPointRef ref="VTR:ScheduledStopPoint:123076" version="1"/>
                  <prices>
                    <DistanceMatrixElementPrice id="VTR:DistanceMatrixElementPrice:1160991to1160995" version="1">
                      <Amount>0.78</Amount>
                      <DistanceMatrixElementRef ref="VTR:DistanceMatrixElement:1160991to1160995" version="1"/>
                    </DistanceMatrixElementPrice>
                  </prices>
                </DistanceMatrixElement>
                <DistanceMatrixElement id="VTR:DistanceMatrixElement:1160997to1161002" version="1">
                  <Name>Šiluva to Klusai</Name>
                  <StartStopPointRef ref="VTR:ScheduledStopPoint:123104" version="1"/>
                  <EndStopPointRef ref="VTR:ScheduledStopPoint:123109" version="1"/>
                  <prices>
                    <DistanceMatrixElementPrice id="VTR:DistanceMatrixElementPrice:1160997to1161002" version="1">
                      <Amount>1.13</Amount>
                      <DistanceMatrixElementRef ref="VTR:DistanceMatrixElement:1160997to1161002" version="1"/>
                    </DistanceMatrixElementPrice>
                  </prices>
                </DistanceMatrixElement>
                <DistanceMatrixElement id="VTR:DistanceMatrixElement:1160997to1161003" version="1">
                  <Name>Šiluva to Raseinių autobusų stotis</Name>
                  <StartStopPointRef ref="VTR:ScheduledStopPoint:123104" version="1"/>
                  <EndStopPointRef ref="VTR:ScheduledStopPoint:123110" version="1"/>
                  <prices>
                    <DistanceMatrixElementPrice id="VTR:DistanceMatrixElementPrice:1160997to1161003" version="1">
                      <Amount>1.42</Amount>
                      <DistanceMatrixElementRef ref="VTR:DistanceMatrixElement:1160997to1161003" version="1"/>
                    </DistanceMatrixElementPrice>
                  </prices>
                </DistanceMatrixElement>
                <DistanceMatrixElement id="VTR:DistanceMatrixElement:1160998to1161001" version="1">
                  <Name>Šiauleliai to Dainiai</Name>
                  <StartStopPointRef ref="VTR:ScheduledStopPoint:123105" version="1"/>
                  <EndStopPointRef ref="VTR:ScheduledStopPoint:123108" version="1"/>
                  <prices>
                    <DistanceMatrixElementPrice id="VTR:DistanceMatrixElementPrice:1160998to1161001" version="1">
                      <Amount>0.61</Amount>
                      <DistanceMatrixElementRef ref="VTR:DistanceMatrixElement:1160998to1161001" version="1"/>
                    </DistanceMatrixElementPrice>
                  </prices>
                </DistanceMatrixElement>
                <DistanceMatrixElement id="VTR:DistanceMatrixElement:1160999to1161001" version="1">
                  <Name>Katauskiai to Dainiai</Name>
                  <StartStopPointRef ref="VTR:ScheduledStopPoint:123106" version="1"/>
                  <EndStopPointRef ref="VTR:ScheduledStopPoint:123108" version="1"/>
                  <prices>
                    <DistanceMatrixElementPrice id="VTR:DistanceMatrixElementPrice:1160999to1161001" version="1">
                      <Amount>0.43</Amount>
                      <DistanceMatrixElementRef ref="VTR:DistanceMatrixElement:1160999to1161001" version="1"/>
                    </DistanceMatrixElementPrice>
                  </prices>
                </DistanceMatrixElement>
                <DistanceMatrixElement id="VTR:DistanceMatrixElement:1161001to1161003" version="1">
                  <Name>Dainiai to Raseinių autobusų stotis</Name>
                  <StartStopPointRef ref="VTR:ScheduledStopPoint:123108" version="1"/>
                  <EndStopPointRef ref="VTR:ScheduledStopPoint:123110" version="1"/>
                  <prices>
                    <DistanceMatrixElementPrice id="VTR:DistanceMatrixElementPrice:1161001to1161003" version="1">
                      <Amount>0.43</Amount>
                      <DistanceMatrixElementRef ref="VTR:DistanceMatrixElement:1161001to1161003" version="1"/>
                    </DistanceMatrixElementPrice>
                  </prices>
                </DistanceMatrixElement>
                <DistanceMatrixElement id="VTR:DistanceMatrixElement:1160997to1160998" version="1">
                  <Name>Šiluva to Šiauleliai</Name>
                  <StartStopPointRef ref="VTR:ScheduledStopPoint:123104" version="1"/>
                  <EndStopPointRef ref="VTR:ScheduledStopPoint:123105" version="1"/>
                  <prices>
                    <DistanceMatrixElementPrice id="VTR:DistanceMatrixElementPrice:1160997to1160998" version="1">
                      <Amount>0.35</Amount>
                      <DistanceMatrixElementRef ref="VTR:DistanceMatrixElement:1160997to1160998" version="1"/>
                    </DistanceMatrixElementPrice>
                  </prices>
                </DistanceMatrixElement>
                <DistanceMatrixElement id="VTR:DistanceMatrixElement:1160991to1160993" version="1">
                  <Name>Klusai to Bedančiai</Name>
                  <StartStopPointRef ref="VTR:ScheduledStopPoint:123072" version="1"/>
                  <EndStopPointRef ref="VTR:ScheduledStopPoint:123074" version="1"/>
                  <prices>
                    <DistanceMatrixElementPrice id="VTR:DistanceMatrixElementPrice:1160991to1160993" version="1">
                      <Amount>0.32</Amount>
                      <DistanceMatrixElementRef ref="VTR:DistanceMatrixElement:1160991to1160993" version="1"/>
                    </DistanceMatrixElementPrice>
                  </prices>
                </DistanceMatrixElement>
                <DistanceMatrixElement id="VTR:DistanceMatrixElement:1160992to1160993" version="1">
                  <Name>Dainiai to Bedančiai</Name>
                  <StartStopPointRef ref="VTR:ScheduledStopPoint:123073" version="1"/>
                  <EndStopPointRef ref="VTR:ScheduledStopPoint:123074" version="1"/>
                  <prices>
                    <DistanceMatrixElementPrice id="VTR:DistanceMatrixElementPrice:1160992to1160993" version="1">
                      <Amount>0.17</Amount>
                      <DistanceMatrixElementRef ref="VTR:DistanceMatrixElement:1160992to1160993" version="1"/>
                    </DistanceMatrixElementPrice>
                  </prices>
                </DistanceMatrixElement>
                <DistanceMatrixElement id="VTR:DistanceMatrixElement:1160995to1160996" version="1">
                  <Name>Šiauleliai to Šiluva</Name>
                  <StartStopPointRef ref="VTR:ScheduledStopPoint:123076" version="1"/>
                  <EndStopPointRef ref="VTR:ScheduledStopPoint:123077" version="1"/>
                  <prices>
                    <DistanceMatrixElementPrice id="VTR:DistanceMatrixElementPrice:1160995to1160996" version="1">
                      <Amount>0.35</Amount>
                      <DistanceMatrixElementRef ref="VTR:DistanceMatrixElement:1160995to1160996" version="1"/>
                    </DistanceMatrixElementPrice>
                  </prices>
                </DistanceMatrixElement>
                <DistanceMatrixElement id="VTR:DistanceMatrixElement:1160997to1160999" version="1">
                  <Name>Šiluva to Katauskiai</Name>
                  <StartStopPointRef ref="VTR:ScheduledStopPoint:123104" version="1"/>
                  <EndStopPointRef ref="VTR:ScheduledStopPoint:123106" version="1"/>
                  <prices>
                    <DistanceMatrixElementPrice id="VTR:DistanceMatrixElementPrice:1160997to1160999" version="1">
                      <Amount>0.52</Amount>
                      <DistanceMatrixElementRef ref="VTR:DistanceMatrixElement:1160997to1160999" version="1"/>
                    </DistanceMatrixElementPrice>
                  </prices>
                </DistanceMatrixElement>
                <DistanceMatrixElement id="VTR:DistanceMatrixElement:1160998to1160999" version="1">
                  <Name>Šiauleliai to Katauskiai</Name>
                  <StartStopPointRef ref="VTR:ScheduledStopPoint:123105" version="1"/>
                  <EndStopPointRef ref="VTR:ScheduledStopPoint:123106" version="1"/>
                  <prices>
                    <DistanceMatrixElementPrice id="VTR:DistanceMatrixElementPrice:1160998to1160999" version="1">
                      <Amount>0.17</Amount>
                      <DistanceMatrixElementRef ref="VTR:DistanceMatrixElement:1160998to1160999" version="1"/>
                    </DistanceMatrixElementPrice>
                  </prices>
                </DistanceMatrixElement>
                <DistanceMatrixElement id="VTR:DistanceMatrixElement:1160998to1161003" version="1">
                  <Name>Šiauleliai to Raseinių autobusų stotis</Name>
                  <StartStopPointRef ref="VTR:ScheduledStopPoint:123105" version="1"/>
                  <EndStopPointRef ref="VTR:ScheduledStopPoint:123110" version="1"/>
                  <prices>
                    <DistanceMatrixElementPrice id="VTR:DistanceMatrixElementPrice:1160998to1161003" version="1">
                      <Amount>1.07</Amount>
                      <DistanceMatrixElementRef ref="VTR:DistanceMatrixElement:1160998to1161003" version="1"/>
                    </DistanceMatrixElementPrice>
                  </prices>
                </DistanceMatrixElement>
                <DistanceMatrixElement id="VTR:DistanceMatrixElement:1160990to1160995" version="1">
                  <Name>Raseinių autobusų stotis to Šiauleliai</Name>
                  <StartStopPointRef ref="VTR:ScheduledStopPoint:123071" version="1"/>
                  <EndStopPointRef ref="VTR:ScheduledStopPoint:123076" version="1"/>
                  <prices>
                    <DistanceMatrixElementPrice id="VTR:DistanceMatrixElementPrice:1160990to1160995" version="1">
                      <Amount>1.07</Amount>
                      <DistanceMatrixElementRef ref="VTR:DistanceMatrixElement:1160990to1160995" version="1"/>
                    </DistanceMatrixElementPrice>
                  </prices>
                </DistanceMatrixElement>
                <DistanceMatrixElement id="VTR:DistanceMatrixElement:1160992to1160994" version="1">
                  <Name>Dainiai to Katauskiai</Name>
                  <StartStopPointRef ref="VTR:ScheduledStopPoint:123073" version="1"/>
                  <EndStopPointRef ref="VTR:ScheduledStopPoint:123075" version="1"/>
                  <prices>
                    <DistanceMatrixElementPrice id="VTR:DistanceMatrixElementPrice:1160992to1160994" version="1">
                      <Amount>0.43</Amount>
                      <DistanceMatrixElementRef ref="VTR:DistanceMatrixElement:1160992to1160994" version="1"/>
                    </DistanceMatrixElementPrice>
                  </prices>
                </DistanceMatrixElement>
                <DistanceMatrixElement id="VTR:DistanceMatrixElement:1160993to1160995" version="1">
                  <Name>Bedančiai to Šiauleliai</Name>
                  <StartStopPointRef ref="VTR:ScheduledStopPoint:123074" version="1"/>
                  <EndStopPointRef ref="VTR:ScheduledStopPoint:123076" version="1"/>
                  <prices>
                    <DistanceMatrixElementPrice id="VTR:DistanceMatrixElementPrice:1160993to1160995" version="1">
                      <Amount>0.43</Amount>
                      <DistanceMatrixElementRef ref="VTR:DistanceMatrixElement:1160993to1160995" version="1"/>
                    </DistanceMatrixElementPrice>
                  </prices>
                </DistanceMatrixElement>
                <DistanceMatrixElement id="VTR:DistanceMatrixElement:1160994to1160995" version="1">
                  <Name>Katauskiai to Šiauleliai</Name>
                  <StartStopPointRef ref="VTR:ScheduledStopPoint:123075" version="1"/>
                  <EndStopPointRef ref="VTR:ScheduledStopPoint:123076" version="1"/>
                  <prices>
                    <DistanceMatrixElementPrice id="VTR:DistanceMatrixElementPrice:1160994to1160995" version="1">
                      <Amount>0.17</Amount>
                      <DistanceMatrixElementRef ref="VTR:DistanceMatrixElement:1160994to1160995" version="1"/>
                    </DistanceMatrixElementPrice>
                  </prices>
                </DistanceMatrixElement>
                <DistanceMatrixElement id="VTR:DistanceMatrixElement:1160998to1161000" version="1">
                  <Name>Šiauleliai to Bedančiai</Name>
                  <StartStopPointRef ref="VTR:ScheduledStopPoint:123105" version="1"/>
                  <EndStopPointRef ref="VTR:ScheduledStopPoint:123107" version="1"/>
                  <prices>
                    <DistanceMatrixElementPrice id="VTR:DistanceMatrixElementPrice:1160998to1161000" version="1">
                      <Amount>0.43</Amount>
                      <DistanceMatrixElementRef ref="VTR:DistanceMatrixElement:1160998to1161000" version="1"/>
                    </DistanceMatrixElementPrice>
                  </prices>
                </DistanceMatrixElement>
                <DistanceMatrixElement id="VTR:DistanceMatrixElement:1161000to1161002" version="1">
                  <Name>Bedančiai to Klusai</Name>
                  <StartStopPointRef ref="VTR:ScheduledStopPoint:123107" version="1"/>
                  <EndStopPointRef ref="VTR:ScheduledStopPoint:123109" version="1"/>
                  <prices>
                    <DistanceMatrixElementPrice id="VTR:DistanceMatrixElementPrice:1161000to1161002" version="1">
                      <Amount>0.32</Amount>
                      <DistanceMatrixElementRef ref="VTR:DistanceMatrixElement:1161000to1161002" version="1"/>
                    </DistanceMatrixElementPrice>
                  </prices>
                </DistanceMatrixElement>
                <DistanceMatrixElement id="VTR:DistanceMatrixElement:1161002to1161003" version="1">
                  <Name>Klusai to Raseinių autobusų stotis</Name>
                  <StartStopPointRef ref="VTR:ScheduledStopPoint:123109" version="1"/>
                  <EndStopPointRef ref="VTR:ScheduledStopPoint:123110" version="1"/>
                  <prices>
                    <DistanceMatrixElementPrice id="VTR:DistanceMatrixElementPrice:1161002to1161003" version="1">
                      <Amount>0.26</Amount>
                      <DistanceMatrixElementRef ref="VTR:DistanceMatrixElement:1161002to1161003" version="1"/>
                    </DistanceMatrixElementPrice>
                  </prices>
                </DistanceMatrixElement>
                <DistanceMatrixElement id="VTR:DistanceMatrixElement:1160990to1160994" version="1">
                  <Name>Raseinių autobusų stotis to Katauskiai</Name>
                  <StartStopPointRef ref="VTR:ScheduledStopPoint:123071" version="1"/>
                  <EndStopPointRef ref="VTR:ScheduledStopPoint:123075" version="1"/>
                  <prices>
                    <DistanceMatrixElementPrice id="VTR:DistanceMatrixElementPrice:1160990to1160994" version="1">
                      <Amount>0.9</Amount>
                      <DistanceMatrixElementRef ref="VTR:DistanceMatrixElement:1160990to1160994" version="1"/>
                    </DistanceMatrixElementPrice>
                  </prices>
                </DistanceMatrixElement>
                <DistanceMatrixElement id="VTR:DistanceMatrixElement:1160991to1160994" version="1">
                  <Name>Klusai to Katauskiai</Name>
                  <StartStopPointRef ref="VTR:ScheduledStopPoint:123072" version="1"/>
                  <EndStopPointRef ref="VTR:ScheduledStopPoint:123075" version="1"/>
                  <prices>
                    <DistanceMatrixElementPrice id="VTR:DistanceMatrixElementPrice:1160991to1160994" version="1">
                      <Amount>0.61</Amount>
                      <DistanceMatrixElementRef ref="VTR:DistanceMatrixElement:1160991to1160994" version="1"/>
                    </DistanceMatrixElementPrice>
                  </prices>
                </DistanceMatrixElement>
                <DistanceMatrixElement id="VTR:DistanceMatrixElement:1160993to1160996" version="1">
                  <Name>Bedančiai to Šiluva</Name>
                  <StartStopPointRef ref="VTR:ScheduledStopPoint:123074" version="1"/>
                  <EndStopPointRef ref="VTR:ScheduledStopPoint:123077" version="1"/>
                  <prices>
                    <DistanceMatrixElementPrice id="VTR:DistanceMatrixElementPrice:1160993to1160996" version="1">
                      <Amount>0.78</Amount>
                      <DistanceMatrixElementRef ref="VTR:DistanceMatrixElement:1160993to1160996" version="1"/>
                    </DistanceMatrixElementPrice>
                  </prices>
                </DistanceMatrixElement>
                <DistanceMatrixElement id="VTR:DistanceMatrixElement:1160990to1160991" version="1">
                  <Name>Raseinių autobusų stotis to Klusai</Name>
                  <StartStopPointRef ref="VTR:ScheduledStopPoint:123071" version="1"/>
                  <EndStopPointRef ref="VTR:ScheduledStopPoint:123072" version="1"/>
                  <prices>
                    <DistanceMatrixElementPrice id="VTR:DistanceMatrixElementPrice:1160990to1160991" version="1">
                      <Amount>0.26</Amount>
                      <DistanceMatrixElementRef ref="VTR:DistanceMatrixElement:1160990to1160991" version="1"/>
                    </DistanceMatrixElementPrice>
                  </prices>
                </DistanceMatrixElement>
                <DistanceMatrixElement id="VTR:DistanceMatrixElement:1160992to1160996" version="1">
                  <Name>Dainiai to Šiluva</Name>
                  <StartStopPointRef ref="VTR:ScheduledStopPoint:123073" version="1"/>
                  <EndStopPointRef ref="VTR:ScheduledStopPoint:123077" version="1"/>
                  <prices>
                    <DistanceMatrixElementPrice id="VTR:DistanceMatrixElementPrice:1160992to1160996" version="1">
                      <Amount>0.98</Amount>
                      <DistanceMatrixElementRef ref="VTR:DistanceMatrixElement:1160992to1160996" version="1"/>
                    </DistanceMatrixElementPrice>
                  </prices>
                </DistanceMatrixElement>
                <DistanceMatrixElement id="VTR:DistanceMatrixElement:1160993to1160994" version="1">
                  <Name>Bedančiai to Katauskiai</Name>
                  <StartStopPointRef ref="VTR:ScheduledStopPoint:123074" version="1"/>
                  <EndStopPointRef ref="VTR:ScheduledStopPoint:123075" version="1"/>
                  <prices>
                    <DistanceMatrixElementPrice id="VTR:DistanceMatrixElementPrice:1160993to1160994" version="1">
                      <Amount>0.26</Amount>
                      <DistanceMatrixElementRef ref="VTR:DistanceMatrixElement:1160993to1160994" version="1"/>
                    </DistanceMatrixElementPrice>
                  </prices>
                </DistanceMatrixElement>
                <DistanceMatrixElement id="VTR:DistanceMatrixElement:1160997to1161001" version="1">
                  <Name>Šiluva to Dainiai</Name>
                  <StartStopPointRef ref="VTR:ScheduledStopPoint:123104" version="1"/>
                  <EndStopPointRef ref="VTR:ScheduledStopPoint:123108" version="1"/>
                  <prices>
                    <DistanceMatrixElementPrice id="VTR:DistanceMatrixElementPrice:1160997to1161001" version="1">
                      <Amount>0.98</Amount>
                      <DistanceMatrixElementRef ref="VTR:DistanceMatrixElement:1160997to1161001" version="1"/>
                    </DistanceMatrixElementPrice>
                  </prices>
                </DistanceMatrixElement>
                <DistanceMatrixElement id="VTR:DistanceMatrixElement:1160999to1161000" version="1">
                  <Name>Katauskiai to Bedančiai</Name>
                  <StartStopPointRef ref="VTR:ScheduledStopPoint:123106" version="1"/>
                  <EndStopPointRef ref="VTR:ScheduledStopPoint:123107" version="1"/>
                  <prices>
                    <DistanceMatrixElementPrice id="VTR:DistanceMatrixElementPrice:1160999to1161000" version="1">
                      <Amount>0.26</Amount>
                      <DistanceMatrixElementRef ref="VTR:DistanceMatrixElement:1160999to1161000" version="1"/>
                    </DistanceMatrixElementPrice>
                  </prices>
                </DistanceMatrixElement>
                <DistanceMatrixElement id="VTR:DistanceMatrixElement:1160999to1161002" version="1">
                  <Name>Katauskiai to Klusai</Name>
                  <StartStopPointRef ref="VTR:ScheduledStopPoint:123106" version="1"/>
                  <EndStopPointRef ref="VTR:ScheduledStopPoint:123109" version="1"/>
                  <prices>
                    <DistanceMatrixElementPrice id="VTR:DistanceMatrixElementPrice:1160999to1161002" version="1">
                      <Amount>0.61</Amount>
                      <DistanceMatrixElementRef ref="VTR:DistanceMatrixElement:1160999to1161002" version="1"/>
                    </DistanceMatrixElementPrice>
                  </prices>
                </DistanceMatrixElement>
                <DistanceMatrixElement id="VTR:DistanceMatrixElement:1161000to1161001" version="1">
                  <Name>Bedančiai to Dainiai</Name>
                  <StartStopPointRef ref="VTR:ScheduledStopPoint:123107" version="1"/>
                  <EndStopPointRef ref="VTR:ScheduledStopPoint:123108" version="1"/>
                  <prices>
                    <DistanceMatrixElementPrice id="VTR:DistanceMatrixElementPrice:1161000to1161001" version="1">
                      <Amount>0.17</Amount>
                      <DistanceMatrixElementRef ref="VTR:DistanceMatrixElement:1161000to1161001" version="1"/>
                    </DistanceMatrixElementPrice>
                  </prices>
                </DistanceMatrixElement>
                <DistanceMatrixElement id="VTR:DistanceMatrixElement:1161000to1161003" version="1">
                  <Name>Bedančiai to Raseinių autobusų stotis</Name>
                  <StartStopPointRef ref="VTR:ScheduledStopPoint:123107" version="1"/>
                  <EndStopPointRef ref="VTR:ScheduledStopPoint:123110" version="1"/>
                  <prices>
                    <DistanceMatrixElementPrice id="VTR:DistanceMatrixElementPrice:1161000to1161003" version="1">
                      <Amount>0.61</Amount>
                      <DistanceMatrixElementRef ref="VTR:DistanceMatrixElement:1161000to1161003" version="1"/>
                    </DistanceMatrixElementPrice>
                  </prices>
                </DistanceMatrixElement>
                <DistanceMatrixElement id="VTR:DistanceMatrixElement:1161001to1161002" version="1">
                  <Name>Dainiai to Klusai</Name>
                  <StartStopPointRef ref="VTR:ScheduledStopPoint:123108" version="1"/>
                  <EndStopPointRef ref="VTR:ScheduledStopPoint:123109" version="1"/>
                  <prices>
                    <DistanceMatrixElementPrice id="VTR:DistanceMatrixElementPrice:1161001to1161002" version="1">
                      <Amount>0.14</Amount>
                      <DistanceMatrixElementRef ref="VTR:DistanceMatrixElement:1161001to1161002" version="1"/>
                    </DistanceMatrixElementPrice>
                  </prices>
                </DistanceMatrixElement>
                <DistanceMatrixElement id="VTR:DistanceMatrixElement:1160990to1160992" version="1">
                  <Name>Raseinių autobusų stotis to Dainiai</Name>
                  <StartStopPointRef ref="VTR:ScheduledStopPoint:123071" version="1"/>
                  <EndStopPointRef ref="VTR:ScheduledStopPoint:123073" version="1"/>
                  <prices>
                    <DistanceMatrixElementPrice id="VTR:DistanceMatrixElementPrice:1160990to1160992" version="1">
                      <Amount>0.43</Amount>
                      <DistanceMatrixElementRef ref="VTR:DistanceMatrixElement:1160990to1160992" version="1"/>
                    </DistanceMatrixElementPrice>
                  </prices>
                </DistanceMatrixElement>
                <DistanceMatrixElement id="VTR:DistanceMatrixElement:1160990to1160996" version="1">
                  <Name>Raseinių autobusų stotis to Šiluva</Name>
                  <StartStopPointRef ref="VTR:ScheduledStopPoint:123071" version="1"/>
                  <EndStopPointRef ref="VTR:ScheduledStopPoint:123077" version="1"/>
                  <prices>
                    <DistanceMatrixElementPrice id="VTR:DistanceMatrixElementPrice:1160990to1160996" version="1">
                      <Amount>1.42</Amount>
                      <DistanceMatrixElementRef ref="VTR:DistanceMatrixElement:1160990to1160996" version="1"/>
                    </DistanceMatrixElementPrice>
                  </prices>
                </DistanceMatrixElement>
                <DistanceMatrixElement id="VTR:DistanceMatrixElement:1160991to1160992" version="1">
                  <Name>Klusai to Dainiai</Name>
                  <StartStopPointRef ref="VTR:ScheduledStopPoint:123072" version="1"/>
                  <EndStopPointRef ref="VTR:ScheduledStopPoint:123073" version="1"/>
                  <prices>
                    <DistanceMatrixElementPrice id="VTR:DistanceMatrixElementPrice:1160991to1160992" version="1">
                      <Amount>0.14</Amount>
                      <DistanceMatrixElementRef ref="VTR:DistanceMatrixElement:1160991to1160992" version="1"/>
                    </DistanceMatrixElementPrice>
                  </prices>
                </DistanceMatrixElement>
                <DistanceMatrixElement id="VTR:DistanceMatrixElement:1160994to1160996" version="1">
                  <Name>Katauskiai to Šiluva</Name>
                  <StartStopPointRef ref="VTR:ScheduledStopPoint:123075" version="1"/>
                  <EndStopPointRef ref="VTR:ScheduledStopPoint:123077" version="1"/>
                  <prices>
                    <DistanceMatrixElementPrice id="VTR:DistanceMatrixElementPrice:1160994to1160996" version="1">
                      <Amount>0.52</Amount>
                      <DistanceMatrixElementRef ref="VTR:DistanceMatrixElement:1160994to1160996" version="1"/>
                    </DistanceMatrixElementPrice>
                  </prices>
                </DistanceMatrixElement>
                <DistanceMatrixElement id="VTR:DistanceMatrixElement:1160997to1161000" version="1">
                  <Name>Šiluva to Bedančiai</Name>
                  <StartStopPointRef ref="VTR:ScheduledStopPoint:123104" version="1"/>
                  <EndStopPointRef ref="VTR:ScheduledStopPoint:123107" version="1"/>
                  <prices>
                    <DistanceMatrixElementPrice id="VTR:DistanceMatrixElementPrice:1160997to1161000" version="1">
                      <Amount>0.78</Amount>
                      <DistanceMatrixElementRef ref="VTR:DistanceMatrixElement:1160997to1161000" version="1"/>
                    </DistanceMatrixElementPrice>
                  </prices>
                </DistanceMatrixElement>
                <DistanceMatrixElement id="VTR:DistanceMatrixElement:1160991to1160996" version="1">
                  <Name>Klusai to Šiluva</Name>
                  <StartStopPointRef ref="VTR:ScheduledStopPoint:123072" version="1"/>
                  <EndStopPointRef ref="VTR:ScheduledStopPoint:123077" version="1"/>
                  <prices>
                    <DistanceMatrixElementPrice id="VTR:DistanceMatrixElementPrice:1160991to1160996" version="1">
                      <Amount>1.13</Amount>
                      <DistanceMatrixElementRef ref="VTR:DistanceMatrixElement:1160991to1160996" version="1"/>
                    </DistanceMatrixElementPrice>
                  </prices>
                </DistanceMatrixElement>
              </distanceMatrixElements>
            </Tariff>
          </tariffs>
          <usageParameters>
            <FrequencyOfUse id="VTR:FrequencyOfUse:oneTrip" version="1">
              <FrequencyOfUseType>unlimited</FrequencyOfUseType>
              <MaximalFrequency>1</MaximalFrequency>
            </FrequencyOfUse>
          </usageParameters>
        </FareFrame>
      </frames>
    </CompositeFrame>
  </dataObjects>
</PublicationDelivery>
