<?xml version="1.0" encoding="UTF-8"?><PublicationDelivery xmlns="http://www.netex.org.uk/netex" xmlns:gis="http://www.opengis.net/gml/3.2" xmlns:ns2="http://www.opengis.net/gml/3.2" xmlns:ns3="http://www.siri.org.uk/siri" xmlns:xsi="http://www.w3.org/2001/XMLSchema-instance" version="1" xsi:schemaLocation="">
  <PublicationTimestamp>2022-05-07T04:30:00.224</PublicationTimestamp>
  <ParticipantRef>VTR</ParticipantRef>
  <Description>1</Description>
  <dataObjects>
    <CompositeFrame created="2022-05-07T04:30:00.224" version="1" id="VTR:CompositeFrame:1394">
      <validityConditions>
        <AvailabilityCondition version="1" id="VTR:AvailabilityCondition:1394">
          <FromDate>2015-08-06T08:34:15</FromDate>
          <ToDate>2027-12-30T00:00:00</ToDate>
        </AvailabilityCondition>
      </validityConditions>
      <codespaces>
        <Codespace id="vtr">
          <Xmlns>VTR</Xmlns>
          <XmlnsUrl>http://www.visimarsrutai.lt/</XmlnsUrl>
        </Codespace>
      </codespaces>
      <FrameDefaults>
        <DefaultLocale>
          <TimeZone>Europe/Vilnius</TimeZone>
        </DefaultLocale>
        <DefaultLocationSystem>WGS84</DefaultLocationSystem>
      </FrameDefaults>
      <frames>
        <ServiceCalendarFrame version="1" id="VTR:ServiceCalendarFrame:1394">
          <dayTypes>
            <DayType id="VTR:DayType:2955" version="1">
              <properties>
                <PropertyOfDay>
                  <DaysOfWeek>Monday Tuesday Wednesday Thursday Friday</DaysOfWeek>
                </PropertyOfDay>
              </properties>
            </DayType>
            <DayType id="VTR:DayType:2956" version="1">
              <properties>
                <PropertyOfDay>
                  <DaysOfWeek>Monday Tuesday Wednesday Thursday Friday</DaysOfWeek>
                </PropertyOfDay>
              </properties>
            </DayType>
          </dayTypes>
          <operatingPeriods>
            <OperatingPeriod version="1" id="VTR:OperatingPeriod:2955">
              <FromDate>2015-09-01T00:00:00</FromDate>
              <ToDate>2017-06-30T00:00:00</ToDate>
            </OperatingPeriod>
            <OperatingPeriod version="1" id="VTR:OperatingPeriod:2956">
              <FromDate>2016-09-01T00:00:00</FromDate>
              <ToDate>2017-06-30T00:00:00</ToDate>
            </OperatingPeriod>
          </operatingPeriods>
          <dayTypeAssignments>
            <DayTypeAssignment id="VTR:DayTypeAssignment:2955_0" version="1" order="2299">
              <OperatingPeriodRef ref="VTR:OperatingPeriod:2955" version="1"/>
              <DayTypeRef ref="VTR:DayType:2955" version="1"/>
            </DayTypeAssignment>
            <DayTypeAssignment id="VTR:DayTypeAssignment:2956_0" version="1" order="2301">
              <OperatingPeriodRef ref="VTR:OperatingPeriod:2956" version="1"/>
              <DayTypeRef ref="VTR:DayType:2956" version="1"/>
            </DayTypeAssignment>
          </dayTypeAssignments>
        </ServiceCalendarFrame>
        <ServiceFrame id="VTR:ServiceFrame:1394" version="1">
          <Network version="0" id="VTR:Network:23"/>
          <routePoints>
            <RoutePoint version="1" id="VTR:RoutePoint:467213">
              <projections>
                <PointProjection version="1" id="VTR:PointProjection:39346">
                  <ProjectedPointRef ref="VTR:ScheduledStopPoint:467213" version="1"/>
                </PointProjection>
              </projections>
            </RoutePoint>
            <RoutePoint version="1" id="VTR:RoutePoint:467214">
              <projections>
                <PointProjection version="1" id="VTR:PointProjection:39347">
                  <ProjectedPointRef ref="VTR:ScheduledStopPoint:467214" version="1"/>
                </PointProjection>
              </projections>
            </RoutePoint>
            <RoutePoint version="1" id="VTR:RoutePoint:467215">
              <projections>
                <PointProjection version="1" id="VTR:PointProjection:39348">
                  <ProjectedPointRef ref="VTR:ScheduledStopPoint:467215" version="1"/>
                </PointProjection>
              </projections>
            </RoutePoint>
            <RoutePoint version="1" id="VTR:RoutePoint:467216">
              <projections>
                <PointProjection version="1" id="VTR:PointProjection:39349">
                  <ProjectedPointRef ref="VTR:ScheduledStopPoint:467216" version="1"/>
                </PointProjection>
              </projections>
            </RoutePoint>
            <RoutePoint version="1" id="VTR:RoutePoint:467217">
              <projections>
                <PointProjection version="1" id="VTR:PointProjection:39350">
                  <ProjectedPointRef ref="VTR:ScheduledStopPoint:467217" version="1"/>
                </PointProjection>
              </projections>
            </RoutePoint>
            <RoutePoint version="1" id="VTR:RoutePoint:467218">
              <projections>
                <PointProjection version="1" id="VTR:PointProjection:39351">
                  <ProjectedPointRef ref="VTR:ScheduledStopPoint:467218" version="1"/>
                </PointProjection>
              </projections>
            </RoutePoint>
            <RoutePoint version="1" id="VTR:RoutePoint:467219">
              <projections>
                <PointProjection version="1" id="VTR:PointProjection:39352">
                  <ProjectedPointRef ref="VTR:ScheduledStopPoint:467219" version="1"/>
                </PointProjection>
              </projections>
            </RoutePoint>
            <RoutePoint version="1" id="VTR:RoutePoint:467220">
              <projections>
                <PointProjection version="1" id="VTR:PointProjection:39353">
                  <ProjectedPointRef ref="VTR:ScheduledStopPoint:467220" version="1"/>
                </PointProjection>
              </projections>
            </RoutePoint>
            <RoutePoint version="1" id="VTR:RoutePoint:467221">
              <projections>
                <PointProjection version="1" id="VTR:PointProjection:39354">
                  <ProjectedPointRef ref="VTR:ScheduledStopPoint:467221" version="1"/>
                </PointProjection>
              </projections>
            </RoutePoint>
            <RoutePoint version="1" id="VTR:RoutePoint:467222">
              <projections>
                <PointProjection version="1" id="VTR:PointProjection:39355">
                  <ProjectedPointRef ref="VTR:ScheduledStopPoint:467222" version="1"/>
                </PointProjection>
              </projections>
            </RoutePoint>
            <RoutePoint version="1" id="VTR:RoutePoint:467223">
              <projections>
                <PointProjection version="1" id="VTR:PointProjection:39356">
                  <ProjectedPointRef ref="VTR:ScheduledStopPoint:467223" version="1"/>
                </PointProjection>
              </projections>
            </RoutePoint>
            <RoutePoint version="1" id="VTR:RoutePoint:467224">
              <projections>
                <PointProjection version="1" id="VTR:PointProjection:39357">
                  <ProjectedPointRef ref="VTR:ScheduledStopPoint:467224" version="1"/>
                </PointProjection>
              </projections>
            </RoutePoint>
            <RoutePoint version="1" id="VTR:RoutePoint:467225">
              <projections>
                <PointProjection version="1" id="VTR:PointProjection:39358">
                  <ProjectedPointRef ref="VTR:ScheduledStopPoint:467225" version="1"/>
                </PointProjection>
              </projections>
            </RoutePoint>
            <RoutePoint version="1" id="VTR:RoutePoint:467226">
              <projections>
                <PointProjection version="1" id="VTR:PointProjection:39359">
                  <ProjectedPointRef ref="VTR:ScheduledStopPoint:467226" version="1"/>
                </PointProjection>
              </projections>
            </RoutePoint>
          </routePoints>
          <routes>
            <Route version="1" id="VTR:Route:12077">
              <Name>Bliūdžiai-Raseiniai</Name>
              <ShortName>Bliūdžiai-Raseiniai</ShortName>
              <LineRef ref="VTR:Line:1769" version="5053"/>
              <DirectionType>inbound</DirectionType>
              <pointsInSequence>
                <PointOnRoute version="1" id="VTR:PointOnRoute:467222" order="1">
                  <RoutePointRef ref="VTR:RoutePoint:467222"/>
                </PointOnRoute>
                <PointOnRoute version="1" id="VTR:PointOnRoute:467223" order="2">
                  <RoutePointRef ref="VTR:RoutePoint:467223"/>
                </PointOnRoute>
                <PointOnRoute version="1" id="VTR:PointOnRoute:467224" order="3">
                  <RoutePointRef ref="VTR:RoutePoint:467224"/>
                </PointOnRoute>
                <PointOnRoute version="1" id="VTR:PointOnRoute:467225" order="4">
                  <RoutePointRef ref="VTR:RoutePoint:467225"/>
                </PointOnRoute>
                <PointOnRoute version="1" id="VTR:PointOnRoute:467226" order="5">
                  <RoutePointRef ref="VTR:RoutePoint:467226"/>
                </PointOnRoute>
              </pointsInSequence>
            </Route>
            <Route version="1" id="VTR:Route:12076">
              <Name>Raseiniai-Kalnujai-Pašaltuonys-Bliūdžiai-Raseiniai</Name>
              <ShortName>Raseiniai-Kalnujai-Pašaltuonys-Bliūdžiai-Raseiniai</ShortName>
              <LineRef ref="VTR:Line:1769" version="5053"/>
              <DirectionType>outbound</DirectionType>
              <pointsInSequence>
                <PointOnRoute version="1" id="VTR:PointOnRoute:467213" order="1">
                  <RoutePointRef ref="VTR:RoutePoint:467213"/>
                </PointOnRoute>
                <PointOnRoute version="1" id="VTR:PointOnRoute:467214" order="2">
                  <RoutePointRef ref="VTR:RoutePoint:467214"/>
                </PointOnRoute>
                <PointOnRoute version="1" id="VTR:PointOnRoute:467215" order="3">
                  <RoutePointRef ref="VTR:RoutePoint:467215"/>
                </PointOnRoute>
                <PointOnRoute version="1" id="VTR:PointOnRoute:467216" order="4">
                  <RoutePointRef ref="VTR:RoutePoint:467216"/>
                </PointOnRoute>
                <PointOnRoute version="1" id="VTR:PointOnRoute:467217" order="5">
                  <RoutePointRef ref="VTR:RoutePoint:467217"/>
                </PointOnRoute>
                <PointOnRoute version="1" id="VTR:PointOnRoute:467218" order="6">
                  <RoutePointRef ref="VTR:RoutePoint:467218"/>
                </PointOnRoute>
                <PointOnRoute version="1" id="VTR:PointOnRoute:467219" order="7">
                  <RoutePointRef ref="VTR:RoutePoint:467219"/>
                </PointOnRoute>
                <PointOnRoute version="1" id="VTR:PointOnRoute:467220" order="8">
                  <RoutePointRef ref="VTR:RoutePoint:467220"/>
                </PointOnRoute>
                <PointOnRoute version="1" id="VTR:PointOnRoute:467221" order="9">
                  <RoutePointRef ref="VTR:RoutePoint:467221"/>
                </PointOnRoute>
              </pointsInSequence>
            </Route>
          </routes>
          <lines>
            <Line version="5053" id="VTR:Line:1769">
              <Name>Raseiniai-Kalnujai-Pašaltuonys-Bliūdžiai-Raseiniai</Name>
              <TransportMode>bus</TransportMode>
              <TransportSubmode>
                <BusSubmode>regionalBus</BusSubmode>
              </TransportSubmode>
              <PublicCode>M-64a</PublicCode>
              <OperatorRef ref="VTR:Operator:23"/>
            </Line>
          </lines>
          <scheduledStopPoints>
            <ScheduledStopPoint version="1" id="VTR:ScheduledStopPoint:467213">
              <Name>Raseinių autobusų stotis</Name>
            </ScheduledStopPoint>
            <ScheduledStopPoint version="1" id="VTR:ScheduledStopPoint:467214">
              <Name>Sūkuriškės</Name>
            </ScheduledStopPoint>
            <ScheduledStopPoint version="1" id="VTR:ScheduledStopPoint:467215">
              <Name>Gabšiai</Name>
            </ScheduledStopPoint>
            <ScheduledStopPoint version="1" id="VTR:ScheduledStopPoint:467216">
              <Name>Kalnujai</Name>
            </ScheduledStopPoint>
            <ScheduledStopPoint version="1" id="VTR:ScheduledStopPoint:467217">
              <Name>Šaltuona</Name>
            </ScheduledStopPoint>
            <ScheduledStopPoint version="1" id="VTR:ScheduledStopPoint:467218">
              <Name>Pašaltuonys</Name>
            </ScheduledStopPoint>
            <ScheduledStopPoint version="1" id="VTR:ScheduledStopPoint:467219">
              <Name>Šaltuona</Name>
            </ScheduledStopPoint>
            <ScheduledStopPoint version="1" id="VTR:ScheduledStopPoint:467220">
              <Name> Bebirva</Name>
            </ScheduledStopPoint>
            <ScheduledStopPoint version="1" id="VTR:ScheduledStopPoint:467221">
              <Name>Blūdžiai</Name>
            </ScheduledStopPoint>
            <ScheduledStopPoint version="1" id="VTR:ScheduledStopPoint:467222">
              <Name>Blūdžiai</Name>
            </ScheduledStopPoint>
            <ScheduledStopPoint version="1" id="VTR:ScheduledStopPoint:467223">
              <Name>Kalnujai</Name>
            </ScheduledStopPoint>
            <ScheduledStopPoint version="1" id="VTR:ScheduledStopPoint:467224">
              <Name>Gabšiai</Name>
            </ScheduledStopPoint>
            <ScheduledStopPoint version="1" id="VTR:ScheduledStopPoint:467225">
              <Name>Sūkuriškės</Name>
            </ScheduledStopPoint>
            <ScheduledStopPoint version="1" id="VTR:ScheduledStopPoint:467226">
              <Name>Raseinių autobusų stotis</Name>
            </ScheduledStopPoint>
          </scheduledStopPoints>
          <serviceLinks>
            <ServiceLink id="VTR:ServiceLink:467225_1_467226_1" version="1">
              <Distance>0</Distance>
              <FromPointRef ref="VTR:ScheduledStopPoint:467225" version="1"/>
              <ToPointRef ref="VTR:ScheduledStopPoint:467226" version="1"/>
            </ServiceLink>
            <ServiceLink id="VTR:ServiceLink:467223_1_467224_1" version="1">
              <Distance>2</Distance>
              <FromPointRef ref="VTR:ScheduledStopPoint:467223" version="1"/>
              <ToPointRef ref="VTR:ScheduledStopPoint:467224" version="1"/>
            </ServiceLink>
            <ServiceLink id="VTR:ServiceLink:467224_1_467225_1" version="1">
              <Distance>2</Distance>
              <FromPointRef ref="VTR:ScheduledStopPoint:467224" version="1"/>
              <ToPointRef ref="VTR:ScheduledStopPoint:467225" version="1"/>
            </ServiceLink>
            <ServiceLink id="VTR:ServiceLink:467222_1_467223_1" version="1">
              <Distance>10</Distance>
              <FromPointRef ref="VTR:ScheduledStopPoint:467222" version="1"/>
              <ToPointRef ref="VTR:ScheduledStopPoint:467223" version="1"/>
            </ServiceLink>
          </serviceLinks>
          <stopAssignments>
            <PassengerStopAssignment order="1207600000" id="VTR:PassengerStopAssignment:467213" version="1">
              <ScheduledStopPointRef ref="VTR:ScheduledStopPoint:467213" version="1"/>
              <QuayRef ref="VTR:Quay:19476"/>
            </PassengerStopAssignment>
            <PassengerStopAssignment order="1207600001" id="VTR:PassengerStopAssignment:467214" version="1">
              <ScheduledStopPointRef ref="VTR:ScheduledStopPoint:467214" version="1"/>
              <QuayRef ref="VTR:Quay:8786"/>
            </PassengerStopAssignment>
            <PassengerStopAssignment order="1207600002" id="VTR:PassengerStopAssignment:467215" version="1">
              <ScheduledStopPointRef ref="VTR:ScheduledStopPoint:467215" version="1"/>
              <QuayRef ref="VTR:Quay:4989"/>
            </PassengerStopAssignment>
            <PassengerStopAssignment order="1207600003" id="VTR:PassengerStopAssignment:467216" version="1">
              <ScheduledStopPointRef ref="VTR:ScheduledStopPoint:467216" version="1"/>
              <QuayRef ref="VTR:Quay:12741"/>
            </PassengerStopAssignment>
            <PassengerStopAssignment order="1207600004" id="VTR:PassengerStopAssignment:467217" version="1">
              <ScheduledStopPointRef ref="VTR:ScheduledStopPoint:467217" version="1"/>
              <QuayRef ref="VTR:Quay:10747"/>
            </PassengerStopAssignment>
            <PassengerStopAssignment order="1207600005" id="VTR:PassengerStopAssignment:467218" version="1">
              <ScheduledStopPointRef ref="VTR:ScheduledStopPoint:467218" version="1"/>
              <QuayRef ref="VTR:Quay:4984"/>
            </PassengerStopAssignment>
            <PassengerStopAssignment order="1207600006" id="VTR:PassengerStopAssignment:467219" version="1">
              <ScheduledStopPointRef ref="VTR:ScheduledStopPoint:467219" version="1"/>
              <QuayRef ref="VTR:Quay:10747"/>
            </PassengerStopAssignment>
            <PassengerStopAssignment order="1207600007" id="VTR:PassengerStopAssignment:467220" version="1">
              <ScheduledStopPointRef ref="VTR:ScheduledStopPoint:467220" version="1"/>
              <QuayRef ref="VTR:Quay:9756"/>
            </PassengerStopAssignment>
            <PassengerStopAssignment order="1207600008" id="VTR:PassengerStopAssignment:467221" version="1">
              <ScheduledStopPointRef ref="VTR:ScheduledStopPoint:467221" version="1"/>
              <QuayRef ref="VTR:Quay:21569"/>
            </PassengerStopAssignment>
            <PassengerStopAssignment order="1207700000" id="VTR:PassengerStopAssignment:467222" version="1">
              <ScheduledStopPointRef ref="VTR:ScheduledStopPoint:467222" version="1"/>
              <QuayRef ref="VTR:Quay:21569"/>
            </PassengerStopAssignment>
            <PassengerStopAssignment order="1207700001" id="VTR:PassengerStopAssignment:467223" version="1">
              <ScheduledStopPointRef ref="VTR:ScheduledStopPoint:467223" version="1"/>
              <QuayRef ref="VTR:Quay:15809"/>
            </PassengerStopAssignment>
            <PassengerStopAssignment order="1207700002" id="VTR:PassengerStopAssignment:467224" version="1">
              <ScheduledStopPointRef ref="VTR:ScheduledStopPoint:467224" version="1"/>
              <QuayRef ref="VTR:Quay:6015"/>
            </PassengerStopAssignment>
            <PassengerStopAssignment order="1207700003" id="VTR:PassengerStopAssignment:467225" version="1">
              <ScheduledStopPointRef ref="VTR:ScheduledStopPoint:467225" version="1"/>
              <QuayRef ref="VTR:Quay:4964"/>
            </PassengerStopAssignment>
            <PassengerStopAssignment order="1207700004" id="VTR:PassengerStopAssignment:467226" version="1">
              <ScheduledStopPointRef ref="VTR:ScheduledStopPoint:467226" version="1"/>
              <QuayRef ref="VTR:Quay:19476"/>
            </PassengerStopAssignment>
          </stopAssignments>
          <journeyPatterns>
            <JourneyPattern id="VTR:JourneyPattern:845658" version="845964">
              <Name>64a1M</Name>
              <RouteRef ref="VTR:Route:12076" version="1"/>
              <pointsInSequence>
                <StopPointInJourneyPattern id="VTR:StopPointInJourneyPattern:22343387" version="845964" order="1">
                  <ScheduledStopPointRef ref="VTR:ScheduledStopPoint:467213"/>
                  <DestinationDisplayRef ref="VTR:DestinationDisplay:1"/>
                </StopPointInJourneyPattern>
                <StopPointInJourneyPattern id="VTR:StopPointInJourneyPattern:22343388" version="845964" order="2">
                  <ScheduledStopPointRef ref="VTR:ScheduledStopPoint:467214"/>
                  <DestinationDisplayRef ref="VTR:DestinationDisplay:1"/>
                </StopPointInJourneyPattern>
                <StopPointInJourneyPattern id="VTR:StopPointInJourneyPattern:22343389" version="845964" order="3">
                  <ScheduledStopPointRef ref="VTR:ScheduledStopPoint:467215"/>
                  <DestinationDisplayRef ref="VTR:DestinationDisplay:1"/>
                </StopPointInJourneyPattern>
                <StopPointInJourneyPattern id="VTR:StopPointInJourneyPattern:22343390" version="845964" order="4">
                  <ScheduledStopPointRef ref="VTR:ScheduledStopPoint:467216"/>
                  <DestinationDisplayRef ref="VTR:DestinationDisplay:1"/>
                </StopPointInJourneyPattern>
                <StopPointInJourneyPattern id="VTR:StopPointInJourneyPattern:22343391" version="845964" order="5">
                  <ScheduledStopPointRef ref="VTR:ScheduledStopPoint:467217"/>
                  <DestinationDisplayRef ref="VTR:DestinationDisplay:1"/>
                </StopPointInJourneyPattern>
                <StopPointInJourneyPattern id="VTR:StopPointInJourneyPattern:22343392" version="845964" order="6">
                  <ScheduledStopPointRef ref="VTR:ScheduledStopPoint:467218"/>
                  <DestinationDisplayRef ref="VTR:DestinationDisplay:1"/>
                </StopPointInJourneyPattern>
                <StopPointInJourneyPattern id="VTR:StopPointInJourneyPattern:22343393" version="845964" order="7">
                  <ScheduledStopPointRef ref="VTR:ScheduledStopPoint:467219"/>
                  <DestinationDisplayRef ref="VTR:DestinationDisplay:1"/>
                </StopPointInJourneyPattern>
                <StopPointInJourneyPattern id="VTR:StopPointInJourneyPattern:22343394" version="845964" order="8">
                  <ScheduledStopPointRef ref="VTR:ScheduledStopPoint:467220"/>
                  <DestinationDisplayRef ref="VTR:DestinationDisplay:1"/>
                </StopPointInJourneyPattern>
                <StopPointInJourneyPattern id="VTR:StopPointInJourneyPattern:22343395" version="845964" order="9">
                  <ScheduledStopPointRef ref="VTR:ScheduledStopPoint:467221"/>
                  <DestinationDisplayRef ref="VTR:DestinationDisplay:1"/>
                </StopPointInJourneyPattern>
              </pointsInSequence>
            </JourneyPattern>
            <JourneyPattern id="VTR:JourneyPattern:845659" version="845965">
              <Name>64a2M</Name>
              <RouteRef ref="VTR:Route:12077" version="1"/>
              <pointsInSequence>
                <StopPointInJourneyPattern id="VTR:StopPointInJourneyPattern:22343396" version="845965" order="1">
                  <ScheduledStopPointRef ref="VTR:ScheduledStopPoint:467222"/>
                  <DestinationDisplayRef ref="VTR:DestinationDisplay:1"/>
                </StopPointInJourneyPattern>
                <StopPointInJourneyPattern id="VTR:StopPointInJourneyPattern:22343397" version="845965" order="2">
                  <ScheduledStopPointRef ref="VTR:ScheduledStopPoint:467223"/>
                  <DestinationDisplayRef ref="VTR:DestinationDisplay:1"/>
                </StopPointInJourneyPattern>
                <StopPointInJourneyPattern id="VTR:StopPointInJourneyPattern:22343398" version="845965" order="3">
                  <ScheduledStopPointRef ref="VTR:ScheduledStopPoint:467224"/>
                  <DestinationDisplayRef ref="VTR:DestinationDisplay:1"/>
                </StopPointInJourneyPattern>
                <StopPointInJourneyPattern id="VTR:StopPointInJourneyPattern:22343399" version="845965" order="4">
                  <ScheduledStopPointRef ref="VTR:ScheduledStopPoint:467225"/>
                  <DestinationDisplayRef ref="VTR:DestinationDisplay:1"/>
                </StopPointInJourneyPattern>
                <StopPointInJourneyPattern id="VTR:StopPointInJourneyPattern:22343400" version="845965" order="5">
                  <ScheduledStopPointRef ref="VTR:ScheduledStopPoint:467226"/>
                  <DestinationDisplayRef ref="VTR:DestinationDisplay:1"/>
                </StopPointInJourneyPattern>
              </pointsInSequence>
            </JourneyPattern>
          </journeyPatterns>
        </ServiceFrame>
        <TimetableFrame version="1" id="VTR:TimetableFrame:1394">
          <vehicleJourneys>
            <ServiceJourney version="845964" id="VTR:ServiceJourney:845658">
              <Name>Raseiniai-Kalnujai-Pašaltuonys-Bliūdžiai-Raseiniai</Name>
              <PrivateCode>64a1M</PrivateCode>
              <dayTypes>
                <DayTypeRef ref="VTR:DayType:2955"/>
              </dayTypes>
              <JourneyPatternRef version="845964" ref="VTR:JourneyPattern:845658"/>
              <OperatorRef ref="VTR:Operator:508"/>
              <LineRef ref="VTR:Line:1769" version="5053"/>
              <passingTimes>
                <TimetabledPassingTime version="845964" id="VTR:TimetabledPassingTime:845658_22343387_1">
                  <StopPointInJourneyPatternRef ref="VTR:StopPointInJourneyPattern:22343387" version="845964"/>
                  <DepartureTime>17:15:00</DepartureTime>
                  <DepartureDayOffset>0</DepartureDayOffset>
                </TimetabledPassingTime>
                <TimetabledPassingTime version="845964" id="VTR:TimetabledPassingTime:845658_22343388_2">
                  <StopPointInJourneyPatternRef ref="VTR:StopPointInJourneyPattern:22343388" version="845964"/>
                  <DepartureTime>17:17:00</DepartureTime>
                  <DepartureDayOffset>0</DepartureDayOffset>
                </TimetabledPassingTime>
                <TimetabledPassingTime version="845964" id="VTR:TimetabledPassingTime:845658_22343389_3">
                  <StopPointInJourneyPatternRef ref="VTR:StopPointInJourneyPattern:22343389" version="845964"/>
                  <DepartureTime>17:21:00</DepartureTime>
                  <DepartureDayOffset>0</DepartureDayOffset>
                </TimetabledPassingTime>
                <TimetabledPassingTime version="845964" id="VTR:TimetabledPassingTime:845658_22343390_4">
                  <StopPointInJourneyPatternRef ref="VTR:StopPointInJourneyPattern:22343390" version="845964"/>
                  <DepartureTime>17:26:00</DepartureTime>
                  <DepartureDayOffset>0</DepartureDayOffset>
                </TimetabledPassingTime>
                <TimetabledPassingTime version="845964" id="VTR:TimetabledPassingTime:845658_22343391_5">
                  <StopPointInJourneyPatternRef ref="VTR:StopPointInJourneyPattern:22343391" version="845964"/>
                  <DepartureTime>17:33:00</DepartureTime>
                  <DepartureDayOffset>0</DepartureDayOffset>
                </TimetabledPassingTime>
                <TimetabledPassingTime version="845964" id="VTR:TimetabledPassingTime:845658_22343392_6">
                  <StopPointInJourneyPatternRef ref="VTR:StopPointInJourneyPattern:22343392" version="845964"/>
                  <DepartureTime>17:39:00</DepartureTime>
                  <DepartureDayOffset>0</DepartureDayOffset>
                </TimetabledPassingTime>
                <TimetabledPassingTime version="845964" id="VTR:TimetabledPassingTime:845658_22343393_7">
                  <StopPointInJourneyPatternRef ref="VTR:StopPointInJourneyPattern:22343393" version="845964"/>
                  <DepartureTime>17:46:00</DepartureTime>
                  <DepartureDayOffset>0</DepartureDayOffset>
                </TimetabledPassingTime>
                <TimetabledPassingTime version="845964" id="VTR:TimetabledPassingTime:845658_22343394_8">
                  <StopPointInJourneyPatternRef ref="VTR:StopPointInJourneyPattern:22343394" version="845964"/>
                  <DepartureTime>17:48:00</DepartureTime>
                  <DepartureDayOffset>0</DepartureDayOffset>
                </TimetabledPassingTime>
                <TimetabledPassingTime version="845964" id="VTR:TimetabledPassingTime:845658_22343395_9">
                  <StopPointInJourneyPatternRef ref="VTR:StopPointInJourneyPattern:22343395" version="845964"/>
                  <DepartureTime>17:49:00</DepartureTime>
                  <DepartureDayOffset>0</DepartureDayOffset>
                </TimetabledPassingTime>
              </passingTimes>
            </ServiceJourney>
            <ServiceJourney version="845965" id="VTR:ServiceJourney:845659">
              <Name>Bliūdžiai-Raseiniai</Name>
              <PrivateCode>64a2M</PrivateCode>
              <dayTypes>
                <DayTypeRef ref="VTR:DayType:2956"/>
              </dayTypes>
              <JourneyPatternRef version="845965" ref="VTR:JourneyPattern:845659"/>
              <OperatorRef ref="VTR:Operator:508"/>
              <LineRef ref="VTR:Line:1769" version="5053"/>
              <passingTimes>
                <TimetabledPassingTime version="845965" id="VTR:TimetabledPassingTime:845659_22343396_1">
                  <StopPointInJourneyPatternRef ref="VTR:StopPointInJourneyPattern:22343396" version="845965"/>
                  <DepartureTime>17:50:00</DepartureTime>
                  <DepartureDayOffset>0</DepartureDayOffset>
                </TimetabledPassingTime>
                <TimetabledPassingTime version="845965" id="VTR:TimetabledPassingTime:845659_22343397_2">
                  <StopPointInJourneyPatternRef ref="VTR:StopPointInJourneyPattern:22343397" version="845965"/>
                  <DepartureTime>18:00:00</DepartureTime>
                  <DepartureDayOffset>0</DepartureDayOffset>
                </TimetabledPassingTime>
                <TimetabledPassingTime version="845965" id="VTR:TimetabledPassingTime:845659_22343398_3">
                  <StopPointInJourneyPatternRef ref="VTR:StopPointInJourneyPattern:22343398" version="845965"/>
                  <DepartureTime>18:03:00</DepartureTime>
                  <DepartureDayOffset>0</DepartureDayOffset>
                </TimetabledPassingTime>
                <TimetabledPassingTime version="845965" id="VTR:TimetabledPassingTime:845659_22343399_4">
                  <StopPointInJourneyPatternRef ref="VTR:StopPointInJourneyPattern:22343399" version="845965"/>
                  <DepartureTime>18:06:00</DepartureTime>
                  <DepartureDayOffset>0</DepartureDayOffset>
                </TimetabledPassingTime>
                <TimetabledPassingTime version="845965" id="VTR:TimetabledPassingTime:845659_22343400_5">
                  <StopPointInJourneyPatternRef ref="VTR:StopPointInJourneyPattern:22343400" version="845965"/>
                  <DepartureTime>18:30:00</DepartureTime>
                  <DepartureDayOffset>0</DepartureDayOffset>
                </TimetabledPassingTime>
              </passingTimes>
            </ServiceJourney>
          </vehicleJourneys>
        </TimetableFrame>
        <ResourceFrame version="1" id="VTR:ResourceFrame:1394">
          <organisations>
            <Authority version="1" id="VTR:Authority:23">
              <CompanyNumber>72</CompanyNumber>
              <Name>Raseinių r. sav.</Name>
              <LegalName>Raseinių r. sav.</LegalName>
              <ContactDetails>
                <Email>savivaldybe@raseiniai.lt</Email>
                <Phone>842879600</Phone>
                <Url>www.raseiniai.lt</Url>
              </ContactDetails>
              <OrganisationType>authority</OrganisationType>
            </Authority>
          </organisations>
        </ResourceFrame>
        <FareFrame id="VTR:FareFrame:1769" version="1">
          <FrameDefaults>
            <DefaultCurrency>EUR</DefaultCurrency>
          </FrameDefaults>
          <fareStructureElements>
            <FareStructureElement id="VTR:FareStructureElement:pricematrix" version="1">
              <distanceMatrixElements>
                <DistanceMatrixElementRef ref="VTR:DistanceMatrixElement:22343387to22343392" version="1"/>
                <DistanceMatrixElementRef ref="VTR:DistanceMatrixElement:22343392to22343393" version="1"/>
                <DistanceMatrixElementRef ref="VTR:DistanceMatrixElement:22343388to22343394" version="1"/>
                <DistanceMatrixElementRef ref="VTR:DistanceMatrixElement:22343388to22343395" version="1"/>
                <DistanceMatrixElementRef ref="VTR:DistanceMatrixElement:22343389to22343393" version="1"/>
                <DistanceMatrixElementRef ref="VTR:DistanceMatrixElement:22343389to22343395" version="1"/>
                <DistanceMatrixElementRef ref="VTR:DistanceMatrixElement:22343396to22343397" version="1"/>
                <DistanceMatrixElementRef ref="VTR:DistanceMatrixElement:22343387to22343394" version="1"/>
                <DistanceMatrixElementRef ref="VTR:DistanceMatrixElement:22343396to22343398" version="1"/>
                <DistanceMatrixElementRef ref="VTR:DistanceMatrixElement:22343396to22343400" version="1"/>
                <DistanceMatrixElementRef ref="VTR:DistanceMatrixElement:22343388to22343392" version="1"/>
                <DistanceMatrixElementRef ref="VTR:DistanceMatrixElement:22343390to22343391" version="1"/>
                <DistanceMatrixElementRef ref="VTR:DistanceMatrixElement:22343388to22343389" version="1"/>
                <DistanceMatrixElementRef ref="VTR:DistanceMatrixElement:22343388to22343391" version="1"/>
                <DistanceMatrixElementRef ref="VTR:DistanceMatrixElement:22343389to22343390" version="1"/>
                <DistanceMatrixElementRef ref="VTR:DistanceMatrixElement:22343390to22343392" version="1"/>
                <DistanceMatrixElementRef ref="VTR:DistanceMatrixElement:22343390to22343393" version="1"/>
                <DistanceMatrixElementRef ref="VTR:DistanceMatrixElement:22343390to22343395" version="1"/>
                <DistanceMatrixElementRef ref="VTR:DistanceMatrixElement:22343391to22343394" version="1"/>
                <DistanceMatrixElementRef ref="VTR:DistanceMatrixElement:22343391to22343395" version="1"/>
                <DistanceMatrixElementRef ref="VTR:DistanceMatrixElement:22343394to22343395" version="1"/>
                <DistanceMatrixElementRef ref="VTR:DistanceMatrixElement:22343397to22343398" version="1"/>
                <DistanceMatrixElementRef ref="VTR:DistanceMatrixElement:22343387to22343395" version="1"/>
                <DistanceMatrixElementRef ref="VTR:DistanceMatrixElement:22343387to22343388" version="1"/>
                <DistanceMatrixElementRef ref="VTR:DistanceMatrixElement:22343388to22343390" version="1"/>
                <DistanceMatrixElementRef ref="VTR:DistanceMatrixElement:22343389to22343391" version="1"/>
                <DistanceMatrixElementRef ref="VTR:DistanceMatrixElement:22343396to22343399" version="1"/>
                <DistanceMatrixElementRef ref="VTR:DistanceMatrixElement:22343399to22343400" version="1"/>
                <DistanceMatrixElementRef ref="VTR:DistanceMatrixElement:22343387to22343390" version="1"/>
                <DistanceMatrixElementRef ref="VTR:DistanceMatrixElement:22343388to22343393" version="1"/>
                <DistanceMatrixElementRef ref="VTR:DistanceMatrixElement:22343392to22343394" version="1"/>
                <DistanceMatrixElementRef ref="VTR:DistanceMatrixElement:22343392to22343395" version="1"/>
                <DistanceMatrixElementRef ref="VTR:DistanceMatrixElement:22343393to22343394" version="1"/>
                <DistanceMatrixElementRef ref="VTR:DistanceMatrixElement:22343393to22343395" version="1"/>
                <DistanceMatrixElementRef ref="VTR:DistanceMatrixElement:22343397to22343399" version="1"/>
                <DistanceMatrixElementRef ref="VTR:DistanceMatrixElement:22343387to22343389" version="1"/>
                <DistanceMatrixElementRef ref="VTR:DistanceMatrixElement:22343391to22343392" version="1"/>
                <DistanceMatrixElementRef ref="VTR:DistanceMatrixElement:22343391to22343393" version="1"/>
                <DistanceMatrixElementRef ref="VTR:DistanceMatrixElement:22343397to22343400" version="1"/>
                <DistanceMatrixElementRef ref="VTR:DistanceMatrixElement:22343398to22343399" version="1"/>
                <DistanceMatrixElementRef ref="VTR:DistanceMatrixElement:22343398to22343400" version="1"/>
                <DistanceMatrixElementRef ref="VTR:DistanceMatrixElement:22343387to22343391" version="1"/>
                <DistanceMatrixElementRef ref="VTR:DistanceMatrixElement:22343389to22343392" version="1"/>
                <DistanceMatrixElementRef ref="VTR:DistanceMatrixElement:22343389to22343394" version="1"/>
                <DistanceMatrixElementRef ref="VTR:DistanceMatrixElement:22343390to22343394" version="1"/>
                <DistanceMatrixElementRef ref="VTR:DistanceMatrixElement:22343387to22343393" version="1"/>
              </distanceMatrixElements>
            </FareStructureElement>
          </fareStructureElements>
          <tariffs>
            <Tariff id="VTR:Tariff:pointToPointInSeparateJourney_1769" version="1">
              <Name>Point to point tariff</Name>
              <distanceMatrixElements>
                <DistanceMatrixElement id="VTR:DistanceMatrixElement:22343387to22343392" version="1">
                  <Name>Raseinių autobusų stotis to Pašaltuonys</Name>
                  <StartStopPointRef ref="VTR:ScheduledStopPoint:467213" version="1"/>
                  <EndStopPointRef ref="VTR:ScheduledStopPoint:467218" version="1"/>
                  <prices>
                    <DistanceMatrixElementPrice id="VTR:DistanceMatrixElementPrice:22343387to22343392" version="1">
                      <Amount>0.93</Amount>
                      <DistanceMatrixElementRef ref="VTR:DistanceMatrixElement:22343387to22343392" version="1"/>
                    </DistanceMatrixElementPrice>
                  </prices>
                </DistanceMatrixElement>
                <DistanceMatrixElement id="VTR:DistanceMatrixElement:22343392to22343393" version="1">
                  <Name>Pašaltuonys to Šaltuona</Name>
                  <StartStopPointRef ref="VTR:ScheduledStopPoint:467218" version="1"/>
                  <EndStopPointRef ref="VTR:ScheduledStopPoint:467219" version="1"/>
                  <prices>
                    <DistanceMatrixElementPrice id="VTR:DistanceMatrixElementPrice:22343392to22343393" version="1">
                      <Amount>0.41</Amount>
                      <DistanceMatrixElementRef ref="VTR:DistanceMatrixElement:22343392to22343393" version="1"/>
                    </DistanceMatrixElementPrice>
                  </prices>
                </DistanceMatrixElement>
                <DistanceMatrixElement id="VTR:DistanceMatrixElement:22343388to22343394" version="1">
                  <Name>Sūkuriškės to  Bebirva</Name>
                  <StartStopPointRef ref="VTR:ScheduledStopPoint:467214" version="1"/>
                  <EndStopPointRef ref="VTR:ScheduledStopPoint:467220" version="1"/>
                  <prices>
                    <DistanceMatrixElementPrice id="VTR:DistanceMatrixElementPrice:22343388to22343394" version="1">
                      <Amount>1.3</Amount>
                      <DistanceMatrixElementRef ref="VTR:DistanceMatrixElement:22343388to22343394" version="1"/>
                    </DistanceMatrixElementPrice>
                  </prices>
                </DistanceMatrixElement>
                <DistanceMatrixElement id="VTR:DistanceMatrixElement:22343388to22343395" version="1">
                  <Name>Sūkuriškės to Blūdžiai</Name>
                  <StartStopPointRef ref="VTR:ScheduledStopPoint:467214" version="1"/>
                  <EndStopPointRef ref="VTR:ScheduledStopPoint:467221" version="1"/>
                  <prices>
                    <DistanceMatrixElementPrice id="VTR:DistanceMatrixElementPrice:22343388to22343395" version="1">
                      <Amount>1.42</Amount>
                      <DistanceMatrixElementRef ref="VTR:DistanceMatrixElement:22343388to22343395" version="1"/>
                    </DistanceMatrixElementPrice>
                  </prices>
                </DistanceMatrixElement>
                <DistanceMatrixElement id="VTR:DistanceMatrixElement:22343389to22343393" version="1">
                  <Name>Gabšiai to Šaltuona</Name>
                  <StartStopPointRef ref="VTR:ScheduledStopPoint:467215" version="1"/>
                  <EndStopPointRef ref="VTR:ScheduledStopPoint:467219" version="1"/>
                  <prices>
                    <DistanceMatrixElementPrice id="VTR:DistanceMatrixElementPrice:22343389to22343393" version="1">
                      <Amount>1.07</Amount>
                      <DistanceMatrixElementRef ref="VTR:DistanceMatrixElement:22343389to22343393" version="1"/>
                    </DistanceMatrixElementPrice>
                  </prices>
                </DistanceMatrixElement>
                <DistanceMatrixElement id="VTR:DistanceMatrixElement:22343389to22343395" version="1">
                  <Name>Gabšiai to Blūdžiai</Name>
                  <StartStopPointRef ref="VTR:ScheduledStopPoint:467215" version="1"/>
                  <EndStopPointRef ref="VTR:ScheduledStopPoint:467221" version="1"/>
                  <prices>
                    <DistanceMatrixElementPrice id="VTR:DistanceMatrixElementPrice:22343389to22343395" version="1">
                      <Amount>1.33</Amount>
                      <DistanceMatrixElementRef ref="VTR:DistanceMatrixElement:22343389to22343395" version="1"/>
                    </DistanceMatrixElementPrice>
                  </prices>
                </DistanceMatrixElement>
                <DistanceMatrixElement id="VTR:DistanceMatrixElement:22343396to22343397" version="1">
                  <Name>Blūdžiai to Kalnujai</Name>
                  <StartStopPointRef ref="VTR:ScheduledStopPoint:467222" version="1"/>
                  <EndStopPointRef ref="VTR:ScheduledStopPoint:467223" version="1"/>
                  <prices>
                    <DistanceMatrixElementPrice id="VTR:DistanceMatrixElementPrice:22343396to22343397" version="1">
                      <Amount>0.81</Amount>
                      <DistanceMatrixElementRef ref="VTR:DistanceMatrixElement:22343396to22343397" version="1"/>
                    </DistanceMatrixElementPrice>
                  </prices>
                </DistanceMatrixElement>
                <DistanceMatrixElement id="VTR:DistanceMatrixElement:22343387to22343394" version="1">
                  <Name>Raseinių autobusų stotis to  Bebirva</Name>
                  <StartStopPointRef ref="VTR:ScheduledStopPoint:467213" version="1"/>
                  <EndStopPointRef ref="VTR:ScheduledStopPoint:467220" version="1"/>
                  <prices>
                    <DistanceMatrixElementPrice id="VTR:DistanceMatrixElementPrice:22343387to22343394" version="1">
                      <Amount>1.53</Amount>
                      <DistanceMatrixElementRef ref="VTR:DistanceMatrixElement:22343387to22343394" version="1"/>
                    </DistanceMatrixElementPrice>
                  </prices>
                </DistanceMatrixElement>
                <DistanceMatrixElement id="VTR:DistanceMatrixElement:22343396to22343398" version="1">
                  <Name>Blūdžiai to Gabšiai</Name>
                  <StartStopPointRef ref="VTR:ScheduledStopPoint:467222" version="1"/>
                  <EndStopPointRef ref="VTR:ScheduledStopPoint:467224" version="1"/>
                  <prices>
                    <DistanceMatrixElementPrice id="VTR:DistanceMatrixElementPrice:22343396to22343398" version="1">
                      <Amount>1.01</Amount>
                      <DistanceMatrixElementRef ref="VTR:DistanceMatrixElement:22343396to22343398" version="1"/>
                    </DistanceMatrixElementPrice>
                  </prices>
                </DistanceMatrixElement>
                <DistanceMatrixElement id="VTR:DistanceMatrixElement:22343396to22343400" version="1">
                  <Name>Blūdžiai to Raseinių autobusų stotis</Name>
                  <StartStopPointRef ref="VTR:ScheduledStopPoint:467222" version="1"/>
                  <EndStopPointRef ref="VTR:ScheduledStopPoint:467226" version="1"/>
                  <prices>
                    <DistanceMatrixElementPrice id="VTR:DistanceMatrixElementPrice:22343396to22343400" version="1">
                      <Amount>1.27</Amount>
                      <DistanceMatrixElementRef ref="VTR:DistanceMatrixElement:22343396to22343400" version="1"/>
                    </DistanceMatrixElementPrice>
                  </prices>
                </DistanceMatrixElement>
                <DistanceMatrixElement id="VTR:DistanceMatrixElement:22343388to22343392" version="1">
                  <Name>Sūkuriškės to Pašaltuonys</Name>
                  <StartStopPointRef ref="VTR:ScheduledStopPoint:467214" version="1"/>
                  <EndStopPointRef ref="VTR:ScheduledStopPoint:467218" version="1"/>
                  <prices>
                    <DistanceMatrixElementPrice id="VTR:DistanceMatrixElementPrice:22343388to22343392" version="1">
                      <Amount>0.72</Amount>
                      <DistanceMatrixElementRef ref="VTR:DistanceMatrixElement:22343388to22343392" version="1"/>
                    </DistanceMatrixElementPrice>
                  </prices>
                </DistanceMatrixElement>
                <DistanceMatrixElement id="VTR:DistanceMatrixElement:22343390to22343391" version="1">
                  <Name>Kalnujai to Šaltuona</Name>
                  <StartStopPointRef ref="VTR:ScheduledStopPoint:467216" version="1"/>
                  <EndStopPointRef ref="VTR:ScheduledStopPoint:467217" version="1"/>
                  <prices>
                    <DistanceMatrixElementPrice id="VTR:DistanceMatrixElementPrice:22343390to22343391" version="1">
                      <Amount>0.23</Amount>
                      <DistanceMatrixElementRef ref="VTR:DistanceMatrixElement:22343390to22343391" version="1"/>
                    </DistanceMatrixElementPrice>
                  </prices>
                </DistanceMatrixElement>
                <DistanceMatrixElement id="VTR:DistanceMatrixElement:22343388to22343389" version="1">
                  <Name>Sūkuriškės to Gabšiai</Name>
                  <StartStopPointRef ref="VTR:ScheduledStopPoint:467214" version="1"/>
                  <EndStopPointRef ref="VTR:ScheduledStopPoint:467215" version="1"/>
                  <prices>
                    <DistanceMatrixElementPrice id="VTR:DistanceMatrixElementPrice:22343388to22343389" version="1">
                      <Amount>0.06</Amount>
                      <DistanceMatrixElementRef ref="VTR:DistanceMatrixElement:22343388to22343389" version="1"/>
                    </DistanceMatrixElementPrice>
                  </prices>
                </DistanceMatrixElement>
                <DistanceMatrixElement id="VTR:DistanceMatrixElement:22343388to22343391" version="1">
                  <Name>Sūkuriškės to Šaltuona</Name>
                  <StartStopPointRef ref="VTR:ScheduledStopPoint:467214" version="1"/>
                  <EndStopPointRef ref="VTR:ScheduledStopPoint:467217" version="1"/>
                  <prices>
                    <DistanceMatrixElementPrice id="VTR:DistanceMatrixElementPrice:22343388to22343391" version="1">
                      <Amount>0.49</Amount>
                      <DistanceMatrixElementRef ref="VTR:DistanceMatrixElement:22343388to22343391" version="1"/>
                    </DistanceMatrixElementPrice>
                  </prices>
                </DistanceMatrixElement>
                <DistanceMatrixElement id="VTR:DistanceMatrixElement:22343389to22343390" version="1">
                  <Name>Gabšiai to Kalnujai</Name>
                  <StartStopPointRef ref="VTR:ScheduledStopPoint:467215" version="1"/>
                  <EndStopPointRef ref="VTR:ScheduledStopPoint:467216" version="1"/>
                  <prices>
                    <DistanceMatrixElementPrice id="VTR:DistanceMatrixElementPrice:22343389to22343390" version="1">
                      <Amount>0.17</Amount>
                      <DistanceMatrixElementRef ref="VTR:DistanceMatrixElement:22343389to22343390" version="1"/>
                    </DistanceMatrixElementPrice>
                  </prices>
                </DistanceMatrixElement>
                <DistanceMatrixElement id="VTR:DistanceMatrixElement:22343390to22343392" version="1">
                  <Name>Kalnujai to Pašaltuonys</Name>
                  <StartStopPointRef ref="VTR:ScheduledStopPoint:467216" version="1"/>
                  <EndStopPointRef ref="VTR:ScheduledStopPoint:467218" version="1"/>
                  <prices>
                    <DistanceMatrixElementPrice id="VTR:DistanceMatrixElementPrice:22343390to22343392" version="1">
                      <Amount>0.46</Amount>
                      <DistanceMatrixElementRef ref="VTR:DistanceMatrixElement:22343390to22343392" version="1"/>
                    </DistanceMatrixElementPrice>
                  </prices>
                </DistanceMatrixElement>
                <DistanceMatrixElement id="VTR:DistanceMatrixElement:22343390to22343393" version="1">
                  <Name>Kalnujai to Šaltuona</Name>
                  <StartStopPointRef ref="VTR:ScheduledStopPoint:467216" version="1"/>
                  <EndStopPointRef ref="VTR:ScheduledStopPoint:467219" version="1"/>
                  <prices>
                    <DistanceMatrixElementPrice id="VTR:DistanceMatrixElementPrice:22343390to22343393" version="1">
                      <Amount>0.87</Amount>
                      <DistanceMatrixElementRef ref="VTR:DistanceMatrixElement:22343390to22343393" version="1"/>
                    </DistanceMatrixElementPrice>
                  </prices>
                </DistanceMatrixElement>
                <DistanceMatrixElement id="VTR:DistanceMatrixElement:22343390to22343395" version="1">
                  <Name>Kalnujai to Blūdžiai</Name>
                  <StartStopPointRef ref="VTR:ScheduledStopPoint:467216" version="1"/>
                  <EndStopPointRef ref="VTR:ScheduledStopPoint:467221" version="1"/>
                  <prices>
                    <DistanceMatrixElementPrice id="VTR:DistanceMatrixElementPrice:22343390to22343395" version="1">
                      <Amount>1.16</Amount>
                      <DistanceMatrixElementRef ref="VTR:DistanceMatrixElement:22343390to22343395" version="1"/>
                    </DistanceMatrixElementPrice>
                  </prices>
                </DistanceMatrixElement>
                <DistanceMatrixElement id="VTR:DistanceMatrixElement:22343391to22343394" version="1">
                  <Name>Šaltuona to  Bebirva</Name>
                  <StartStopPointRef ref="VTR:ScheduledStopPoint:467217" version="1"/>
                  <EndStopPointRef ref="VTR:ScheduledStopPoint:467220" version="1"/>
                  <prices>
                    <DistanceMatrixElementPrice id="VTR:DistanceMatrixElementPrice:22343391to22343394" version="1">
                      <Amount>0.81</Amount>
                      <DistanceMatrixElementRef ref="VTR:DistanceMatrixElement:22343391to22343394" version="1"/>
                    </DistanceMatrixElementPrice>
                  </prices>
                </DistanceMatrixElement>
                <DistanceMatrixElement id="VTR:DistanceMatrixElement:22343391to22343395" version="1">
                  <Name>Šaltuona to Blūdžiai</Name>
                  <StartStopPointRef ref="VTR:ScheduledStopPoint:467217" version="1"/>
                  <EndStopPointRef ref="VTR:ScheduledStopPoint:467221" version="1"/>
                  <prices>
                    <DistanceMatrixElementPrice id="VTR:DistanceMatrixElementPrice:22343391to22343395" version="1">
                      <Amount>0.93</Amount>
                      <DistanceMatrixElementRef ref="VTR:DistanceMatrixElement:22343391to22343395" version="1"/>
                    </DistanceMatrixElementPrice>
                  </prices>
                </DistanceMatrixElement>
                <DistanceMatrixElement id="VTR:DistanceMatrixElement:22343394to22343395" version="1">
                  <Name> Bebirva to Blūdžiai</Name>
                  <StartStopPointRef ref="VTR:ScheduledStopPoint:467220" version="1"/>
                  <EndStopPointRef ref="VTR:ScheduledStopPoint:467221" version="1"/>
                  <prices>
                    <DistanceMatrixElementPrice id="VTR:DistanceMatrixElementPrice:22343394to22343395" version="1">
                      <Amount>0.09</Amount>
                      <DistanceMatrixElementRef ref="VTR:DistanceMatrixElement:22343394to22343395" version="1"/>
                    </DistanceMatrixElementPrice>
                  </prices>
                </DistanceMatrixElement>
                <DistanceMatrixElement id="VTR:DistanceMatrixElement:22343397to22343398" version="1">
                  <Name>Kalnujai to Gabšiai</Name>
                  <StartStopPointRef ref="VTR:ScheduledStopPoint:467223" version="1"/>
                  <EndStopPointRef ref="VTR:ScheduledStopPoint:467224" version="1"/>
                  <prices>
                    <DistanceMatrixElementPrice id="VTR:DistanceMatrixElementPrice:22343397to22343398" version="1">
                      <Amount>0.17</Amount>
                      <DistanceMatrixElementRef ref="VTR:DistanceMatrixElement:22343397to22343398" version="1"/>
                    </DistanceMatrixElementPrice>
                  </prices>
                </DistanceMatrixElement>
                <DistanceMatrixElement id="VTR:DistanceMatrixElement:22343387to22343395" version="1">
                  <Name>Raseinių autobusų stotis to Blūdžiai</Name>
                  <StartStopPointRef ref="VTR:ScheduledStopPoint:467213" version="1"/>
                  <EndStopPointRef ref="VTR:ScheduledStopPoint:467221" version="1"/>
                  <prices>
                    <DistanceMatrixElementPrice id="VTR:DistanceMatrixElementPrice:22343387to22343395" version="1">
                      <Amount>1.62</Amount>
                      <DistanceMatrixElementRef ref="VTR:DistanceMatrixElement:22343387to22343395" version="1"/>
                    </DistanceMatrixElementPrice>
                  </prices>
                </DistanceMatrixElement>
                <DistanceMatrixElement id="VTR:DistanceMatrixElement:22343387to22343388" version="1">
                  <Name>Raseinių autobusų stotis to Sūkuriškės</Name>
                  <StartStopPointRef ref="VTR:ScheduledStopPoint:467213" version="1"/>
                  <EndStopPointRef ref="VTR:ScheduledStopPoint:467214" version="1"/>
                  <prices>
                    <DistanceMatrixElementPrice id="VTR:DistanceMatrixElementPrice:22343387to22343388" version="1">
                      <Amount>0.2</Amount>
                      <DistanceMatrixElementRef ref="VTR:DistanceMatrixElement:22343387to22343388" version="1"/>
                    </DistanceMatrixElementPrice>
                  </prices>
                </DistanceMatrixElement>
                <DistanceMatrixElement id="VTR:DistanceMatrixElement:22343388to22343390" version="1">
                  <Name>Sūkuriškės to Kalnujai</Name>
                  <StartStopPointRef ref="VTR:ScheduledStopPoint:467214" version="1"/>
                  <EndStopPointRef ref="VTR:ScheduledStopPoint:467216" version="1"/>
                  <prices>
                    <DistanceMatrixElementPrice id="VTR:DistanceMatrixElementPrice:22343388to22343390" version="1">
                      <Amount>0.26</Amount>
                      <DistanceMatrixElementRef ref="VTR:DistanceMatrixElement:22343388to22343390" version="1"/>
                    </DistanceMatrixElementPrice>
                  </prices>
                </DistanceMatrixElement>
                <DistanceMatrixElement id="VTR:DistanceMatrixElement:22343389to22343391" version="1">
                  <Name>Gabšiai to Šaltuona</Name>
                  <StartStopPointRef ref="VTR:ScheduledStopPoint:467215" version="1"/>
                  <EndStopPointRef ref="VTR:ScheduledStopPoint:467217" version="1"/>
                  <prices>
                    <DistanceMatrixElementPrice id="VTR:DistanceMatrixElementPrice:22343389to22343391" version="1">
                      <Amount>0.43</Amount>
                      <DistanceMatrixElementRef ref="VTR:DistanceMatrixElement:22343389to22343391" version="1"/>
                    </DistanceMatrixElementPrice>
                  </prices>
                </DistanceMatrixElement>
                <DistanceMatrixElement id="VTR:DistanceMatrixElement:22343396to22343399" version="1">
                  <Name>Blūdžiai to Sūkuriškės</Name>
                  <StartStopPointRef ref="VTR:ScheduledStopPoint:467222" version="1"/>
                  <EndStopPointRef ref="VTR:ScheduledStopPoint:467225" version="1"/>
                  <prices>
                    <DistanceMatrixElementPrice id="VTR:DistanceMatrixElementPrice:22343396to22343399" version="1">
                      <Amount>1.22</Amount>
                      <DistanceMatrixElementRef ref="VTR:DistanceMatrixElement:22343396to22343399" version="1"/>
                    </DistanceMatrixElementPrice>
                  </prices>
                </DistanceMatrixElement>
                <DistanceMatrixElement id="VTR:DistanceMatrixElement:22343399to22343400" version="1">
                  <Name>Sūkuriškės to Raseinių autobusų stotis</Name>
                  <StartStopPointRef ref="VTR:ScheduledStopPoint:467225" version="1"/>
                  <EndStopPointRef ref="VTR:ScheduledStopPoint:467226" version="1"/>
                  <prices>
                    <DistanceMatrixElementPrice id="VTR:DistanceMatrixElementPrice:22343399to22343400" version="1">
                      <Amount>0.2</Amount>
                      <DistanceMatrixElementRef ref="VTR:DistanceMatrixElement:22343399to22343400" version="1"/>
                    </DistanceMatrixElementPrice>
                  </prices>
                </DistanceMatrixElement>
                <DistanceMatrixElement id="VTR:DistanceMatrixElement:22343387to22343390" version="1">
                  <Name>Raseinių autobusų stotis to Kalnujai</Name>
                  <StartStopPointRef ref="VTR:ScheduledStopPoint:467213" version="1"/>
                  <EndStopPointRef ref="VTR:ScheduledStopPoint:467216" version="1"/>
                  <prices>
                    <DistanceMatrixElementPrice id="VTR:DistanceMatrixElementPrice:22343387to22343390" version="1">
                      <Amount>0.46</Amount>
                      <DistanceMatrixElementRef ref="VTR:DistanceMatrixElement:22343387to22343390" version="1"/>
                    </DistanceMatrixElementPrice>
                  </prices>
                </DistanceMatrixElement>
                <DistanceMatrixElement id="VTR:DistanceMatrixElement:22343388to22343393" version="1">
                  <Name>Sūkuriškės to Šaltuona</Name>
                  <StartStopPointRef ref="VTR:ScheduledStopPoint:467214" version="1"/>
                  <EndStopPointRef ref="VTR:ScheduledStopPoint:467219" version="1"/>
                  <prices>
                    <DistanceMatrixElementPrice id="VTR:DistanceMatrixElementPrice:22343388to22343393" version="1">
                      <Amount>1.13</Amount>
                      <DistanceMatrixElementRef ref="VTR:DistanceMatrixElement:22343388to22343393" version="1"/>
                    </DistanceMatrixElementPrice>
                  </prices>
                </DistanceMatrixElement>
                <DistanceMatrixElement id="VTR:DistanceMatrixElement:22343392to22343394" version="1">
                  <Name>Pašaltuonys to  Bebirva</Name>
                  <StartStopPointRef ref="VTR:ScheduledStopPoint:467218" version="1"/>
                  <EndStopPointRef ref="VTR:ScheduledStopPoint:467220" version="1"/>
                  <prices>
                    <DistanceMatrixElementPrice id="VTR:DistanceMatrixElementPrice:22343392to22343394" version="1">
                      <Amount>0.58</Amount>
                      <DistanceMatrixElementRef ref="VTR:DistanceMatrixElement:22343392to22343394" version="1"/>
                    </DistanceMatrixElementPrice>
                  </prices>
                </DistanceMatrixElement>
                <DistanceMatrixElement id="VTR:DistanceMatrixElement:22343392to22343395" version="1">
                  <Name>Pašaltuonys to Blūdžiai</Name>
                  <StartStopPointRef ref="VTR:ScheduledStopPoint:467218" version="1"/>
                  <EndStopPointRef ref="VTR:ScheduledStopPoint:467221" version="1"/>
                  <prices>
                    <DistanceMatrixElementPrice id="VTR:DistanceMatrixElementPrice:22343392to22343395" version="1">
                      <Amount>0.7</Amount>
                      <DistanceMatrixElementRef ref="VTR:DistanceMatrixElement:22343392to22343395" version="1"/>
                    </DistanceMatrixElementPrice>
                  </prices>
                </DistanceMatrixElement>
                <DistanceMatrixElement id="VTR:DistanceMatrixElement:22343393to22343394" version="1">
                  <Name>Šaltuona to  Bebirva</Name>
                  <StartStopPointRef ref="VTR:ScheduledStopPoint:467219" version="1"/>
                  <EndStopPointRef ref="VTR:ScheduledStopPoint:467220" version="1"/>
                  <prices>
                    <DistanceMatrixElementPrice id="VTR:DistanceMatrixElementPrice:22343393to22343394" version="1">
                      <Amount>0.17</Amount>
                      <DistanceMatrixElementRef ref="VTR:DistanceMatrixElement:22343393to22343394" version="1"/>
                    </DistanceMatrixElementPrice>
                  </prices>
                </DistanceMatrixElement>
                <DistanceMatrixElement id="VTR:DistanceMatrixElement:22343393to22343395" version="1">
                  <Name>Šaltuona to Blūdžiai</Name>
                  <StartStopPointRef ref="VTR:ScheduledStopPoint:467219" version="1"/>
                  <EndStopPointRef ref="VTR:ScheduledStopPoint:467221" version="1"/>
                  <prices>
                    <DistanceMatrixElementPrice id="VTR:DistanceMatrixElementPrice:22343393to22343395" version="1">
                      <Amount>0.29</Amount>
                      <DistanceMatrixElementRef ref="VTR:DistanceMatrixElement:22343393to22343395" version="1"/>
                    </DistanceMatrixElementPrice>
                  </prices>
                </DistanceMatrixElement>
                <DistanceMatrixElement id="VTR:DistanceMatrixElement:22343397to22343399" version="1">
                  <Name>Kalnujai to Sūkuriškės</Name>
                  <StartStopPointRef ref="VTR:ScheduledStopPoint:467223" version="1"/>
                  <EndStopPointRef ref="VTR:ScheduledStopPoint:467225" version="1"/>
                  <prices>
                    <DistanceMatrixElementPrice id="VTR:DistanceMatrixElementPrice:22343397to22343399" version="1">
                      <Amount>0.38</Amount>
                      <DistanceMatrixElementRef ref="VTR:DistanceMatrixElement:22343397to22343399" version="1"/>
                    </DistanceMatrixElementPrice>
                  </prices>
                </DistanceMatrixElement>
                <DistanceMatrixElement id="VTR:DistanceMatrixElement:22343387to22343389" version="1">
                  <Name>Raseinių autobusų stotis to Gabšiai</Name>
                  <StartStopPointRef ref="VTR:ScheduledStopPoint:467213" version="1"/>
                  <EndStopPointRef ref="VTR:ScheduledStopPoint:467215" version="1"/>
                  <prices>
                    <DistanceMatrixElementPrice id="VTR:DistanceMatrixElementPrice:22343387to22343389" version="1">
                      <Amount>0.29</Amount>
                      <DistanceMatrixElementRef ref="VTR:DistanceMatrixElement:22343387to22343389" version="1"/>
                    </DistanceMatrixElementPrice>
                  </prices>
                </DistanceMatrixElement>
                <DistanceMatrixElement id="VTR:DistanceMatrixElement:22343391to22343392" version="1">
                  <Name>Šaltuona to Pašaltuonys</Name>
                  <StartStopPointRef ref="VTR:ScheduledStopPoint:467217" version="1"/>
                  <EndStopPointRef ref="VTR:ScheduledStopPoint:467218" version="1"/>
                  <prices>
                    <DistanceMatrixElementPrice id="VTR:DistanceMatrixElementPrice:22343391to22343392" version="1">
                      <Amount>0.23</Amount>
                      <DistanceMatrixElementRef ref="VTR:DistanceMatrixElement:22343391to22343392" version="1"/>
                    </DistanceMatrixElementPrice>
                  </prices>
                </DistanceMatrixElement>
                <DistanceMatrixElement id="VTR:DistanceMatrixElement:22343391to22343393" version="1">
                  <Name>Šaltuona to Šaltuona</Name>
                  <StartStopPointRef ref="VTR:ScheduledStopPoint:467217" version="1"/>
                  <EndStopPointRef ref="VTR:ScheduledStopPoint:467219" version="1"/>
                  <prices>
                    <DistanceMatrixElementPrice id="VTR:DistanceMatrixElementPrice:22343391to22343393" version="1">
                      <Amount>0.64</Amount>
                      <DistanceMatrixElementRef ref="VTR:DistanceMatrixElement:22343391to22343393" version="1"/>
                    </DistanceMatrixElementPrice>
                  </prices>
                </DistanceMatrixElement>
                <DistanceMatrixElement id="VTR:DistanceMatrixElement:22343397to22343400" version="1">
                  <Name>Kalnujai to Raseinių autobusų stotis</Name>
                  <StartStopPointRef ref="VTR:ScheduledStopPoint:467223" version="1"/>
                  <EndStopPointRef ref="VTR:ScheduledStopPoint:467226" version="1"/>
                  <prices>
                    <DistanceMatrixElementPrice id="VTR:DistanceMatrixElementPrice:22343397to22343400" version="1">
                      <Amount>0.46</Amount>
                      <DistanceMatrixElementRef ref="VTR:DistanceMatrixElement:22343397to22343400" version="1"/>
                    </DistanceMatrixElementPrice>
                  </prices>
                </DistanceMatrixElement>
                <DistanceMatrixElement id="VTR:DistanceMatrixElement:22343398to22343399" version="1">
                  <Name>Gabšiai to Sūkuriškės</Name>
                  <StartStopPointRef ref="VTR:ScheduledStopPoint:467224" version="1"/>
                  <EndStopPointRef ref="VTR:ScheduledStopPoint:467225" version="1"/>
                  <prices>
                    <DistanceMatrixElementPrice id="VTR:DistanceMatrixElementPrice:22343398to22343399" version="1">
                      <Amount>0.06</Amount>
                      <DistanceMatrixElementRef ref="VTR:DistanceMatrixElement:22343398to22343399" version="1"/>
                    </DistanceMatrixElementPrice>
                  </prices>
                </DistanceMatrixElement>
                <DistanceMatrixElement id="VTR:DistanceMatrixElement:22343398to22343400" version="1">
                  <Name>Gabšiai to Raseinių autobusų stotis</Name>
                  <StartStopPointRef ref="VTR:ScheduledStopPoint:467224" version="1"/>
                  <EndStopPointRef ref="VTR:ScheduledStopPoint:467226" version="1"/>
                  <prices>
                    <DistanceMatrixElementPrice id="VTR:DistanceMatrixElementPrice:22343398to22343400" version="1">
                      <Amount>0.26</Amount>
                      <DistanceMatrixElementRef ref="VTR:DistanceMatrixElement:22343398to22343400" version="1"/>
                    </DistanceMatrixElementPrice>
                  </prices>
                </DistanceMatrixElement>
                <DistanceMatrixElement id="VTR:DistanceMatrixElement:22343387to22343391" version="1">
                  <Name>Raseinių autobusų stotis to Šaltuona</Name>
                  <StartStopPointRef ref="VTR:ScheduledStopPoint:467213" version="1"/>
                  <EndStopPointRef ref="VTR:ScheduledStopPoint:467217" version="1"/>
                  <prices>
                    <DistanceMatrixElementPrice id="VTR:DistanceMatrixElementPrice:22343387to22343391" version="1">
                      <Amount>0.7</Amount>
                      <DistanceMatrixElementRef ref="VTR:DistanceMatrixElement:22343387to22343391" version="1"/>
                    </DistanceMatrixElementPrice>
                  </prices>
                </DistanceMatrixElement>
                <DistanceMatrixElement id="VTR:DistanceMatrixElement:22343389to22343392" version="1">
                  <Name>Gabšiai to Pašaltuonys</Name>
                  <StartStopPointRef ref="VTR:ScheduledStopPoint:467215" version="1"/>
                  <EndStopPointRef ref="VTR:ScheduledStopPoint:467218" version="1"/>
                  <prices>
                    <DistanceMatrixElementPrice id="VTR:DistanceMatrixElementPrice:22343389to22343392" version="1">
                      <Amount>0.67</Amount>
                      <DistanceMatrixElementRef ref="VTR:DistanceMatrixElement:22343389to22343392" version="1"/>
                    </DistanceMatrixElementPrice>
                  </prices>
                </DistanceMatrixElement>
                <DistanceMatrixElement id="VTR:DistanceMatrixElement:22343389to22343394" version="1">
                  <Name>Gabšiai to  Bebirva</Name>
                  <StartStopPointRef ref="VTR:ScheduledStopPoint:467215" version="1"/>
                  <EndStopPointRef ref="VTR:ScheduledStopPoint:467220" version="1"/>
                  <prices>
                    <DistanceMatrixElementPrice id="VTR:DistanceMatrixElementPrice:22343389to22343394" version="1">
                      <Amount>1.25</Amount>
                      <DistanceMatrixElementRef ref="VTR:DistanceMatrixElement:22343389to22343394" version="1"/>
                    </DistanceMatrixElementPrice>
                  </prices>
                </DistanceMatrixElement>
                <DistanceMatrixElement id="VTR:DistanceMatrixElement:22343390to22343394" version="1">
                  <Name>Kalnujai to  Bebirva</Name>
                  <StartStopPointRef ref="VTR:ScheduledStopPoint:467216" version="1"/>
                  <EndStopPointRef ref="VTR:ScheduledStopPoint:467220" version="1"/>
                  <prices>
                    <DistanceMatrixElementPrice id="VTR:DistanceMatrixElementPrice:22343390to22343394" version="1">
                      <Amount>1.04</Amount>
                      <DistanceMatrixElementRef ref="VTR:DistanceMatrixElement:22343390to22343394" version="1"/>
                    </DistanceMatrixElementPrice>
                  </prices>
                </DistanceMatrixElement>
                <DistanceMatrixElement id="VTR:DistanceMatrixElement:22343387to22343393" version="1">
                  <Name>Raseinių autobusų stotis to Šaltuona</Name>
                  <StartStopPointRef ref="VTR:ScheduledStopPoint:467213" version="1"/>
                  <EndStopPointRef ref="VTR:ScheduledStopPoint:467219" version="1"/>
                  <prices>
                    <DistanceMatrixElementPrice id="VTR:DistanceMatrixElementPrice:22343387to22343393" version="1">
                      <Amount>1.33</Amount>
                      <DistanceMatrixElementRef ref="VTR:DistanceMatrixElement:22343387to22343393" version="1"/>
                    </DistanceMatrixElementPrice>
                  </prices>
                </DistanceMatrixElement>
              </distanceMatrixElements>
            </Tariff>
          </tariffs>
          <usageParameters>
            <FrequencyOfUse id="VTR:FrequencyOfUse:oneTrip" version="1">
              <FrequencyOfUseType>unlimited</FrequencyOfUseType>
              <MaximalFrequency>1</MaximalFrequency>
            </FrequencyOfUse>
          </usageParameters>
        </FareFrame>
      </frames>
    </CompositeFrame>
  </dataObjects>
</PublicationDelivery>
