<?xml version="1.0" encoding="UTF-8"?><PublicationDelivery xmlns="http://www.netex.org.uk/netex" xmlns:gis="http://www.opengis.net/gml/3.2" xmlns:ns2="http://www.opengis.net/gml/3.2" xmlns:ns3="http://www.siri.org.uk/siri" xmlns:xsi="http://www.w3.org/2001/XMLSchema-instance" version="1" xsi:schemaLocation="">
  <PublicationTimestamp>2022-05-07T02:45:00.260</PublicationTimestamp>
  <ParticipantRef>VTR</ParticipantRef>
  <Description>1</Description>
  <dataObjects>
    <CompositeFrame created="2022-05-07T02:45:00.260" version="1" id="VTR:CompositeFrame:1374">
      <validityConditions>
        <AvailabilityCondition version="1" id="VTR:AvailabilityCondition:1374">
          <FromDate>2015-09-23T15:04:19</FromDate>
          <ToDate>2023-03-01T00:00:00</ToDate>
        </AvailabilityCondition>
      </validityConditions>
      <codespaces>
        <Codespace id="vtr">
          <Xmlns>VTR</Xmlns>
          <XmlnsUrl>http://www.visimarsrutai.lt/</XmlnsUrl>
        </Codespace>
      </codespaces>
      <FrameDefaults>
        <DefaultLocale>
          <TimeZone>Europe/Vilnius</TimeZone>
        </DefaultLocale>
        <DefaultLocationSystem>WGS84</DefaultLocationSystem>
      </FrameDefaults>
      <frames>
        <ServiceCalendarFrame version="1" id="VTR:ServiceCalendarFrame:1374">
          <dayTypes>
            <DayType id="VTR:DayType:2032" version="1">
              <properties>
                <PropertyOfDay>
                  <DaysOfWeek>Thursday</DaysOfWeek>
                </PropertyOfDay>
              </properties>
            </DayType>
            <DayType id="VTR:DayType:2370" version="1">
              <properties>
                <PropertyOfDay>
                  <DaysOfWeek>Thursday</DaysOfWeek>
                </PropertyOfDay>
              </properties>
            </DayType>
            <DayType id="VTR:DayType:7547" version="1">
              <properties>
                <PropertyOfDay>
                  <DaysOfWeek>Thursday</DaysOfWeek>
                </PropertyOfDay>
              </properties>
            </DayType>
          </dayTypes>
          <operatingPeriods>
            <OperatingPeriod version="1" id="VTR:OperatingPeriod:2032">
              <FromDate>2018-06-18T00:00:00</FromDate>
              <ToDate>2019-12-31T00:00:00</ToDate>
            </OperatingPeriod>
            <OperatingPeriod version="1" id="VTR:OperatingPeriod:2370">
              <FromDate>2018-06-18T00:00:00</FromDate>
              <ToDate>2019-12-31T00:00:00</ToDate>
            </OperatingPeriod>
            <OperatingPeriod version="1" id="VTR:OperatingPeriod:7547">
              <FromDate>2016-01-01T00:00:00</FromDate>
              <ToDate>2019-12-31T00:00:00</ToDate>
            </OperatingPeriod>
          </operatingPeriods>
          <dayTypeAssignments>
            <DayTypeAssignment id="VTR:DayTypeAssignment:2032_0" version="1" order="1785">
              <OperatingPeriodRef ref="VTR:OperatingPeriod:2032" version="1"/>
              <DayTypeRef ref="VTR:DayType:2032" version="1"/>
            </DayTypeAssignment>
            <DayTypeAssignment id="VTR:DayTypeAssignment:2370_0" version="1" order="2000">
              <OperatingPeriodRef ref="VTR:OperatingPeriod:2370" version="1"/>
              <DayTypeRef ref="VTR:DayType:2370" version="1"/>
            </DayTypeAssignment>
            <DayTypeAssignment id="VTR:DayTypeAssignment:7547_0" version="1" order="3602">
              <OperatingPeriodRef ref="VTR:OperatingPeriod:7547" version="1"/>
              <DayTypeRef ref="VTR:DayType:7547" version="1"/>
            </DayTypeAssignment>
          </dayTypeAssignments>
        </ServiceCalendarFrame>
        <ServiceFrame id="VTR:ServiceFrame:1374" version="1">
          <Network version="0" id="VTR:Network:22"/>
          <routePoints>
            <RoutePoint version="1" id="VTR:RoutePoint:1505599">
              <projections>
                <PointProjection version="1" id="VTR:PointProjection:69135">
                  <ProjectedPointRef ref="VTR:ScheduledStopPoint:1505599" version="1"/>
                </PointProjection>
              </projections>
            </RoutePoint>
            <RoutePoint version="1" id="VTR:RoutePoint:1505600">
              <projections>
                <PointProjection version="1" id="VTR:PointProjection:69136">
                  <ProjectedPointRef ref="VTR:ScheduledStopPoint:1505600" version="1"/>
                </PointProjection>
              </projections>
            </RoutePoint>
            <RoutePoint version="1" id="VTR:RoutePoint:1505601">
              <projections>
                <PointProjection version="1" id="VTR:PointProjection:69137">
                  <ProjectedPointRef ref="VTR:ScheduledStopPoint:1505601" version="1"/>
                </PointProjection>
              </projections>
            </RoutePoint>
            <RoutePoint version="1" id="VTR:RoutePoint:1505602">
              <projections>
                <PointProjection version="1" id="VTR:PointProjection:69138">
                  <ProjectedPointRef ref="VTR:ScheduledStopPoint:1505602" version="1"/>
                </PointProjection>
              </projections>
            </RoutePoint>
            <RoutePoint version="1" id="VTR:RoutePoint:1505603">
              <projections>
                <PointProjection version="1" id="VTR:PointProjection:69139">
                  <ProjectedPointRef ref="VTR:ScheduledStopPoint:1505603" version="1"/>
                </PointProjection>
              </projections>
            </RoutePoint>
            <RoutePoint version="1" id="VTR:RoutePoint:1505604">
              <projections>
                <PointProjection version="1" id="VTR:PointProjection:69140">
                  <ProjectedPointRef ref="VTR:ScheduledStopPoint:1505604" version="1"/>
                </PointProjection>
              </projections>
            </RoutePoint>
            <RoutePoint version="1" id="VTR:RoutePoint:1505605">
              <projections>
                <PointProjection version="1" id="VTR:PointProjection:64839">
                  <ProjectedPointRef ref="VTR:ScheduledStopPoint:1505605" version="1"/>
                </PointProjection>
              </projections>
            </RoutePoint>
            <RoutePoint version="1" id="VTR:RoutePoint:1505606">
              <projections>
                <PointProjection version="1" id="VTR:PointProjection:64840">
                  <ProjectedPointRef ref="VTR:ScheduledStopPoint:1505606" version="1"/>
                </PointProjection>
              </projections>
            </RoutePoint>
            <RoutePoint version="1" id="VTR:RoutePoint:1505607">
              <projections>
                <PointProjection version="1" id="VTR:PointProjection:64841">
                  <ProjectedPointRef ref="VTR:ScheduledStopPoint:1505607" version="1"/>
                </PointProjection>
              </projections>
            </RoutePoint>
            <RoutePoint version="1" id="VTR:RoutePoint:1505608">
              <projections>
                <PointProjection version="1" id="VTR:PointProjection:64842">
                  <ProjectedPointRef ref="VTR:ScheduledStopPoint:1505608" version="1"/>
                </PointProjection>
              </projections>
            </RoutePoint>
            <RoutePoint version="1" id="VTR:RoutePoint:1505609">
              <projections>
                <PointProjection version="1" id="VTR:PointProjection:64843">
                  <ProjectedPointRef ref="VTR:ScheduledStopPoint:1505609" version="1"/>
                </PointProjection>
              </projections>
            </RoutePoint>
            <RoutePoint version="1" id="VTR:RoutePoint:1505610">
              <projections>
                <PointProjection version="1" id="VTR:PointProjection:64844">
                  <ProjectedPointRef ref="VTR:ScheduledStopPoint:1505610" version="1"/>
                </PointProjection>
              </projections>
            </RoutePoint>
          </routePoints>
          <routes>
            <Route version="1" id="VTR:Route:18481">
              <Name>Radviliškis - Paobeliai per  Voskonius</Name>
              <ShortName>Radviliškis - Paobeliai per  Voskonius</ShortName>
              <LineRef ref="VTR:Line:2435" version="8263"/>
              <DirectionType>outbound</DirectionType>
              <pointsInSequence>
                <PointOnRoute version="1" id="VTR:PointOnRoute:1505599" order="1">
                  <RoutePointRef ref="VTR:RoutePoint:1505599"/>
                </PointOnRoute>
                <PointOnRoute version="1" id="VTR:PointOnRoute:1505600" order="2">
                  <RoutePointRef ref="VTR:RoutePoint:1505600"/>
                </PointOnRoute>
                <PointOnRoute version="1" id="VTR:PointOnRoute:1505601" order="3">
                  <RoutePointRef ref="VTR:RoutePoint:1505601"/>
                </PointOnRoute>
                <PointOnRoute version="1" id="VTR:PointOnRoute:1505602" order="4">
                  <RoutePointRef ref="VTR:RoutePoint:1505602"/>
                </PointOnRoute>
                <PointOnRoute version="1" id="VTR:PointOnRoute:1505603" order="5">
                  <RoutePointRef ref="VTR:RoutePoint:1505603"/>
                </PointOnRoute>
                <PointOnRoute version="1" id="VTR:PointOnRoute:1505604" order="6">
                  <RoutePointRef ref="VTR:RoutePoint:1505604"/>
                </PointOnRoute>
                <PointOnRoute version="1" id="VTR:PointOnRoute:1505605" order="7">
                  <RoutePointRef ref="VTR:RoutePoint:1505605"/>
                </PointOnRoute>
                <PointOnRoute version="1" id="VTR:PointOnRoute:1505606" order="8">
                  <RoutePointRef ref="VTR:RoutePoint:1505606"/>
                </PointOnRoute>
                <PointOnRoute version="1" id="VTR:PointOnRoute:1505607" order="9">
                  <RoutePointRef ref="VTR:RoutePoint:1505607"/>
                </PointOnRoute>
                <PointOnRoute version="1" id="VTR:PointOnRoute:1505608" order="10">
                  <RoutePointRef ref="VTR:RoutePoint:1505608"/>
                </PointOnRoute>
                <PointOnRoute version="1" id="VTR:PointOnRoute:1505609" order="11">
                  <RoutePointRef ref="VTR:RoutePoint:1505609"/>
                </PointOnRoute>
                <PointOnRoute version="1" id="VTR:PointOnRoute:1505610" order="12">
                  <RoutePointRef ref="VTR:RoutePoint:1505610"/>
                </PointOnRoute>
              </pointsInSequence>
            </Route>
          </routes>
          <lines>
            <Line version="8263" id="VTR:Line:2435">
              <Name>Radviliškis - Paobeliai per Voskonius</Name>
              <TransportMode>bus</TransportMode>
              <TransportSubmode>
                <BusSubmode>regionalBus</BusSubmode>
              </TransportSubmode>
              <PublicCode>29</PublicCode>
              <OperatorRef ref="VTR:Operator:22"/>
            </Line>
          </lines>
          <scheduledStopPoints>
            <ScheduledStopPoint version="1" id="VTR:ScheduledStopPoint:1505599">
              <Name>Radviliškio autobusų stotis</Name>
            </ScheduledStopPoint>
            <ScheduledStopPoint version="1" id="VTR:ScheduledStopPoint:1505600">
              <Name>M.laukai</Name>
            </ScheduledStopPoint>
            <ScheduledStopPoint version="1" id="VTR:ScheduledStopPoint:1505601">
              <Name>Žiuronai</Name>
            </ScheduledStopPoint>
            <ScheduledStopPoint version="1" id="VTR:ScheduledStopPoint:1505602">
              <Name>Birjočiai</Name>
            </ScheduledStopPoint>
            <ScheduledStopPoint version="1" id="VTR:ScheduledStopPoint:1505603">
              <Name>Vaskoniai</Name>
            </ScheduledStopPoint>
            <ScheduledStopPoint version="1" id="VTR:ScheduledStopPoint:1505604">
              <Name>Paobeliai</Name>
            </ScheduledStopPoint>
            <ScheduledStopPoint version="1" id="VTR:ScheduledStopPoint:1505605">
              <Name>Vaskoniai</Name>
            </ScheduledStopPoint>
            <ScheduledStopPoint version="1" id="VTR:ScheduledStopPoint:1505606">
              <Name>Ramulėnai</Name>
            </ScheduledStopPoint>
            <ScheduledStopPoint version="1" id="VTR:ScheduledStopPoint:1505607">
              <Name>Birjočiai</Name>
            </ScheduledStopPoint>
            <ScheduledStopPoint version="1" id="VTR:ScheduledStopPoint:1505608">
              <Name>Žiuronai</Name>
            </ScheduledStopPoint>
            <ScheduledStopPoint version="1" id="VTR:ScheduledStopPoint:1505609">
              <Name>M.laukai</Name>
            </ScheduledStopPoint>
            <ScheduledStopPoint version="1" id="VTR:ScheduledStopPoint:1505610">
              <Name>Radviliškio autobusų stotis</Name>
            </ScheduledStopPoint>
          </scheduledStopPoints>
          <serviceLinks>
            <ServiceLink id="VTR:ServiceLink:1505600_1_1505601_1" version="1">
              <Distance>1</Distance>
              <FromPointRef ref="VTR:ScheduledStopPoint:1505600" version="1"/>
              <ToPointRef ref="VTR:ScheduledStopPoint:1505601" version="1"/>
            </ServiceLink>
            <ServiceLink id="VTR:ServiceLink:1505605_1_1505606_1" version="1">
              <Distance>1</Distance>
              <FromPointRef ref="VTR:ScheduledStopPoint:1505605" version="1"/>
              <ToPointRef ref="VTR:ScheduledStopPoint:1505606" version="1"/>
            </ServiceLink>
            <ServiceLink id="VTR:ServiceLink:1505604_1_1505605_1" version="1">
              <Distance>1</Distance>
              <FromPointRef ref="VTR:ScheduledStopPoint:1505604" version="1"/>
              <ToPointRef ref="VTR:ScheduledStopPoint:1505605" version="1"/>
            </ServiceLink>
            <ServiceLink id="VTR:ServiceLink:1505609_1_1505610_1" version="1">
              <Distance>2</Distance>
              <FromPointRef ref="VTR:ScheduledStopPoint:1505609" version="1"/>
              <ToPointRef ref="VTR:ScheduledStopPoint:1505610" version="1"/>
            </ServiceLink>
            <ServiceLink id="VTR:ServiceLink:1505599_1_1505600_1" version="1">
              <Distance>2</Distance>
              <FromPointRef ref="VTR:ScheduledStopPoint:1505599" version="1"/>
              <ToPointRef ref="VTR:ScheduledStopPoint:1505600" version="1"/>
            </ServiceLink>
            <ServiceLink id="VTR:ServiceLink:1505601_1_1505602_1" version="1">
              <Distance>2</Distance>
              <FromPointRef ref="VTR:ScheduledStopPoint:1505601" version="1"/>
              <ToPointRef ref="VTR:ScheduledStopPoint:1505602" version="1"/>
            </ServiceLink>
            <ServiceLink id="VTR:ServiceLink:1505606_1_1505607_1" version="1">
              <Distance>1</Distance>
              <FromPointRef ref="VTR:ScheduledStopPoint:1505606" version="1"/>
              <ToPointRef ref="VTR:ScheduledStopPoint:1505607" version="1"/>
            </ServiceLink>
            <ServiceLink id="VTR:ServiceLink:1505608_1_1505609_1" version="1">
              <Distance>1</Distance>
              <FromPointRef ref="VTR:ScheduledStopPoint:1505608" version="1"/>
              <ToPointRef ref="VTR:ScheduledStopPoint:1505609" version="1"/>
            </ServiceLink>
            <ServiceLink id="VTR:ServiceLink:1505602_1_1505603_1" version="1">
              <Distance>3</Distance>
              <FromPointRef ref="VTR:ScheduledStopPoint:1505602" version="1"/>
              <ToPointRef ref="VTR:ScheduledStopPoint:1505603" version="1"/>
            </ServiceLink>
            <ServiceLink id="VTR:ServiceLink:1505607_1_1505608_1" version="1">
              <Distance>2</Distance>
              <FromPointRef ref="VTR:ScheduledStopPoint:1505607" version="1"/>
              <ToPointRef ref="VTR:ScheduledStopPoint:1505608" version="1"/>
            </ServiceLink>
            <ServiceLink id="VTR:ServiceLink:1505603_1_1505604_1" version="1">
              <Distance>1</Distance>
              <FromPointRef ref="VTR:ScheduledStopPoint:1505603" version="1"/>
              <ToPointRef ref="VTR:ScheduledStopPoint:1505604" version="1"/>
            </ServiceLink>
          </serviceLinks>
          <stopAssignments>
            <PassengerStopAssignment order="1848100000" id="VTR:PassengerStopAssignment:1505599" version="1">
              <ScheduledStopPointRef ref="VTR:ScheduledStopPoint:1505599" version="1"/>
              <QuayRef ref="VTR:Quay:19490"/>
            </PassengerStopAssignment>
            <PassengerStopAssignment order="1848100001" id="VTR:PassengerStopAssignment:1505600" version="1">
              <ScheduledStopPointRef ref="VTR:ScheduledStopPoint:1505600" version="1"/>
              <QuayRef ref="VTR:Quay:15295"/>
            </PassengerStopAssignment>
            <PassengerStopAssignment order="1848100002" id="VTR:PassengerStopAssignment:1505601" version="1">
              <ScheduledStopPointRef ref="VTR:ScheduledStopPoint:1505601" version="1"/>
              <QuayRef ref="VTR:Quay:8952"/>
            </PassengerStopAssignment>
            <PassengerStopAssignment order="1848100003" id="VTR:PassengerStopAssignment:1505602" version="1">
              <ScheduledStopPointRef ref="VTR:ScheduledStopPoint:1505602" version="1"/>
              <QuayRef ref="VTR:Quay:8591"/>
            </PassengerStopAssignment>
            <PassengerStopAssignment order="1848100004" id="VTR:PassengerStopAssignment:1505603" version="1">
              <ScheduledStopPointRef ref="VTR:ScheduledStopPoint:1505603" version="1"/>
              <QuayRef ref="VTR:Quay:8263"/>
            </PassengerStopAssignment>
            <PassengerStopAssignment order="1848100005" id="VTR:PassengerStopAssignment:1505604" version="1">
              <ScheduledStopPointRef ref="VTR:ScheduledStopPoint:1505604" version="1"/>
              <QuayRef ref="VTR:Quay:10813"/>
            </PassengerStopAssignment>
            <PassengerStopAssignment order="1848100006" id="VTR:PassengerStopAssignment:1505605" version="1">
              <ScheduledStopPointRef ref="VTR:ScheduledStopPoint:1505605" version="1"/>
              <QuayRef ref="VTR:Quay:8263"/>
            </PassengerStopAssignment>
            <PassengerStopAssignment order="1848100007" id="VTR:PassengerStopAssignment:1505606" version="1">
              <ScheduledStopPointRef ref="VTR:ScheduledStopPoint:1505606" version="1"/>
              <QuayRef ref="VTR:Quay:23764"/>
            </PassengerStopAssignment>
            <PassengerStopAssignment order="1848100008" id="VTR:PassengerStopAssignment:1505607" version="1">
              <ScheduledStopPointRef ref="VTR:ScheduledStopPoint:1505607" version="1"/>
              <QuayRef ref="VTR:Quay:8647"/>
            </PassengerStopAssignment>
            <PassengerStopAssignment order="1848100009" id="VTR:PassengerStopAssignment:1505608" version="1">
              <ScheduledStopPointRef ref="VTR:ScheduledStopPoint:1505608" version="1"/>
              <QuayRef ref="VTR:Quay:8952"/>
            </PassengerStopAssignment>
            <PassengerStopAssignment order="1848100010" id="VTR:PassengerStopAssignment:1505609" version="1">
              <ScheduledStopPointRef ref="VTR:ScheduledStopPoint:1505609" version="1"/>
              <QuayRef ref="VTR:Quay:10019"/>
            </PassengerStopAssignment>
            <PassengerStopAssignment order="1848100011" id="VTR:PassengerStopAssignment:1505610" version="1">
              <ScheduledStopPointRef ref="VTR:ScheduledStopPoint:1505610" version="1"/>
              <QuayRef ref="VTR:Quay:19490"/>
            </PassengerStopAssignment>
          </stopAssignments>
          <journeyPatterns>
            <JourneyPattern id="VTR:JourneyPattern:3092906" version="3095112">
              <Name>2</Name>
              <RouteRef ref="VTR:Route:18481" version="1"/>
              <pointsInSequence>
                <StopPointInJourneyPattern id="VTR:StopPointInJourneyPattern:107232679" version="3095112" order="1">
                  <ScheduledStopPointRef ref="VTR:ScheduledStopPoint:1505599"/>
                  <DestinationDisplayRef ref="VTR:DestinationDisplay:1"/>
                </StopPointInJourneyPattern>
                <StopPointInJourneyPattern id="VTR:StopPointInJourneyPattern:107232680" version="3095112" order="2">
                  <ScheduledStopPointRef ref="VTR:ScheduledStopPoint:1505600"/>
                  <DestinationDisplayRef ref="VTR:DestinationDisplay:1"/>
                </StopPointInJourneyPattern>
                <StopPointInJourneyPattern id="VTR:StopPointInJourneyPattern:107232681" version="3095112" order="3">
                  <ScheduledStopPointRef ref="VTR:ScheduledStopPoint:1505601"/>
                  <DestinationDisplayRef ref="VTR:DestinationDisplay:1"/>
                </StopPointInJourneyPattern>
                <StopPointInJourneyPattern id="VTR:StopPointInJourneyPattern:107232682" version="3095112" order="4">
                  <ScheduledStopPointRef ref="VTR:ScheduledStopPoint:1505602"/>
                  <DestinationDisplayRef ref="VTR:DestinationDisplay:1"/>
                </StopPointInJourneyPattern>
                <StopPointInJourneyPattern id="VTR:StopPointInJourneyPattern:107232683" version="3095112" order="5">
                  <ScheduledStopPointRef ref="VTR:ScheduledStopPoint:1505603"/>
                  <DestinationDisplayRef ref="VTR:DestinationDisplay:1"/>
                </StopPointInJourneyPattern>
                <StopPointInJourneyPattern id="VTR:StopPointInJourneyPattern:107232684" version="3095112" order="6">
                  <ScheduledStopPointRef ref="VTR:ScheduledStopPoint:1505604"/>
                  <DestinationDisplayRef ref="VTR:DestinationDisplay:1"/>
                </StopPointInJourneyPattern>
                <StopPointInJourneyPattern id="VTR:StopPointInJourneyPattern:107232692" version="3095112" order="7">
                  <ScheduledStopPointRef ref="VTR:ScheduledStopPoint:1505605"/>
                  <DestinationDisplayRef ref="VTR:DestinationDisplay:1"/>
                </StopPointInJourneyPattern>
                <StopPointInJourneyPattern id="VTR:StopPointInJourneyPattern:107232693" version="3095112" order="8">
                  <ScheduledStopPointRef ref="VTR:ScheduledStopPoint:1505606"/>
                  <DestinationDisplayRef ref="VTR:DestinationDisplay:1"/>
                </StopPointInJourneyPattern>
                <StopPointInJourneyPattern id="VTR:StopPointInJourneyPattern:107232694" version="3095112" order="9">
                  <ScheduledStopPointRef ref="VTR:ScheduledStopPoint:1505607"/>
                  <DestinationDisplayRef ref="VTR:DestinationDisplay:1"/>
                </StopPointInJourneyPattern>
                <StopPointInJourneyPattern id="VTR:StopPointInJourneyPattern:107232695" version="3095112" order="10">
                  <ScheduledStopPointRef ref="VTR:ScheduledStopPoint:1505608"/>
                  <DestinationDisplayRef ref="VTR:DestinationDisplay:1"/>
                </StopPointInJourneyPattern>
                <StopPointInJourneyPattern id="VTR:StopPointInJourneyPattern:107232696" version="3095112" order="11">
                  <ScheduledStopPointRef ref="VTR:ScheduledStopPoint:1505609"/>
                  <DestinationDisplayRef ref="VTR:DestinationDisplay:1"/>
                </StopPointInJourneyPattern>
                <StopPointInJourneyPattern id="VTR:StopPointInJourneyPattern:107232697" version="3095112" order="12">
                  <ScheduledStopPointRef ref="VTR:ScheduledStopPoint:1505610"/>
                  <DestinationDisplayRef ref="VTR:DestinationDisplay:1"/>
                </StopPointInJourneyPattern>
              </pointsInSequence>
            </JourneyPattern>
            <JourneyPattern id="VTR:JourneyPattern:3092905" version="3095111">
              <Name>1</Name>
              <RouteRef ref="VTR:Route:18481" version="1"/>
              <pointsInSequence>
                <StopPointInJourneyPattern id="VTR:StopPointInJourneyPattern:107232673" version="3095111" order="1">
                  <ScheduledStopPointRef ref="VTR:ScheduledStopPoint:1505599"/>
                  <DestinationDisplayRef ref="VTR:DestinationDisplay:1"/>
                </StopPointInJourneyPattern>
                <StopPointInJourneyPattern id="VTR:StopPointInJourneyPattern:107232674" version="3095111" order="2">
                  <ScheduledStopPointRef ref="VTR:ScheduledStopPoint:1505600"/>
                  <DestinationDisplayRef ref="VTR:DestinationDisplay:1"/>
                </StopPointInJourneyPattern>
                <StopPointInJourneyPattern id="VTR:StopPointInJourneyPattern:107232675" version="3095111" order="3">
                  <ScheduledStopPointRef ref="VTR:ScheduledStopPoint:1505601"/>
                  <DestinationDisplayRef ref="VTR:DestinationDisplay:1"/>
                </StopPointInJourneyPattern>
                <StopPointInJourneyPattern id="VTR:StopPointInJourneyPattern:107232676" version="3095111" order="4">
                  <ScheduledStopPointRef ref="VTR:ScheduledStopPoint:1505602"/>
                  <DestinationDisplayRef ref="VTR:DestinationDisplay:1"/>
                </StopPointInJourneyPattern>
                <StopPointInJourneyPattern id="VTR:StopPointInJourneyPattern:107232677" version="3095111" order="5">
                  <ScheduledStopPointRef ref="VTR:ScheduledStopPoint:1505603"/>
                  <DestinationDisplayRef ref="VTR:DestinationDisplay:1"/>
                </StopPointInJourneyPattern>
                <StopPointInJourneyPattern id="VTR:StopPointInJourneyPattern:107232678" version="3095111" order="6">
                  <ScheduledStopPointRef ref="VTR:ScheduledStopPoint:1505604"/>
                  <DestinationDisplayRef ref="VTR:DestinationDisplay:1"/>
                </StopPointInJourneyPattern>
                <StopPointInJourneyPattern id="VTR:StopPointInJourneyPattern:107232686" version="3095111" order="7">
                  <ScheduledStopPointRef ref="VTR:ScheduledStopPoint:1505605"/>
                  <DestinationDisplayRef ref="VTR:DestinationDisplay:1"/>
                </StopPointInJourneyPattern>
                <StopPointInJourneyPattern id="VTR:StopPointInJourneyPattern:107232687" version="3095111" order="8">
                  <ScheduledStopPointRef ref="VTR:ScheduledStopPoint:1505606"/>
                  <DestinationDisplayRef ref="VTR:DestinationDisplay:1"/>
                </StopPointInJourneyPattern>
                <StopPointInJourneyPattern id="VTR:StopPointInJourneyPattern:107232688" version="3095111" order="9">
                  <ScheduledStopPointRef ref="VTR:ScheduledStopPoint:1505607"/>
                  <DestinationDisplayRef ref="VTR:DestinationDisplay:1"/>
                </StopPointInJourneyPattern>
                <StopPointInJourneyPattern id="VTR:StopPointInJourneyPattern:107232689" version="3095111" order="10">
                  <ScheduledStopPointRef ref="VTR:ScheduledStopPoint:1505608"/>
                  <DestinationDisplayRef ref="VTR:DestinationDisplay:1"/>
                </StopPointInJourneyPattern>
                <StopPointInJourneyPattern id="VTR:StopPointInJourneyPattern:107232690" version="3095111" order="11">
                  <ScheduledStopPointRef ref="VTR:ScheduledStopPoint:1505609"/>
                  <DestinationDisplayRef ref="VTR:DestinationDisplay:1"/>
                </StopPointInJourneyPattern>
                <StopPointInJourneyPattern id="VTR:StopPointInJourneyPattern:107232691" version="3095111" order="12">
                  <ScheduledStopPointRef ref="VTR:ScheduledStopPoint:1505610"/>
                  <DestinationDisplayRef ref="VTR:DestinationDisplay:1"/>
                </StopPointInJourneyPattern>
              </pointsInSequence>
            </JourneyPattern>
          </journeyPatterns>
        </ServiceFrame>
        <TimetableFrame version="1" id="VTR:TimetableFrame:1374">
          <vehicleJourneys>
            <ServiceJourney version="3095111" id="VTR:ServiceJourney:3092905">
              <Name>Radviliškis - Paobeliai per  Voskonius</Name>
              <PrivateCode>1</PrivateCode>
              <dayTypes>
                <DayTypeRef ref="VTR:DayType:2370"/>
              </dayTypes>
              <JourneyPatternRef version="3095111" ref="VTR:JourneyPattern:3092905"/>
              <OperatorRef ref="VTR:Operator:455"/>
              <LineRef ref="VTR:Line:2435" version="8263"/>
              <passingTimes>
                <TimetabledPassingTime version="3095111" id="VTR:TimetabledPassingTime:3092905_107232673_1">
                  <StopPointInJourneyPatternRef ref="VTR:StopPointInJourneyPattern:107232673" version="3095111"/>
                  <DepartureTime>08:40:00</DepartureTime>
                  <DepartureDayOffset>0</DepartureDayOffset>
                </TimetabledPassingTime>
                <TimetabledPassingTime version="3095111" id="VTR:TimetabledPassingTime:3092905_107232674_2">
                  <StopPointInJourneyPatternRef ref="VTR:StopPointInJourneyPattern:107232674" version="3095111"/>
                  <DepartureTime>08:42:00</DepartureTime>
                  <DepartureDayOffset>0</DepartureDayOffset>
                </TimetabledPassingTime>
                <TimetabledPassingTime version="3095111" id="VTR:TimetabledPassingTime:3092905_107232675_3">
                  <StopPointInJourneyPatternRef ref="VTR:StopPointInJourneyPattern:107232675" version="3095111"/>
                  <DepartureTime>08:43:00</DepartureTime>
                  <DepartureDayOffset>0</DepartureDayOffset>
                </TimetabledPassingTime>
                <TimetabledPassingTime version="3095111" id="VTR:TimetabledPassingTime:3092905_107232676_4">
                  <StopPointInJourneyPatternRef ref="VTR:StopPointInJourneyPattern:107232676" version="3095111"/>
                  <DepartureTime>08:45:00</DepartureTime>
                  <DepartureDayOffset>0</DepartureDayOffset>
                </TimetabledPassingTime>
                <TimetabledPassingTime version="3095111" id="VTR:TimetabledPassingTime:3092905_107232677_5">
                  <StopPointInJourneyPatternRef ref="VTR:StopPointInJourneyPattern:107232677" version="3095111"/>
                  <DepartureTime>08:50:00</DepartureTime>
                  <DepartureDayOffset>0</DepartureDayOffset>
                </TimetabledPassingTime>
                <TimetabledPassingTime version="3095111" id="VTR:TimetabledPassingTime:3092905_107232678_6">
                  <StopPointInJourneyPatternRef ref="VTR:StopPointInJourneyPattern:107232678" version="3095111"/>
                  <DepartureTime>08:55:00</DepartureTime>
                  <DepartureDayOffset>0</DepartureDayOffset>
                </TimetabledPassingTime>
                <TimetabledPassingTime version="3095111" id="VTR:TimetabledPassingTime:3092905_107232686_7">
                  <StopPointInJourneyPatternRef ref="VTR:StopPointInJourneyPattern:107232686" version="3095111"/>
                  <DepartureTime>09:00:00</DepartureTime>
                  <DepartureDayOffset>0</DepartureDayOffset>
                </TimetabledPassingTime>
                <TimetabledPassingTime version="3095111" id="VTR:TimetabledPassingTime:3092905_107232687_8">
                  <StopPointInJourneyPatternRef ref="VTR:StopPointInJourneyPattern:107232687" version="3095111"/>
                  <DepartureTime>09:02:00</DepartureTime>
                  <DepartureDayOffset>0</DepartureDayOffset>
                </TimetabledPassingTime>
                <TimetabledPassingTime version="3095111" id="VTR:TimetabledPassingTime:3092905_107232688_9">
                  <StopPointInJourneyPatternRef ref="VTR:StopPointInJourneyPattern:107232688" version="3095111"/>
                  <DepartureTime>09:05:00</DepartureTime>
                  <DepartureDayOffset>0</DepartureDayOffset>
                </TimetabledPassingTime>
                <TimetabledPassingTime version="3095111" id="VTR:TimetabledPassingTime:3092905_107232689_10">
                  <StopPointInJourneyPatternRef ref="VTR:StopPointInJourneyPattern:107232689" version="3095111"/>
                  <DepartureTime>09:06:00</DepartureTime>
                  <DepartureDayOffset>0</DepartureDayOffset>
                </TimetabledPassingTime>
                <TimetabledPassingTime version="3095111" id="VTR:TimetabledPassingTime:3092905_107232690_11">
                  <StopPointInJourneyPatternRef ref="VTR:StopPointInJourneyPattern:107232690" version="3095111"/>
                  <DepartureTime>09:07:00</DepartureTime>
                  <DepartureDayOffset>0</DepartureDayOffset>
                </TimetabledPassingTime>
                <TimetabledPassingTime version="3095111" id="VTR:TimetabledPassingTime:3092905_107232691_12">
                  <StopPointInJourneyPatternRef ref="VTR:StopPointInJourneyPattern:107232691" version="3095111"/>
                  <DepartureTime>09:10:00</DepartureTime>
                  <DepartureDayOffset>0</DepartureDayOffset>
                </TimetabledPassingTime>
              </passingTimes>
            </ServiceJourney>
            <ServiceJourney version="3095112" id="VTR:ServiceJourney:3092906">
              <Name>Radviliškis - Paobeliai per  Voskonius</Name>
              <PrivateCode>2</PrivateCode>
              <dayTypes>
                <DayTypeRef ref="VTR:DayType:2370"/>
              </dayTypes>
              <JourneyPatternRef version="3095112" ref="VTR:JourneyPattern:3092906"/>
              <OperatorRef ref="VTR:Operator:455"/>
              <LineRef ref="VTR:Line:2435" version="8263"/>
              <passingTimes>
                <TimetabledPassingTime version="3095112" id="VTR:TimetabledPassingTime:3092906_107232679_1">
                  <StopPointInJourneyPatternRef ref="VTR:StopPointInJourneyPattern:107232679" version="3095112"/>
                  <DepartureTime>12:00:00</DepartureTime>
                  <DepartureDayOffset>0</DepartureDayOffset>
                </TimetabledPassingTime>
                <TimetabledPassingTime version="3095112" id="VTR:TimetabledPassingTime:3092906_107232680_2">
                  <StopPointInJourneyPatternRef ref="VTR:StopPointInJourneyPattern:107232680" version="3095112"/>
                  <DepartureTime>12:02:00</DepartureTime>
                  <DepartureDayOffset>0</DepartureDayOffset>
                </TimetabledPassingTime>
                <TimetabledPassingTime version="3095112" id="VTR:TimetabledPassingTime:3092906_107232681_3">
                  <StopPointInJourneyPatternRef ref="VTR:StopPointInJourneyPattern:107232681" version="3095112"/>
                  <DepartureTime>12:04:00</DepartureTime>
                  <DepartureDayOffset>0</DepartureDayOffset>
                </TimetabledPassingTime>
                <TimetabledPassingTime version="3095112" id="VTR:TimetabledPassingTime:3092906_107232682_4">
                  <StopPointInJourneyPatternRef ref="VTR:StopPointInJourneyPattern:107232682" version="3095112"/>
                  <DepartureTime>12:06:00</DepartureTime>
                  <DepartureDayOffset>0</DepartureDayOffset>
                </TimetabledPassingTime>
                <TimetabledPassingTime version="3095112" id="VTR:TimetabledPassingTime:3092906_107232683_5">
                  <StopPointInJourneyPatternRef ref="VTR:StopPointInJourneyPattern:107232683" version="3095112"/>
                  <DepartureTime>12:10:00</DepartureTime>
                  <DepartureDayOffset>0</DepartureDayOffset>
                </TimetabledPassingTime>
                <TimetabledPassingTime version="3095112" id="VTR:TimetabledPassingTime:3092906_107232684_6">
                  <StopPointInJourneyPatternRef ref="VTR:StopPointInJourneyPattern:107232684" version="3095112"/>
                  <DepartureTime>12:15:00</DepartureTime>
                  <DepartureDayOffset>0</DepartureDayOffset>
                </TimetabledPassingTime>
                <TimetabledPassingTime version="3095112" id="VTR:TimetabledPassingTime:3092906_107232692_7">
                  <StopPointInJourneyPatternRef ref="VTR:StopPointInJourneyPattern:107232692" version="3095112"/>
                  <DepartureTime>12:17:00</DepartureTime>
                  <DepartureDayOffset>0</DepartureDayOffset>
                </TimetabledPassingTime>
                <TimetabledPassingTime version="3095112" id="VTR:TimetabledPassingTime:3092906_107232693_8">
                  <StopPointInJourneyPatternRef ref="VTR:StopPointInJourneyPattern:107232693" version="3095112"/>
                  <DepartureTime>12:20:00</DepartureTime>
                  <DepartureDayOffset>0</DepartureDayOffset>
                </TimetabledPassingTime>
                <TimetabledPassingTime version="3095112" id="VTR:TimetabledPassingTime:3092906_107232694_9">
                  <StopPointInJourneyPatternRef ref="VTR:StopPointInJourneyPattern:107232694" version="3095112"/>
                  <DepartureTime>12:22:00</DepartureTime>
                  <DepartureDayOffset>0</DepartureDayOffset>
                </TimetabledPassingTime>
                <TimetabledPassingTime version="3095112" id="VTR:TimetabledPassingTime:3092906_107232695_10">
                  <StopPointInJourneyPatternRef ref="VTR:StopPointInJourneyPattern:107232695" version="3095112"/>
                  <DepartureTime>12:24:00</DepartureTime>
                  <DepartureDayOffset>0</DepartureDayOffset>
                </TimetabledPassingTime>
                <TimetabledPassingTime version="3095112" id="VTR:TimetabledPassingTime:3092906_107232696_11">
                  <StopPointInJourneyPatternRef ref="VTR:StopPointInJourneyPattern:107232696" version="3095112"/>
                  <DepartureTime>12:26:00</DepartureTime>
                  <DepartureDayOffset>0</DepartureDayOffset>
                </TimetabledPassingTime>
                <TimetabledPassingTime version="3095112" id="VTR:TimetabledPassingTime:3092906_107232697_12">
                  <StopPointInJourneyPatternRef ref="VTR:StopPointInJourneyPattern:107232697" version="3095112"/>
                  <DepartureTime>12:30:00</DepartureTime>
                  <DepartureDayOffset>0</DepartureDayOffset>
                </TimetabledPassingTime>
              </passingTimes>
            </ServiceJourney>
          </vehicleJourneys>
        </TimetableFrame>
        <ResourceFrame version="1" id="VTR:ResourceFrame:1374">
          <organisations>
            <Authority version="1" id="VTR:Authority:22">
              <CompanyNumber>71</CompanyNumber>
              <Name>Radviliškio r. sav.</Name>
              <LegalName>Radviliškio r. sav.</LegalName>
              <ContactDetails>
                <Email>emtra@splius.lt</Email>
                <Phone>8 422 50500</Phone>
                <Url>www.radviliskis.lt</Url>
              </ContactDetails>
              <OrganisationType>authority</OrganisationType>
            </Authority>
          </organisations>
        </ResourceFrame>
        <FareFrame id="VTR:FareFrame:2435" version="1">
          <FrameDefaults>
            <DefaultCurrency>EUR</DefaultCurrency>
          </FrameDefaults>
          <usageParameters>
            <RoundTrip id="VTR:RoundTrip:single" version="1">
              <Name>Single</Name>
              <TripType>single</TripType>
            </RoundTrip>
            <FrequencyOfUse id="VTR:FrequencyOfUse:once" version="1">
              <Name>Once</Name>
              <MaximalFrequency>1</MaximalFrequency>
            </FrequencyOfUse>
          </usageParameters>
          <priceGroups>
            <PriceGroup id="VTR:PriceGroup:PG01" version="1">
              <Name>Flat Fare Products - Standard</Name>
              <members>
                <FareProductPrice id="VTR:FareProductPrice:standard" version="1">
                  <Name>Single fare</Name>
                  <Amount>0.7</Amount>
                  <Currency>EUR</Currency>
                </FareProductPrice>
              </members>
            </PriceGroup>
          </priceGroups>
        </FareFrame>
      </frames>
    </CompositeFrame>
  </dataObjects>
</PublicationDelivery>
