<?xml version="1.0" encoding="UTF-8"?><PublicationDelivery xmlns="http://www.netex.org.uk/netex" xmlns:gis="http://www.opengis.net/gml/3.2" xmlns:ns2="http://www.opengis.net/gml/3.2" xmlns:ns3="http://www.siri.org.uk/siri" xmlns:xsi="http://www.w3.org/2001/XMLSchema-instance" version="1" xsi:schemaLocation="">
  <PublicationTimestamp>2022-05-07T02:45:00.260</PublicationTimestamp>
  <ParticipantRef>VTR</ParticipantRef>
  <Description>1</Description>
  <dataObjects>
    <CompositeFrame created="2022-05-07T02:45:00.260" version="1" id="VTR:CompositeFrame:1374">
      <validityConditions>
        <AvailabilityCondition version="1" id="VTR:AvailabilityCondition:1374">
          <FromDate>2015-10-02T03:00:00</FromDate>
          <ToDate>2023-03-01T00:00:00</ToDate>
        </AvailabilityCondition>
      </validityConditions>
      <codespaces>
        <Codespace id="vtr">
          <Xmlns>VTR</Xmlns>
          <XmlnsUrl>http://www.visimarsrutai.lt/</XmlnsUrl>
        </Codespace>
      </codespaces>
      <FrameDefaults>
        <DefaultLocale>
          <TimeZone>Europe/Vilnius</TimeZone>
        </DefaultLocale>
        <DefaultLocationSystem>WGS84</DefaultLocationSystem>
      </FrameDefaults>
      <frames>
        <ServiceCalendarFrame version="1" id="VTR:ServiceCalendarFrame:1374">
          <dayTypes>
            <DayType id="VTR:DayType:2030" version="1">
              <properties>
                <PropertyOfDay>
                  <DaysOfWeek>Monday Tuesday Wednesday Thursday Friday</DaysOfWeek>
                </PropertyOfDay>
              </properties>
            </DayType>
            <DayType id="VTR:DayType:7532" version="1">
              <properties>
                <PropertyOfDay>
                  <DaysOfWeek>Monday Tuesday Wednesday Thursday Friday</DaysOfWeek>
                </PropertyOfDay>
              </properties>
            </DayType>
          </dayTypes>
          <operatingPeriods>
            <OperatingPeriod version="1" id="VTR:OperatingPeriod:2030">
              <FromDate>2015-09-01T00:00:00</FromDate>
              <ToDate>2019-12-31T00:00:00</ToDate>
            </OperatingPeriod>
            <OperatingPeriod version="1" id="VTR:OperatingPeriod:7532">
              <FromDate>2016-01-01T00:00:00</FromDate>
              <ToDate>2019-12-31T00:00:00</ToDate>
            </OperatingPeriod>
          </operatingPeriods>
          <dayTypeAssignments>
            <DayTypeAssignment id="VTR:DayTypeAssignment:2030_0" version="1" order="1768">
              <OperatingPeriodRef ref="VTR:OperatingPeriod:2030" version="1"/>
              <DayTypeRef ref="VTR:DayType:2030" version="1"/>
            </DayTypeAssignment>
            <DayTypeAssignment id="VTR:DayTypeAssignment:7532_0" version="1" order="3582">
              <OperatingPeriodRef ref="VTR:OperatingPeriod:7532" version="1"/>
              <DayTypeRef ref="VTR:DayType:7532" version="1"/>
            </DayTypeAssignment>
          </dayTypeAssignments>
        </ServiceCalendarFrame>
        <ServiceFrame id="VTR:ServiceFrame:1374" version="1">
          <Network version="0" id="VTR:Network:22"/>
          <routePoints>
            <RoutePoint version="1" id="VTR:RoutePoint:1187421">
              <projections>
                <PointProjection version="1" id="VTR:PointProjection:61123">
                  <ProjectedPointRef ref="VTR:ScheduledStopPoint:1187421" version="1"/>
                </PointProjection>
              </projections>
            </RoutePoint>
            <RoutePoint version="1" id="VTR:RoutePoint:1187422">
              <projections>
                <PointProjection version="1" id="VTR:PointProjection:61124">
                  <ProjectedPointRef ref="VTR:ScheduledStopPoint:1187422" version="1"/>
                </PointProjection>
              </projections>
            </RoutePoint>
            <RoutePoint version="1" id="VTR:RoutePoint:1187423">
              <projections>
                <PointProjection version="1" id="VTR:PointProjection:61125">
                  <ProjectedPointRef ref="VTR:ScheduledStopPoint:1187423" version="1"/>
                </PointProjection>
              </projections>
            </RoutePoint>
            <RoutePoint version="1" id="VTR:RoutePoint:1187424">
              <projections>
                <PointProjection version="1" id="VTR:PointProjection:61126">
                  <ProjectedPointRef ref="VTR:ScheduledStopPoint:1187424" version="1"/>
                </PointProjection>
              </projections>
            </RoutePoint>
            <RoutePoint version="1" id="VTR:RoutePoint:1187425">
              <projections>
                <PointProjection version="1" id="VTR:PointProjection:61127">
                  <ProjectedPointRef ref="VTR:ScheduledStopPoint:1187425" version="1"/>
                </PointProjection>
              </projections>
            </RoutePoint>
            <RoutePoint version="1" id="VTR:RoutePoint:1187426">
              <projections>
                <PointProjection version="1" id="VTR:PointProjection:61128">
                  <ProjectedPointRef ref="VTR:ScheduledStopPoint:1187426" version="1"/>
                </PointProjection>
              </projections>
            </RoutePoint>
            <RoutePoint version="1" id="VTR:RoutePoint:1187427">
              <projections>
                <PointProjection version="1" id="VTR:PointProjection:61129">
                  <ProjectedPointRef ref="VTR:ScheduledStopPoint:1187427" version="1"/>
                </PointProjection>
              </projections>
            </RoutePoint>
            <RoutePoint version="1" id="VTR:RoutePoint:1187428">
              <projections>
                <PointProjection version="1" id="VTR:PointProjection:61130">
                  <ProjectedPointRef ref="VTR:ScheduledStopPoint:1187428" version="1"/>
                </PointProjection>
              </projections>
            </RoutePoint>
            <RoutePoint version="1" id="VTR:RoutePoint:1187429">
              <projections>
                <PointProjection version="1" id="VTR:PointProjection:61131">
                  <ProjectedPointRef ref="VTR:ScheduledStopPoint:1187429" version="1"/>
                </PointProjection>
              </projections>
            </RoutePoint>
            <RoutePoint version="1" id="VTR:RoutePoint:1187430">
              <projections>
                <PointProjection version="1" id="VTR:PointProjection:61132">
                  <ProjectedPointRef ref="VTR:ScheduledStopPoint:1187430" version="1"/>
                </PointProjection>
              </projections>
            </RoutePoint>
            <RoutePoint version="1" id="VTR:RoutePoint:1187431">
              <projections>
                <PointProjection version="1" id="VTR:PointProjection:61133">
                  <ProjectedPointRef ref="VTR:ScheduledStopPoint:1187431" version="1"/>
                </PointProjection>
              </projections>
            </RoutePoint>
            <RoutePoint version="1" id="VTR:RoutePoint:1187432">
              <projections>
                <PointProjection version="1" id="VTR:PointProjection:61134">
                  <ProjectedPointRef ref="VTR:ScheduledStopPoint:1187432" version="1"/>
                </PointProjection>
              </projections>
            </RoutePoint>
            <RoutePoint version="1" id="VTR:RoutePoint:1187433">
              <projections>
                <PointProjection version="1" id="VTR:PointProjection:61135">
                  <ProjectedPointRef ref="VTR:ScheduledStopPoint:1187433" version="1"/>
                </PointProjection>
              </projections>
            </RoutePoint>
            <RoutePoint version="1" id="VTR:RoutePoint:1187435">
              <projections>
                <PointProjection version="1" id="VTR:PointProjection:61136">
                  <ProjectedPointRef ref="VTR:ScheduledStopPoint:1187435" version="1"/>
                </PointProjection>
              </projections>
            </RoutePoint>
            <RoutePoint version="1" id="VTR:RoutePoint:1187436">
              <projections>
                <PointProjection version="1" id="VTR:PointProjection:61137">
                  <ProjectedPointRef ref="VTR:ScheduledStopPoint:1187436" version="1"/>
                </PointProjection>
              </projections>
            </RoutePoint>
            <RoutePoint version="1" id="VTR:RoutePoint:1187437">
              <projections>
                <PointProjection version="1" id="VTR:PointProjection:62066">
                  <ProjectedPointRef ref="VTR:ScheduledStopPoint:1187437" version="1"/>
                </PointProjection>
              </projections>
            </RoutePoint>
            <RoutePoint version="1" id="VTR:RoutePoint:1187438">
              <projections>
                <PointProjection version="1" id="VTR:PointProjection:62067">
                  <ProjectedPointRef ref="VTR:ScheduledStopPoint:1187438" version="1"/>
                </PointProjection>
              </projections>
            </RoutePoint>
            <RoutePoint version="1" id="VTR:RoutePoint:1187439">
              <projections>
                <PointProjection version="1" id="VTR:PointProjection:62068">
                  <ProjectedPointRef ref="VTR:ScheduledStopPoint:1187439" version="1"/>
                </PointProjection>
              </projections>
            </RoutePoint>
            <RoutePoint version="1" id="VTR:RoutePoint:1187440">
              <projections>
                <PointProjection version="1" id="VTR:PointProjection:62069">
                  <ProjectedPointRef ref="VTR:ScheduledStopPoint:1187440" version="1"/>
                </PointProjection>
              </projections>
            </RoutePoint>
            <RoutePoint version="1" id="VTR:RoutePoint:1187441">
              <projections>
                <PointProjection version="1" id="VTR:PointProjection:62070">
                  <ProjectedPointRef ref="VTR:ScheduledStopPoint:1187441" version="1"/>
                </PointProjection>
              </projections>
            </RoutePoint>
          </routePoints>
          <routes>
            <Route version="1" id="VTR:Route:16613">
              <Name>Radviliškis -Varnioniai - Radviliškis</Name>
              <ShortName>Radviliškis -Varnioniai - Radviliškis</ShortName>
              <LineRef ref="VTR:Line:2624" version="7330"/>
              <DirectionType>outbound</DirectionType>
              <pointsInSequence>
                <PointOnRoute version="1" id="VTR:PointOnRoute:1187421" order="1">
                  <RoutePointRef ref="VTR:RoutePoint:1187421"/>
                </PointOnRoute>
                <PointOnRoute version="1" id="VTR:PointOnRoute:1187422" order="2">
                  <RoutePointRef ref="VTR:RoutePoint:1187422"/>
                </PointOnRoute>
                <PointOnRoute version="1" id="VTR:PointOnRoute:1187423" order="3">
                  <RoutePointRef ref="VTR:RoutePoint:1187423"/>
                </PointOnRoute>
                <PointOnRoute version="1" id="VTR:PointOnRoute:1187424" order="4">
                  <RoutePointRef ref="VTR:RoutePoint:1187424"/>
                </PointOnRoute>
                <PointOnRoute version="1" id="VTR:PointOnRoute:1187425" order="5">
                  <RoutePointRef ref="VTR:RoutePoint:1187425"/>
                </PointOnRoute>
                <PointOnRoute version="1" id="VTR:PointOnRoute:1187426" order="6">
                  <RoutePointRef ref="VTR:RoutePoint:1187426"/>
                </PointOnRoute>
                <PointOnRoute version="1" id="VTR:PointOnRoute:1187427" order="7">
                  <RoutePointRef ref="VTR:RoutePoint:1187427"/>
                </PointOnRoute>
                <PointOnRoute version="1" id="VTR:PointOnRoute:1187428" order="8">
                  <RoutePointRef ref="VTR:RoutePoint:1187428"/>
                </PointOnRoute>
                <PointOnRoute version="1" id="VTR:PointOnRoute:1187429" order="9">
                  <RoutePointRef ref="VTR:RoutePoint:1187429"/>
                </PointOnRoute>
                <PointOnRoute version="1" id="VTR:PointOnRoute:1187430" order="10">
                  <RoutePointRef ref="VTR:RoutePoint:1187430"/>
                </PointOnRoute>
                <PointOnRoute version="1" id="VTR:PointOnRoute:1187431" order="11">
                  <RoutePointRef ref="VTR:RoutePoint:1187431"/>
                </PointOnRoute>
                <PointOnRoute version="1" id="VTR:PointOnRoute:1187432" order="12">
                  <RoutePointRef ref="VTR:RoutePoint:1187432"/>
                </PointOnRoute>
                <PointOnRoute version="1" id="VTR:PointOnRoute:1187433" order="13">
                  <RoutePointRef ref="VTR:RoutePoint:1187433"/>
                </PointOnRoute>
                <PointOnRoute version="1" id="VTR:PointOnRoute:1187437" order="14">
                  <RoutePointRef ref="VTR:RoutePoint:1187437"/>
                </PointOnRoute>
                <PointOnRoute version="1" id="VTR:PointOnRoute:1187438" order="15">
                  <RoutePointRef ref="VTR:RoutePoint:1187438"/>
                </PointOnRoute>
                <PointOnRoute version="1" id="VTR:PointOnRoute:1187439" order="16">
                  <RoutePointRef ref="VTR:RoutePoint:1187439"/>
                </PointOnRoute>
                <PointOnRoute version="1" id="VTR:PointOnRoute:1187440" order="17">
                  <RoutePointRef ref="VTR:RoutePoint:1187440"/>
                </PointOnRoute>
                <PointOnRoute version="1" id="VTR:PointOnRoute:1187435" order="18">
                  <RoutePointRef ref="VTR:RoutePoint:1187435"/>
                </PointOnRoute>
                <PointOnRoute version="1" id="VTR:PointOnRoute:1187441" order="19">
                  <RoutePointRef ref="VTR:RoutePoint:1187441"/>
                </PointOnRoute>
                <PointOnRoute version="1" id="VTR:PointOnRoute:1187436" order="20">
                  <RoutePointRef ref="VTR:RoutePoint:1187436"/>
                </PointOnRoute>
              </pointsInSequence>
            </Route>
          </routes>
          <lines>
            <Line version="7330" id="VTR:Line:2624">
              <Name>Radviliškis - Varnioniai per Daugėlaičius</Name>
              <TransportMode>bus</TransportMode>
              <TransportSubmode>
                <BusSubmode>regionalBus</BusSubmode>
              </TransportSubmode>
              <PublicCode>6a</PublicCode>
              <OperatorRef ref="VTR:Operator:22"/>
            </Line>
          </lines>
          <scheduledStopPoints>
            <ScheduledStopPoint version="1" id="VTR:ScheduledStopPoint:1187421">
              <Name>Radviliškio autobusų stotis</Name>
            </ScheduledStopPoint>
            <ScheduledStopPoint version="1" id="VTR:ScheduledStopPoint:1187422">
              <Name>Žalgirio g.</Name>
            </ScheduledStopPoint>
            <ScheduledStopPoint version="1" id="VTR:ScheduledStopPoint:1187423">
              <Name>Susivienijimas</Name>
            </ScheduledStopPoint>
            <ScheduledStopPoint version="1" id="VTR:ScheduledStopPoint:1187424">
              <Name>Karčiamų k</Name>
            </ScheduledStopPoint>
            <ScheduledStopPoint version="1" id="VTR:ScheduledStopPoint:1187425">
              <Name>Ilguočiai</Name>
            </ScheduledStopPoint>
            <ScheduledStopPoint version="1" id="VTR:ScheduledStopPoint:1187426">
              <Name>Žinėnai</Name>
            </ScheduledStopPoint>
            <ScheduledStopPoint version="1" id="VTR:ScheduledStopPoint:1187427">
              <Name>Daugėlaičiai</Name>
            </ScheduledStopPoint>
            <ScheduledStopPoint version="1" id="VTR:ScheduledStopPoint:1187428">
              <Name>Varnioniai</Name>
            </ScheduledStopPoint>
            <ScheduledStopPoint version="1" id="VTR:ScheduledStopPoint:1187429">
              <Name>Nirtaičiai</Name>
            </ScheduledStopPoint>
            <ScheduledStopPoint version="1" id="VTR:ScheduledStopPoint:1187430">
              <Name>Daugėlaičiai</Name>
            </ScheduledStopPoint>
            <ScheduledStopPoint version="1" id="VTR:ScheduledStopPoint:1187431">
              <Name>Žinėnai</Name>
            </ScheduledStopPoint>
            <ScheduledStopPoint version="1" id="VTR:ScheduledStopPoint:1187432">
              <Name>Ilguočiai</Name>
            </ScheduledStopPoint>
            <ScheduledStopPoint version="1" id="VTR:ScheduledStopPoint:1187433">
              <Name>Karčiamų k</Name>
            </ScheduledStopPoint>
            <ScheduledStopPoint version="1" id="VTR:ScheduledStopPoint:1187435">
              <Name>Centras</Name>
            </ScheduledStopPoint>
            <ScheduledStopPoint version="1" id="VTR:ScheduledStopPoint:1187436">
              <Name>Radviliškio autobusų stotis</Name>
            </ScheduledStopPoint>
            <ScheduledStopPoint version="1" id="VTR:ScheduledStopPoint:1187437">
              <Name>Maironio g. pabaiga</Name>
            </ScheduledStopPoint>
            <ScheduledStopPoint version="1" id="VTR:ScheduledStopPoint:1187438">
              <Name>Beržų g.</Name>
            </ScheduledStopPoint>
            <ScheduledStopPoint version="1" id="VTR:ScheduledStopPoint:1187439">
              <Name>Mažvydo g.</Name>
            </ScheduledStopPoint>
            <ScheduledStopPoint version="1" id="VTR:ScheduledStopPoint:1187440">
              <Name>Turgus</Name>
            </ScheduledStopPoint>
            <ScheduledStopPoint version="1" id="VTR:ScheduledStopPoint:1187441">
              <Name>Vaižganto m-kla</Name>
            </ScheduledStopPoint>
          </scheduledStopPoints>
          <serviceLinks>
            <ServiceLink id="VTR:ServiceLink:1187422_1_1187423_1" version="1">
              <Distance>1</Distance>
              <FromPointRef ref="VTR:ScheduledStopPoint:1187422" version="1"/>
              <ToPointRef ref="VTR:ScheduledStopPoint:1187423" version="1"/>
            </ServiceLink>
            <ServiceLink id="VTR:ServiceLink:1187429_1_1187430_1" version="1">
              <Distance>2</Distance>
              <FromPointRef ref="VTR:ScheduledStopPoint:1187429" version="1"/>
              <ToPointRef ref="VTR:ScheduledStopPoint:1187430" version="1"/>
            </ServiceLink>
            <ServiceLink id="VTR:ServiceLink:1187432_1_1187433_1" version="1">
              <Distance>1</Distance>
              <FromPointRef ref="VTR:ScheduledStopPoint:1187432" version="1"/>
              <ToPointRef ref="VTR:ScheduledStopPoint:1187433" version="1"/>
            </ServiceLink>
            <ServiceLink id="VTR:ServiceLink:1187427_1_1187428_1" version="1">
              <Distance>3</Distance>
              <FromPointRef ref="VTR:ScheduledStopPoint:1187427" version="1"/>
              <ToPointRef ref="VTR:ScheduledStopPoint:1187428" version="1"/>
            </ServiceLink>
            <ServiceLink id="VTR:ServiceLink:1187421_1_1187422_1" version="1">
              <Distance>1</Distance>
              <FromPointRef ref="VTR:ScheduledStopPoint:1187421" version="1"/>
              <ToPointRef ref="VTR:ScheduledStopPoint:1187422" version="1"/>
            </ServiceLink>
            <ServiceLink id="VTR:ServiceLink:1187433_1_1187437_1" version="1">
              <Distance>1</Distance>
              <FromPointRef ref="VTR:ScheduledStopPoint:1187433" version="1"/>
              <ToPointRef ref="VTR:ScheduledStopPoint:1187437" version="1"/>
            </ServiceLink>
            <ServiceLink id="VTR:ServiceLink:1187428_1_1187429_1" version="1">
              <Distance>4</Distance>
              <FromPointRef ref="VTR:ScheduledStopPoint:1187428" version="1"/>
              <ToPointRef ref="VTR:ScheduledStopPoint:1187429" version="1"/>
            </ServiceLink>
            <ServiceLink id="VTR:ServiceLink:1187440_1_1187435_1" version="1">
              <Distance>0</Distance>
              <FromPointRef ref="VTR:ScheduledStopPoint:1187440" version="1"/>
              <ToPointRef ref="VTR:ScheduledStopPoint:1187435" version="1"/>
            </ServiceLink>
            <ServiceLink id="VTR:ServiceLink:1187439_1_1187440_1" version="1">
              <Distance>0</Distance>
              <FromPointRef ref="VTR:ScheduledStopPoint:1187439" version="1"/>
              <ToPointRef ref="VTR:ScheduledStopPoint:1187440" version="1"/>
            </ServiceLink>
            <ServiceLink id="VTR:ServiceLink:1187423_1_1187424_1" version="1">
              <Distance>1</Distance>
              <FromPointRef ref="VTR:ScheduledStopPoint:1187423" version="1"/>
              <ToPointRef ref="VTR:ScheduledStopPoint:1187424" version="1"/>
            </ServiceLink>
            <ServiceLink id="VTR:ServiceLink:1187430_1_1187431_1" version="1">
              <Distance>4</Distance>
              <FromPointRef ref="VTR:ScheduledStopPoint:1187430" version="1"/>
              <ToPointRef ref="VTR:ScheduledStopPoint:1187431" version="1"/>
            </ServiceLink>
            <ServiceLink id="VTR:ServiceLink:1187441_1_1187436_1" version="1">
              <Distance>2</Distance>
              <FromPointRef ref="VTR:ScheduledStopPoint:1187441" version="1"/>
              <ToPointRef ref="VTR:ScheduledStopPoint:1187436" version="1"/>
            </ServiceLink>
            <ServiceLink id="VTR:ServiceLink:1187435_1_1187441_1" version="1">
              <Distance>1</Distance>
              <FromPointRef ref="VTR:ScheduledStopPoint:1187435" version="1"/>
              <ToPointRef ref="VTR:ScheduledStopPoint:1187441" version="1"/>
            </ServiceLink>
            <ServiceLink id="VTR:ServiceLink:1187426_1_1187427_1" version="1">
              <Distance>4</Distance>
              <FromPointRef ref="VTR:ScheduledStopPoint:1187426" version="1"/>
              <ToPointRef ref="VTR:ScheduledStopPoint:1187427" version="1"/>
            </ServiceLink>
            <ServiceLink id="VTR:ServiceLink:1187438_1_1187439_1" version="1">
              <Distance>0</Distance>
              <FromPointRef ref="VTR:ScheduledStopPoint:1187438" version="1"/>
              <ToPointRef ref="VTR:ScheduledStopPoint:1187439" version="1"/>
            </ServiceLink>
            <ServiceLink id="VTR:ServiceLink:1187424_1_1187425_1" version="1">
              <Distance>1</Distance>
              <FromPointRef ref="VTR:ScheduledStopPoint:1187424" version="1"/>
              <ToPointRef ref="VTR:ScheduledStopPoint:1187425" version="1"/>
            </ServiceLink>
            <ServiceLink id="VTR:ServiceLink:1187437_1_1187438_1" version="1">
              <Distance>0</Distance>
              <FromPointRef ref="VTR:ScheduledStopPoint:1187437" version="1"/>
              <ToPointRef ref="VTR:ScheduledStopPoint:1187438" version="1"/>
            </ServiceLink>
            <ServiceLink id="VTR:ServiceLink:1187425_1_1187426_1" version="1">
              <Distance>1</Distance>
              <FromPointRef ref="VTR:ScheduledStopPoint:1187425" version="1"/>
              <ToPointRef ref="VTR:ScheduledStopPoint:1187426" version="1"/>
            </ServiceLink>
            <ServiceLink id="VTR:ServiceLink:1187431_1_1187432_1" version="1">
              <Distance>1</Distance>
              <FromPointRef ref="VTR:ScheduledStopPoint:1187431" version="1"/>
              <ToPointRef ref="VTR:ScheduledStopPoint:1187432" version="1"/>
            </ServiceLink>
          </serviceLinks>
          <stopAssignments>
            <PassengerStopAssignment order="1661300000" id="VTR:PassengerStopAssignment:1187421" version="1">
              <ScheduledStopPointRef ref="VTR:ScheduledStopPoint:1187421" version="1"/>
              <QuayRef ref="VTR:Quay:19490"/>
            </PassengerStopAssignment>
            <PassengerStopAssignment order="1661300001" id="VTR:PassengerStopAssignment:1187422" version="1">
              <ScheduledStopPointRef ref="VTR:ScheduledStopPoint:1187422" version="1"/>
              <QuayRef ref="VTR:Quay:13659"/>
            </PassengerStopAssignment>
            <PassengerStopAssignment order="1661300002" id="VTR:PassengerStopAssignment:1187423" version="1">
              <ScheduledStopPointRef ref="VTR:ScheduledStopPoint:1187423" version="1"/>
              <QuayRef ref="VTR:Quay:4828"/>
            </PassengerStopAssignment>
            <PassengerStopAssignment order="1661300003" id="VTR:PassengerStopAssignment:1187424" version="1">
              <ScheduledStopPointRef ref="VTR:ScheduledStopPoint:1187424" version="1"/>
              <QuayRef ref="VTR:Quay:6729"/>
            </PassengerStopAssignment>
            <PassengerStopAssignment order="1661300004" id="VTR:PassengerStopAssignment:1187425" version="1">
              <ScheduledStopPointRef ref="VTR:ScheduledStopPoint:1187425" version="1"/>
              <QuayRef ref="VTR:Quay:4919"/>
            </PassengerStopAssignment>
            <PassengerStopAssignment order="1661300005" id="VTR:PassengerStopAssignment:1187426" version="1">
              <ScheduledStopPointRef ref="VTR:ScheduledStopPoint:1187426" version="1"/>
              <QuayRef ref="VTR:Quay:24225"/>
            </PassengerStopAssignment>
            <PassengerStopAssignment order="1661300006" id="VTR:PassengerStopAssignment:1187427" version="1">
              <ScheduledStopPointRef ref="VTR:ScheduledStopPoint:1187427" version="1"/>
              <QuayRef ref="VTR:Quay:15736"/>
            </PassengerStopAssignment>
            <PassengerStopAssignment order="1661300007" id="VTR:PassengerStopAssignment:1187428" version="1">
              <ScheduledStopPointRef ref="VTR:ScheduledStopPoint:1187428" version="1"/>
              <QuayRef ref="VTR:Quay:24224"/>
            </PassengerStopAssignment>
            <PassengerStopAssignment order="1661300008" id="VTR:PassengerStopAssignment:1187429" version="1">
              <ScheduledStopPointRef ref="VTR:ScheduledStopPoint:1187429" version="1"/>
              <QuayRef ref="VTR:Quay:15684"/>
            </PassengerStopAssignment>
            <PassengerStopAssignment order="1661300009" id="VTR:PassengerStopAssignment:1187430" version="1">
              <ScheduledStopPointRef ref="VTR:ScheduledStopPoint:1187430" version="1"/>
              <QuayRef ref="VTR:Quay:15736"/>
            </PassengerStopAssignment>
            <PassengerStopAssignment order="1661300010" id="VTR:PassengerStopAssignment:1187431" version="1">
              <ScheduledStopPointRef ref="VTR:ScheduledStopPoint:1187431" version="1"/>
              <QuayRef ref="VTR:Quay:24225"/>
            </PassengerStopAssignment>
            <PassengerStopAssignment order="1661300011" id="VTR:PassengerStopAssignment:1187432" version="1">
              <ScheduledStopPointRef ref="VTR:ScheduledStopPoint:1187432" version="1"/>
              <QuayRef ref="VTR:Quay:4919"/>
            </PassengerStopAssignment>
            <PassengerStopAssignment order="1661300012" id="VTR:PassengerStopAssignment:1187433" version="1">
              <ScheduledStopPointRef ref="VTR:ScheduledStopPoint:1187433" version="1"/>
              <QuayRef ref="VTR:Quay:5917"/>
            </PassengerStopAssignment>
            <PassengerStopAssignment order="1661300013" id="VTR:PassengerStopAssignment:1187437" version="1">
              <ScheduledStopPointRef ref="VTR:ScheduledStopPoint:1187437" version="1"/>
              <QuayRef ref="VTR:Quay:24345"/>
            </PassengerStopAssignment>
            <PassengerStopAssignment order="1661300014" id="VTR:PassengerStopAssignment:1187438" version="1">
              <ScheduledStopPointRef ref="VTR:ScheduledStopPoint:1187438" version="1"/>
              <QuayRef ref="VTR:Quay:24344"/>
            </PassengerStopAssignment>
            <PassengerStopAssignment order="1661300015" id="VTR:PassengerStopAssignment:1187439" version="1">
              <ScheduledStopPointRef ref="VTR:ScheduledStopPoint:1187439" version="1"/>
              <QuayRef ref="VTR:Quay:24343"/>
            </PassengerStopAssignment>
            <PassengerStopAssignment order="1661300016" id="VTR:PassengerStopAssignment:1187440" version="1">
              <ScheduledStopPointRef ref="VTR:ScheduledStopPoint:1187440" version="1"/>
              <QuayRef ref="VTR:Quay:24342"/>
            </PassengerStopAssignment>
            <PassengerStopAssignment order="1661300017" id="VTR:PassengerStopAssignment:1187435" version="1">
              <ScheduledStopPointRef ref="VTR:ScheduledStopPoint:1187435" version="1"/>
              <QuayRef ref="VTR:Quay:24212"/>
            </PassengerStopAssignment>
            <PassengerStopAssignment order="1661300018" id="VTR:PassengerStopAssignment:1187441" version="1">
              <ScheduledStopPointRef ref="VTR:ScheduledStopPoint:1187441" version="1"/>
              <QuayRef ref="VTR:Quay:24335"/>
            </PassengerStopAssignment>
            <PassengerStopAssignment order="1661300019" id="VTR:PassengerStopAssignment:1187436" version="1">
              <ScheduledStopPointRef ref="VTR:ScheduledStopPoint:1187436" version="1"/>
              <QuayRef ref="VTR:Quay:19490"/>
            </PassengerStopAssignment>
          </stopAssignments>
          <journeyPatterns>
            <JourneyPattern id="VTR:JourneyPattern:2324905" version="2326581">
              <Name>1</Name>
              <RouteRef ref="VTR:Route:16613" version="1"/>
              <pointsInSequence>
                <StopPointInJourneyPattern id="VTR:StopPointInJourneyPattern:83607798" version="2326581" order="1">
                  <ScheduledStopPointRef ref="VTR:ScheduledStopPoint:1187421"/>
                  <DestinationDisplayRef ref="VTR:DestinationDisplay:1"/>
                </StopPointInJourneyPattern>
                <StopPointInJourneyPattern id="VTR:StopPointInJourneyPattern:83607799" version="2326581" order="2">
                  <ScheduledStopPointRef ref="VTR:ScheduledStopPoint:1187422"/>
                  <DestinationDisplayRef ref="VTR:DestinationDisplay:1"/>
                </StopPointInJourneyPattern>
                <StopPointInJourneyPattern id="VTR:StopPointInJourneyPattern:83607800" version="2326581" order="3">
                  <ScheduledStopPointRef ref="VTR:ScheduledStopPoint:1187423"/>
                  <DestinationDisplayRef ref="VTR:DestinationDisplay:1"/>
                </StopPointInJourneyPattern>
                <StopPointInJourneyPattern id="VTR:StopPointInJourneyPattern:83607801" version="2326581" order="4">
                  <ScheduledStopPointRef ref="VTR:ScheduledStopPoint:1187424"/>
                  <DestinationDisplayRef ref="VTR:DestinationDisplay:1"/>
                </StopPointInJourneyPattern>
                <StopPointInJourneyPattern id="VTR:StopPointInJourneyPattern:83607802" version="2326581" order="5">
                  <ScheduledStopPointRef ref="VTR:ScheduledStopPoint:1187425"/>
                  <DestinationDisplayRef ref="VTR:DestinationDisplay:1"/>
                </StopPointInJourneyPattern>
                <StopPointInJourneyPattern id="VTR:StopPointInJourneyPattern:83607803" version="2326581" order="6">
                  <ScheduledStopPointRef ref="VTR:ScheduledStopPoint:1187426"/>
                  <DestinationDisplayRef ref="VTR:DestinationDisplay:1"/>
                </StopPointInJourneyPattern>
                <StopPointInJourneyPattern id="VTR:StopPointInJourneyPattern:83607804" version="2326581" order="7">
                  <ScheduledStopPointRef ref="VTR:ScheduledStopPoint:1187427"/>
                  <DestinationDisplayRef ref="VTR:DestinationDisplay:1"/>
                </StopPointInJourneyPattern>
                <StopPointInJourneyPattern id="VTR:StopPointInJourneyPattern:83607805" version="2326581" order="8">
                  <ScheduledStopPointRef ref="VTR:ScheduledStopPoint:1187428"/>
                  <DestinationDisplayRef ref="VTR:DestinationDisplay:1"/>
                </StopPointInJourneyPattern>
                <StopPointInJourneyPattern id="VTR:StopPointInJourneyPattern:83607806" version="2326581" order="9">
                  <ScheduledStopPointRef ref="VTR:ScheduledStopPoint:1187429"/>
                  <DestinationDisplayRef ref="VTR:DestinationDisplay:1"/>
                </StopPointInJourneyPattern>
                <StopPointInJourneyPattern id="VTR:StopPointInJourneyPattern:83607807" version="2326581" order="10">
                  <ScheduledStopPointRef ref="VTR:ScheduledStopPoint:1187430"/>
                  <DestinationDisplayRef ref="VTR:DestinationDisplay:1"/>
                </StopPointInJourneyPattern>
                <StopPointInJourneyPattern id="VTR:StopPointInJourneyPattern:83607808" version="2326581" order="11">
                  <ScheduledStopPointRef ref="VTR:ScheduledStopPoint:1187431"/>
                  <DestinationDisplayRef ref="VTR:DestinationDisplay:1"/>
                </StopPointInJourneyPattern>
                <StopPointInJourneyPattern id="VTR:StopPointInJourneyPattern:83607809" version="2326581" order="12">
                  <ScheduledStopPointRef ref="VTR:ScheduledStopPoint:1187432"/>
                  <DestinationDisplayRef ref="VTR:DestinationDisplay:1"/>
                </StopPointInJourneyPattern>
                <StopPointInJourneyPattern id="VTR:StopPointInJourneyPattern:83607810" version="2326581" order="13">
                  <ScheduledStopPointRef ref="VTR:ScheduledStopPoint:1187433"/>
                  <DestinationDisplayRef ref="VTR:DestinationDisplay:1"/>
                </StopPointInJourneyPattern>
                <StopPointInJourneyPattern id="VTR:StopPointInJourneyPattern:83607858" version="2326581" order="14">
                  <ScheduledStopPointRef ref="VTR:ScheduledStopPoint:1187437"/>
                  <DestinationDisplayRef ref="VTR:DestinationDisplay:1"/>
                </StopPointInJourneyPattern>
                <StopPointInJourneyPattern id="VTR:StopPointInJourneyPattern:83607859" version="2326581" order="15">
                  <ScheduledStopPointRef ref="VTR:ScheduledStopPoint:1187438"/>
                  <DestinationDisplayRef ref="VTR:DestinationDisplay:1"/>
                </StopPointInJourneyPattern>
                <StopPointInJourneyPattern id="VTR:StopPointInJourneyPattern:83607860" version="2326581" order="16">
                  <ScheduledStopPointRef ref="VTR:ScheduledStopPoint:1187439"/>
                  <DestinationDisplayRef ref="VTR:DestinationDisplay:1"/>
                </StopPointInJourneyPattern>
                <StopPointInJourneyPattern id="VTR:StopPointInJourneyPattern:83607861" version="2326581" order="17">
                  <ScheduledStopPointRef ref="VTR:ScheduledStopPoint:1187440"/>
                  <DestinationDisplayRef ref="VTR:DestinationDisplay:1"/>
                </StopPointInJourneyPattern>
                <StopPointInJourneyPattern id="VTR:StopPointInJourneyPattern:83607862" version="2326581" order="18">
                  <ScheduledStopPointRef ref="VTR:ScheduledStopPoint:1187435"/>
                  <DestinationDisplayRef ref="VTR:DestinationDisplay:1"/>
                </StopPointInJourneyPattern>
                <StopPointInJourneyPattern id="VTR:StopPointInJourneyPattern:83607863" version="2326581" order="19">
                  <ScheduledStopPointRef ref="VTR:ScheduledStopPoint:1187441"/>
                  <DestinationDisplayRef ref="VTR:DestinationDisplay:1"/>
                </StopPointInJourneyPattern>
                <StopPointInJourneyPattern id="VTR:StopPointInJourneyPattern:83607864" version="2326581" order="20">
                  <ScheduledStopPointRef ref="VTR:ScheduledStopPoint:1187436"/>
                  <DestinationDisplayRef ref="VTR:DestinationDisplay:1"/>
                </StopPointInJourneyPattern>
              </pointsInSequence>
            </JourneyPattern>
          </journeyPatterns>
        </ServiceFrame>
        <TimetableFrame version="1" id="VTR:TimetableFrame:1374">
          <vehicleJourneys>
            <ServiceJourney version="2326581" id="VTR:ServiceJourney:2324905">
              <Name>Radviliškis -Varnioniai - Radviliškis</Name>
              <PrivateCode>1</PrivateCode>
              <dayTypes>
                <DayTypeRef ref="VTR:DayType:2030"/>
              </dayTypes>
              <JourneyPatternRef version="2326581" ref="VTR:JourneyPattern:2324905"/>
              <OperatorRef ref="VTR:Operator:455"/>
              <LineRef ref="VTR:Line:2624" version="7330"/>
              <passingTimes>
                <TimetabledPassingTime version="2326581" id="VTR:TimetabledPassingTime:2324905_83607798_1">
                  <StopPointInJourneyPatternRef ref="VTR:StopPointInJourneyPattern:83607798" version="2326581"/>
                  <DepartureTime>06:50:00</DepartureTime>
                  <DepartureDayOffset>0</DepartureDayOffset>
                </TimetabledPassingTime>
                <TimetabledPassingTime version="2326581" id="VTR:TimetabledPassingTime:2324905_83607799_2">
                  <StopPointInJourneyPatternRef ref="VTR:StopPointInJourneyPattern:83607799" version="2326581"/>
                  <DepartureTime>06:53:00</DepartureTime>
                  <DepartureDayOffset>0</DepartureDayOffset>
                </TimetabledPassingTime>
                <TimetabledPassingTime version="2326581" id="VTR:TimetabledPassingTime:2324905_83607800_3">
                  <StopPointInJourneyPatternRef ref="VTR:StopPointInJourneyPattern:83607800" version="2326581"/>
                  <DepartureTime>06:54:00</DepartureTime>
                  <DepartureDayOffset>0</DepartureDayOffset>
                </TimetabledPassingTime>
                <TimetabledPassingTime version="2326581" id="VTR:TimetabledPassingTime:2324905_83607801_4">
                  <StopPointInJourneyPatternRef ref="VTR:StopPointInJourneyPattern:83607801" version="2326581"/>
                  <DepartureTime>06:55:00</DepartureTime>
                  <DepartureDayOffset>0</DepartureDayOffset>
                </TimetabledPassingTime>
                <TimetabledPassingTime version="2326581" id="VTR:TimetabledPassingTime:2324905_83607802_5">
                  <StopPointInJourneyPatternRef ref="VTR:StopPointInJourneyPattern:83607802" version="2326581"/>
                  <DepartureTime>07:00:00</DepartureTime>
                  <DepartureDayOffset>0</DepartureDayOffset>
                </TimetabledPassingTime>
                <TimetabledPassingTime version="2326581" id="VTR:TimetabledPassingTime:2324905_83607803_6">
                  <StopPointInJourneyPatternRef ref="VTR:StopPointInJourneyPattern:83607803" version="2326581"/>
                  <DepartureTime>07:02:00</DepartureTime>
                  <DepartureDayOffset>0</DepartureDayOffset>
                </TimetabledPassingTime>
                <TimetabledPassingTime version="2326581" id="VTR:TimetabledPassingTime:2324905_83607804_7">
                  <StopPointInJourneyPatternRef ref="VTR:StopPointInJourneyPattern:83607804" version="2326581"/>
                  <DepartureTime>07:04:00</DepartureTime>
                  <DepartureDayOffset>0</DepartureDayOffset>
                </TimetabledPassingTime>
                <TimetabledPassingTime version="2326581" id="VTR:TimetabledPassingTime:2324905_83607805_8">
                  <StopPointInJourneyPatternRef ref="VTR:StopPointInJourneyPattern:83607805" version="2326581"/>
                  <DepartureTime>07:15:00</DepartureTime>
                  <DepartureDayOffset>0</DepartureDayOffset>
                </TimetabledPassingTime>
                <TimetabledPassingTime version="2326581" id="VTR:TimetabledPassingTime:2324905_83607806_9">
                  <StopPointInJourneyPatternRef ref="VTR:StopPointInJourneyPattern:83607806" version="2326581"/>
                  <DepartureTime>07:20:00</DepartureTime>
                  <DepartureDayOffset>0</DepartureDayOffset>
                </TimetabledPassingTime>
                <TimetabledPassingTime version="2326581" id="VTR:TimetabledPassingTime:2324905_83607807_10">
                  <StopPointInJourneyPatternRef ref="VTR:StopPointInJourneyPattern:83607807" version="2326581"/>
                  <DepartureTime>07:25:00</DepartureTime>
                  <DepartureDayOffset>0</DepartureDayOffset>
                </TimetabledPassingTime>
                <TimetabledPassingTime version="2326581" id="VTR:TimetabledPassingTime:2324905_83607808_11">
                  <StopPointInJourneyPatternRef ref="VTR:StopPointInJourneyPattern:83607808" version="2326581"/>
                  <DepartureTime>07:27:00</DepartureTime>
                  <DepartureDayOffset>0</DepartureDayOffset>
                </TimetabledPassingTime>
                <TimetabledPassingTime version="2326581" id="VTR:TimetabledPassingTime:2324905_83607809_12">
                  <StopPointInJourneyPatternRef ref="VTR:StopPointInJourneyPattern:83607809" version="2326581"/>
                  <DepartureTime>07:30:00</DepartureTime>
                  <DepartureDayOffset>0</DepartureDayOffset>
                </TimetabledPassingTime>
                <TimetabledPassingTime version="2326581" id="VTR:TimetabledPassingTime:2324905_83607810_13">
                  <StopPointInJourneyPatternRef ref="VTR:StopPointInJourneyPattern:83607810" version="2326581"/>
                  <DepartureTime>07:35:00</DepartureTime>
                  <DepartureDayOffset>0</DepartureDayOffset>
                </TimetabledPassingTime>
                <TimetabledPassingTime version="2326581" id="VTR:TimetabledPassingTime:2324905_83607858_14">
                  <StopPointInJourneyPatternRef ref="VTR:StopPointInJourneyPattern:83607858" version="2326581"/>
                  <DepartureTime>07:36:00</DepartureTime>
                  <DepartureDayOffset>0</DepartureDayOffset>
                </TimetabledPassingTime>
                <TimetabledPassingTime version="2326581" id="VTR:TimetabledPassingTime:2324905_83607859_15">
                  <StopPointInJourneyPatternRef ref="VTR:StopPointInJourneyPattern:83607859" version="2326581"/>
                  <DepartureTime>07:37:00</DepartureTime>
                  <DepartureDayOffset>0</DepartureDayOffset>
                </TimetabledPassingTime>
                <TimetabledPassingTime version="2326581" id="VTR:TimetabledPassingTime:2324905_83607860_16">
                  <StopPointInJourneyPatternRef ref="VTR:StopPointInJourneyPattern:83607860" version="2326581"/>
                  <DepartureTime>07:38:00</DepartureTime>
                  <DepartureDayOffset>0</DepartureDayOffset>
                </TimetabledPassingTime>
                <TimetabledPassingTime version="2326581" id="VTR:TimetabledPassingTime:2324905_83607861_17">
                  <StopPointInJourneyPatternRef ref="VTR:StopPointInJourneyPattern:83607861" version="2326581"/>
                  <DepartureTime>07:39:00</DepartureTime>
                  <DepartureDayOffset>0</DepartureDayOffset>
                </TimetabledPassingTime>
                <TimetabledPassingTime version="2326581" id="VTR:TimetabledPassingTime:2324905_83607862_18">
                  <StopPointInJourneyPatternRef ref="VTR:StopPointInJourneyPattern:83607862" version="2326581"/>
                  <DepartureTime>07:40:00</DepartureTime>
                  <DepartureDayOffset>0</DepartureDayOffset>
                </TimetabledPassingTime>
                <TimetabledPassingTime version="2326581" id="VTR:TimetabledPassingTime:2324905_83607863_19">
                  <StopPointInJourneyPatternRef ref="VTR:StopPointInJourneyPattern:83607863" version="2326581"/>
                  <DepartureTime>07:45:00</DepartureTime>
                  <DepartureDayOffset>0</DepartureDayOffset>
                </TimetabledPassingTime>
                <TimetabledPassingTime version="2326581" id="VTR:TimetabledPassingTime:2324905_83607864_20">
                  <StopPointInJourneyPatternRef ref="VTR:StopPointInJourneyPattern:83607864" version="2326581"/>
                  <DepartureTime>07:50:00</DepartureTime>
                  <DepartureDayOffset>0</DepartureDayOffset>
                </TimetabledPassingTime>
              </passingTimes>
            </ServiceJourney>
          </vehicleJourneys>
        </TimetableFrame>
        <ResourceFrame version="1" id="VTR:ResourceFrame:1374">
          <organisations>
            <Authority version="1" id="VTR:Authority:22">
              <CompanyNumber>71</CompanyNumber>
              <Name>Radviliškio r. sav.</Name>
              <LegalName>Radviliškio r. sav.</LegalName>
              <ContactDetails>
                <Email>emtra@splius.lt</Email>
                <Phone>8 422 50500</Phone>
                <Url>www.radviliskis.lt</Url>
              </ContactDetails>
              <OrganisationType>authority</OrganisationType>
            </Authority>
          </organisations>
        </ResourceFrame>
        <FareFrame id="VTR:FareFrame:2624" version="1">
          <FrameDefaults>
            <DefaultCurrency>EUR</DefaultCurrency>
          </FrameDefaults>
          <usageParameters>
            <RoundTrip id="VTR:RoundTrip:single" version="1">
              <Name>Single</Name>
              <TripType>single</TripType>
            </RoundTrip>
            <FrequencyOfUse id="VTR:FrequencyOfUse:once" version="1">
              <Name>Once</Name>
              <MaximalFrequency>1</MaximalFrequency>
            </FrequencyOfUse>
          </usageParameters>
          <priceGroups>
            <PriceGroup id="VTR:PriceGroup:PG01" version="1">
              <Name>Flat Fare Products - Standard</Name>
              <members>
                <FareProductPrice id="VTR:FareProductPrice:standard" version="1">
                  <Name>Single fare</Name>
                  <Amount>0.7</Amount>
                  <Currency>EUR</Currency>
                </FareProductPrice>
              </members>
            </PriceGroup>
          </priceGroups>
        </FareFrame>
      </frames>
    </CompositeFrame>
  </dataObjects>
</PublicationDelivery>
