<?xml version="1.0" encoding="UTF-8"?><PublicationDelivery xmlns="http://www.netex.org.uk/netex" xmlns:gis="http://www.opengis.net/gml/3.2" xmlns:ns2="http://www.opengis.net/gml/3.2" xmlns:ns3="http://www.siri.org.uk/siri" xmlns:xsi="http://www.w3.org/2001/XMLSchema-instance" version="1" xsi:schemaLocation="">
  <PublicationTimestamp>2022-05-07T02:45:00.260</PublicationTimestamp>
  <ParticipantRef>VTR</ParticipantRef>
  <Description>1</Description>
  <dataObjects>
    <CompositeFrame created="2022-05-07T02:45:00.260" version="1" id="VTR:CompositeFrame:1374">
      <validityConditions>
        <AvailabilityCondition version="1" id="VTR:AvailabilityCondition:1374">
          <FromDate>2015-10-07T10:03:22</FromDate>
          <ToDate>2023-03-01T00:00:00</ToDate>
        </AvailabilityCondition>
      </validityConditions>
      <codespaces>
        <Codespace id="vtr">
          <Xmlns>VTR</Xmlns>
          <XmlnsUrl>http://www.visimarsrutai.lt/</XmlnsUrl>
        </Codespace>
      </codespaces>
      <FrameDefaults>
        <DefaultLocale>
          <TimeZone>Europe/Vilnius</TimeZone>
        </DefaultLocale>
        <DefaultLocationSystem>WGS84</DefaultLocationSystem>
      </FrameDefaults>
      <frames>
        <ServiceCalendarFrame version="1" id="VTR:ServiceCalendarFrame:1374">
          <dayTypes>
            <DayType id="VTR:DayType:2212" version="1">
              <properties>
                <PropertyOfDay>
                  <DaysOfWeek>Thursday</DaysOfWeek>
                </PropertyOfDay>
              </properties>
            </DayType>
            <DayType id="VTR:DayType:7547" version="1">
              <properties>
                <PropertyOfDay>
                  <DaysOfWeek>Thursday</DaysOfWeek>
                </PropertyOfDay>
              </properties>
            </DayType>
          </dayTypes>
          <operatingPeriods>
            <OperatingPeriod version="1" id="VTR:OperatingPeriod:2212">
              <FromDate>2018-06-18T00:00:00</FromDate>
              <ToDate>2019-12-31T00:00:00</ToDate>
            </OperatingPeriod>
            <OperatingPeriod version="1" id="VTR:OperatingPeriod:7547">
              <FromDate>2016-01-01T00:00:00</FromDate>
              <ToDate>2019-12-31T00:00:00</ToDate>
            </OperatingPeriod>
          </operatingPeriods>
          <dayTypeAssignments>
            <DayTypeAssignment id="VTR:DayTypeAssignment:2212_0" version="1" order="1939">
              <OperatingPeriodRef ref="VTR:OperatingPeriod:2212" version="1"/>
              <DayTypeRef ref="VTR:DayType:2212" version="1"/>
            </DayTypeAssignment>
            <DayTypeAssignment id="VTR:DayTypeAssignment:7547_0" version="1" order="3601">
              <OperatingPeriodRef ref="VTR:OperatingPeriod:7547" version="1"/>
              <DayTypeRef ref="VTR:DayType:7547" version="1"/>
            </DayTypeAssignment>
          </dayTypeAssignments>
        </ServiceCalendarFrame>
        <ServiceFrame id="VTR:ServiceFrame:1374" version="1">
          <Network version="0" id="VTR:Network:22"/>
          <routePoints>
            <RoutePoint version="1" id="VTR:RoutePoint:114888">
              <projections>
                <PointProjection version="1" id="VTR:PointProjection:34303">
                  <ProjectedPointRef ref="VTR:ScheduledStopPoint:114888" version="1"/>
                </PointProjection>
              </projections>
            </RoutePoint>
            <RoutePoint version="1" id="VTR:RoutePoint:114889">
              <projections>
                <PointProjection version="1" id="VTR:PointProjection:34304">
                  <ProjectedPointRef ref="VTR:ScheduledStopPoint:114889" version="1"/>
                </PointProjection>
              </projections>
            </RoutePoint>
            <RoutePoint version="1" id="VTR:RoutePoint:114890">
              <projections>
                <PointProjection version="1" id="VTR:PointProjection:34305">
                  <ProjectedPointRef ref="VTR:ScheduledStopPoint:114890" version="1"/>
                </PointProjection>
              </projections>
            </RoutePoint>
            <RoutePoint version="1" id="VTR:RoutePoint:114891">
              <projections>
                <PointProjection version="1" id="VTR:PointProjection:34306">
                  <ProjectedPointRef ref="VTR:ScheduledStopPoint:114891" version="1"/>
                </PointProjection>
              </projections>
            </RoutePoint>
            <RoutePoint version="1" id="VTR:RoutePoint:114892">
              <projections>
                <PointProjection version="1" id="VTR:PointProjection:34307">
                  <ProjectedPointRef ref="VTR:ScheduledStopPoint:114892" version="1"/>
                </PointProjection>
              </projections>
            </RoutePoint>
            <RoutePoint version="1" id="VTR:RoutePoint:114893">
              <projections>
                <PointProjection version="1" id="VTR:PointProjection:34308">
                  <ProjectedPointRef ref="VTR:ScheduledStopPoint:114893" version="1"/>
                </PointProjection>
              </projections>
            </RoutePoint>
            <RoutePoint version="1" id="VTR:RoutePoint:114894">
              <projections>
                <PointProjection version="1" id="VTR:PointProjection:34309">
                  <ProjectedPointRef ref="VTR:ScheduledStopPoint:114894" version="1"/>
                </PointProjection>
              </projections>
            </RoutePoint>
            <RoutePoint version="1" id="VTR:RoutePoint:114895">
              <projections>
                <PointProjection version="1" id="VTR:PointProjection:34310">
                  <ProjectedPointRef ref="VTR:ScheduledStopPoint:114895" version="1"/>
                </PointProjection>
              </projections>
            </RoutePoint>
            <RoutePoint version="1" id="VTR:RoutePoint:114896">
              <projections>
                <PointProjection version="1" id="VTR:PointProjection:34311">
                  <ProjectedPointRef ref="VTR:ScheduledStopPoint:114896" version="1"/>
                </PointProjection>
              </projections>
            </RoutePoint>
            <RoutePoint version="1" id="VTR:RoutePoint:114897">
              <projections>
                <PointProjection version="1" id="VTR:PointProjection:34302">
                  <ProjectedPointRef ref="VTR:ScheduledStopPoint:114897" version="1"/>
                </PointProjection>
              </projections>
            </RoutePoint>
            <RoutePoint version="1" id="VTR:RoutePoint:114898">
              <projections>
                <PointProjection version="1" id="VTR:PointProjection:34382">
                  <ProjectedPointRef ref="VTR:ScheduledStopPoint:114898" version="1"/>
                </PointProjection>
              </projections>
            </RoutePoint>
            <RoutePoint version="1" id="VTR:RoutePoint:114899">
              <projections>
                <PointProjection version="1" id="VTR:PointProjection:34383">
                  <ProjectedPointRef ref="VTR:ScheduledStopPoint:114899" version="1"/>
                </PointProjection>
              </projections>
            </RoutePoint>
            <RoutePoint version="1" id="VTR:RoutePoint:114900">
              <projections>
                <PointProjection version="1" id="VTR:PointProjection:34384">
                  <ProjectedPointRef ref="VTR:ScheduledStopPoint:114900" version="1"/>
                </PointProjection>
              </projections>
            </RoutePoint>
            <RoutePoint version="1" id="VTR:RoutePoint:114901">
              <projections>
                <PointProjection version="1" id="VTR:PointProjection:34385">
                  <ProjectedPointRef ref="VTR:ScheduledStopPoint:114901" version="1"/>
                </PointProjection>
              </projections>
            </RoutePoint>
            <RoutePoint version="1" id="VTR:RoutePoint:114902">
              <projections>
                <PointProjection version="1" id="VTR:PointProjection:34386">
                  <ProjectedPointRef ref="VTR:ScheduledStopPoint:114902" version="1"/>
                </PointProjection>
              </projections>
            </RoutePoint>
            <RoutePoint version="1" id="VTR:RoutePoint:114903">
              <projections>
                <PointProjection version="1" id="VTR:PointProjection:34387">
                  <ProjectedPointRef ref="VTR:ScheduledStopPoint:114903" version="1"/>
                </PointProjection>
              </projections>
            </RoutePoint>
          </routePoints>
          <routes>
            <Route version="1" id="VTR:Route:6842">
              <Name>Radviliškis - Riaubai - Radviliškis</Name>
              <ShortName>Radviliškis - Riaubai - Radviliškis</ShortName>
              <LineRef ref="VTR:Line:2653" version="2708"/>
              <DirectionType>outbound</DirectionType>
              <pointsInSequence>
                <PointOnRoute version="1" id="VTR:PointOnRoute:114888" order="1">
                  <RoutePointRef ref="VTR:RoutePoint:114888"/>
                </PointOnRoute>
                <PointOnRoute version="1" id="VTR:PointOnRoute:114889" order="2">
                  <RoutePointRef ref="VTR:RoutePoint:114889"/>
                </PointOnRoute>
                <PointOnRoute version="1" id="VTR:PointOnRoute:114890" order="3">
                  <RoutePointRef ref="VTR:RoutePoint:114890"/>
                </PointOnRoute>
                <PointOnRoute version="1" id="VTR:PointOnRoute:114891" order="4">
                  <RoutePointRef ref="VTR:RoutePoint:114891"/>
                </PointOnRoute>
                <PointOnRoute version="1" id="VTR:PointOnRoute:114892" order="5">
                  <RoutePointRef ref="VTR:RoutePoint:114892"/>
                </PointOnRoute>
                <PointOnRoute version="1" id="VTR:PointOnRoute:114893" order="6">
                  <RoutePointRef ref="VTR:RoutePoint:114893"/>
                </PointOnRoute>
                <PointOnRoute version="1" id="VTR:PointOnRoute:114894" order="7">
                  <RoutePointRef ref="VTR:RoutePoint:114894"/>
                </PointOnRoute>
                <PointOnRoute version="1" id="VTR:PointOnRoute:114895" order="8">
                  <RoutePointRef ref="VTR:RoutePoint:114895"/>
                </PointOnRoute>
                <PointOnRoute version="1" id="VTR:PointOnRoute:114896" order="9">
                  <RoutePointRef ref="VTR:RoutePoint:114896"/>
                </PointOnRoute>
                <PointOnRoute version="1" id="VTR:PointOnRoute:114897" order="10">
                  <RoutePointRef ref="VTR:RoutePoint:114897"/>
                </PointOnRoute>
                <PointOnRoute version="1" id="VTR:PointOnRoute:114898" order="11">
                  <RoutePointRef ref="VTR:RoutePoint:114898"/>
                </PointOnRoute>
                <PointOnRoute version="1" id="VTR:PointOnRoute:114899" order="12">
                  <RoutePointRef ref="VTR:RoutePoint:114899"/>
                </PointOnRoute>
                <PointOnRoute version="1" id="VTR:PointOnRoute:114900" order="13">
                  <RoutePointRef ref="VTR:RoutePoint:114900"/>
                </PointOnRoute>
                <PointOnRoute version="1" id="VTR:PointOnRoute:114901" order="14">
                  <RoutePointRef ref="VTR:RoutePoint:114901"/>
                </PointOnRoute>
                <PointOnRoute version="1" id="VTR:PointOnRoute:114902" order="15">
                  <RoutePointRef ref="VTR:RoutePoint:114902"/>
                </PointOnRoute>
                <PointOnRoute version="1" id="VTR:PointOnRoute:114903" order="16">
                  <RoutePointRef ref="VTR:RoutePoint:114903"/>
                </PointOnRoute>
              </pointsInSequence>
            </Route>
          </routes>
          <lines>
            <Line version="2708" id="VTR:Line:2653">
              <Name>Radviliškis - Riaubai per Kurklius</Name>
              <TransportMode>bus</TransportMode>
              <TransportSubmode>
                <BusSubmode>regionalBus</BusSubmode>
              </TransportSubmode>
              <PublicCode>25</PublicCode>
              <OperatorRef ref="VTR:Operator:22"/>
            </Line>
          </lines>
          <scheduledStopPoints>
            <ScheduledStopPoint version="1" id="VTR:ScheduledStopPoint:114888">
              <Name>Radviliškio autobusų stotis</Name>
            </ScheduledStopPoint>
            <ScheduledStopPoint version="1" id="VTR:ScheduledStopPoint:114889">
              <Name>Susivienijimas</Name>
            </ScheduledStopPoint>
            <ScheduledStopPoint version="1" id="VTR:ScheduledStopPoint:114890">
              <Name>Karčemos</Name>
            </ScheduledStopPoint>
            <ScheduledStopPoint version="1" id="VTR:ScheduledStopPoint:114891">
              <Name>Linkaičiai</Name>
            </ScheduledStopPoint>
            <ScheduledStopPoint version="1" id="VTR:ScheduledStopPoint:114892">
              <Name>Velžiai</Name>
            </ScheduledStopPoint>
            <ScheduledStopPoint version="1" id="VTR:ScheduledStopPoint:114893">
              <Name>Kurkliai</Name>
            </ScheduledStopPoint>
            <ScheduledStopPoint version="1" id="VTR:ScheduledStopPoint:114894">
              <Name>Paežeriai</Name>
            </ScheduledStopPoint>
            <ScheduledStopPoint version="1" id="VTR:ScheduledStopPoint:114895">
              <Name>Užuožeriai</Name>
            </ScheduledStopPoint>
            <ScheduledStopPoint version="1" id="VTR:ScheduledStopPoint:114896">
              <Name>Paežeriai</Name>
            </ScheduledStopPoint>
            <ScheduledStopPoint version="1" id="VTR:ScheduledStopPoint:114897">
              <Name>Kurkliai</Name>
            </ScheduledStopPoint>
            <ScheduledStopPoint version="1" id="VTR:ScheduledStopPoint:114898">
              <Name>Velžiai</Name>
            </ScheduledStopPoint>
            <ScheduledStopPoint version="1" id="VTR:ScheduledStopPoint:114899">
              <Name>Linkaičiai</Name>
            </ScheduledStopPoint>
            <ScheduledStopPoint version="1" id="VTR:ScheduledStopPoint:114900">
              <Name>Karčemos</Name>
            </ScheduledStopPoint>
            <ScheduledStopPoint version="1" id="VTR:ScheduledStopPoint:114901">
              <Name>Susivienijimas</Name>
            </ScheduledStopPoint>
            <ScheduledStopPoint version="1" id="VTR:ScheduledStopPoint:114902">
              <Name>Centras</Name>
            </ScheduledStopPoint>
            <ScheduledStopPoint version="1" id="VTR:ScheduledStopPoint:114903">
              <Name>Radviliškio autobusų stotis</Name>
            </ScheduledStopPoint>
          </scheduledStopPoints>
          <serviceLinks>
            <ServiceLink id="VTR:ServiceLink:114897_1_114898_1" version="1">
              <Distance>1</Distance>
              <FromPointRef ref="VTR:ScheduledStopPoint:114897" version="1"/>
              <ToPointRef ref="VTR:ScheduledStopPoint:114898" version="1"/>
            </ServiceLink>
            <ServiceLink id="VTR:ServiceLink:114896_1_114897_1" version="1">
              <Distance>2</Distance>
              <FromPointRef ref="VTR:ScheduledStopPoint:114896" version="1"/>
              <ToPointRef ref="VTR:ScheduledStopPoint:114897" version="1"/>
            </ServiceLink>
            <ServiceLink id="VTR:ServiceLink:114890_1_114891_1" version="1">
              <Distance>1</Distance>
              <FromPointRef ref="VTR:ScheduledStopPoint:114890" version="1"/>
              <ToPointRef ref="VTR:ScheduledStopPoint:114891" version="1"/>
            </ServiceLink>
            <ServiceLink id="VTR:ServiceLink:114902_1_114903_1" version="1">
              <Distance>0</Distance>
              <FromPointRef ref="VTR:ScheduledStopPoint:114902" version="1"/>
              <ToPointRef ref="VTR:ScheduledStopPoint:114903" version="1"/>
            </ServiceLink>
            <ServiceLink id="VTR:ServiceLink:114894_1_114895_1" version="1">
              <Distance>0</Distance>
              <FromPointRef ref="VTR:ScheduledStopPoint:114894" version="1"/>
              <ToPointRef ref="VTR:ScheduledStopPoint:114895" version="1"/>
            </ServiceLink>
            <ServiceLink id="VTR:ServiceLink:114900_1_114901_1" version="1">
              <Distance>1</Distance>
              <FromPointRef ref="VTR:ScheduledStopPoint:114900" version="1"/>
              <ToPointRef ref="VTR:ScheduledStopPoint:114901" version="1"/>
            </ServiceLink>
            <ServiceLink id="VTR:ServiceLink:114888_1_114889_1" version="1">
              <Distance>2</Distance>
              <FromPointRef ref="VTR:ScheduledStopPoint:114888" version="1"/>
              <ToPointRef ref="VTR:ScheduledStopPoint:114889" version="1"/>
            </ServiceLink>
            <ServiceLink id="VTR:ServiceLink:114898_1_114899_1" version="1">
              <Distance>3</Distance>
              <FromPointRef ref="VTR:ScheduledStopPoint:114898" version="1"/>
              <ToPointRef ref="VTR:ScheduledStopPoint:114899" version="1"/>
            </ServiceLink>
            <ServiceLink id="VTR:ServiceLink:114891_1_114892_1" version="1">
              <Distance>3</Distance>
              <FromPointRef ref="VTR:ScheduledStopPoint:114891" version="1"/>
              <ToPointRef ref="VTR:ScheduledStopPoint:114892" version="1"/>
            </ServiceLink>
            <ServiceLink id="VTR:ServiceLink:114893_1_114894_1" version="1">
              <Distance>2</Distance>
              <FromPointRef ref="VTR:ScheduledStopPoint:114893" version="1"/>
              <ToPointRef ref="VTR:ScheduledStopPoint:114894" version="1"/>
            </ServiceLink>
            <ServiceLink id="VTR:ServiceLink:114895_1_114896_1" version="1">
              <Distance>0</Distance>
              <FromPointRef ref="VTR:ScheduledStopPoint:114895" version="1"/>
              <ToPointRef ref="VTR:ScheduledStopPoint:114896" version="1"/>
            </ServiceLink>
            <ServiceLink id="VTR:ServiceLink:114892_1_114893_1" version="1">
              <Distance>1</Distance>
              <FromPointRef ref="VTR:ScheduledStopPoint:114892" version="1"/>
              <ToPointRef ref="VTR:ScheduledStopPoint:114893" version="1"/>
            </ServiceLink>
            <ServiceLink id="VTR:ServiceLink:114899_1_114900_1" version="1">
              <Distance>1</Distance>
              <FromPointRef ref="VTR:ScheduledStopPoint:114899" version="1"/>
              <ToPointRef ref="VTR:ScheduledStopPoint:114900" version="1"/>
            </ServiceLink>
            <ServiceLink id="VTR:ServiceLink:114889_1_114890_1" version="1">
              <Distance>1</Distance>
              <FromPointRef ref="VTR:ScheduledStopPoint:114889" version="1"/>
              <ToPointRef ref="VTR:ScheduledStopPoint:114890" version="1"/>
            </ServiceLink>
            <ServiceLink id="VTR:ServiceLink:114901_1_114902_1" version="1">
              <Distance>2</Distance>
              <FromPointRef ref="VTR:ScheduledStopPoint:114901" version="1"/>
              <ToPointRef ref="VTR:ScheduledStopPoint:114902" version="1"/>
            </ServiceLink>
          </serviceLinks>
          <stopAssignments>
            <PassengerStopAssignment order="684200000" id="VTR:PassengerStopAssignment:114888" version="1">
              <ScheduledStopPointRef ref="VTR:ScheduledStopPoint:114888" version="1"/>
              <QuayRef ref="VTR:Quay:19490"/>
            </PassengerStopAssignment>
            <PassengerStopAssignment order="684200001" id="VTR:PassengerStopAssignment:114889" version="1">
              <ScheduledStopPointRef ref="VTR:ScheduledStopPoint:114889" version="1"/>
              <QuayRef ref="VTR:Quay:4828"/>
            </PassengerStopAssignment>
            <PassengerStopAssignment order="684200002" id="VTR:PassengerStopAssignment:114890" version="1">
              <ScheduledStopPointRef ref="VTR:ScheduledStopPoint:114890" version="1"/>
              <QuayRef ref="VTR:Quay:4860"/>
            </PassengerStopAssignment>
            <PassengerStopAssignment order="684200003" id="VTR:PassengerStopAssignment:114891" version="1">
              <ScheduledStopPointRef ref="VTR:ScheduledStopPoint:114891" version="1"/>
              <QuayRef ref="VTR:Quay:8742"/>
            </PassengerStopAssignment>
            <PassengerStopAssignment order="684200004" id="VTR:PassengerStopAssignment:114892" version="1">
              <ScheduledStopPointRef ref="VTR:ScheduledStopPoint:114892" version="1"/>
              <QuayRef ref="VTR:Quay:9679"/>
            </PassengerStopAssignment>
            <PassengerStopAssignment order="684200005" id="VTR:PassengerStopAssignment:114893" version="1">
              <ScheduledStopPointRef ref="VTR:ScheduledStopPoint:114893" version="1"/>
              <QuayRef ref="VTR:Quay:14679"/>
            </PassengerStopAssignment>
            <PassengerStopAssignment order="684200006" id="VTR:PassengerStopAssignment:114894" version="1">
              <ScheduledStopPointRef ref="VTR:ScheduledStopPoint:114894" version="1"/>
              <QuayRef ref="VTR:Quay:14433"/>
            </PassengerStopAssignment>
            <PassengerStopAssignment order="684200007" id="VTR:PassengerStopAssignment:114895" version="1">
              <ScheduledStopPointRef ref="VTR:ScheduledStopPoint:114895" version="1"/>
              <QuayRef ref="VTR:Quay:24305"/>
            </PassengerStopAssignment>
            <PassengerStopAssignment order="684200008" id="VTR:PassengerStopAssignment:114896" version="1">
              <ScheduledStopPointRef ref="VTR:ScheduledStopPoint:114896" version="1"/>
              <QuayRef ref="VTR:Quay:14433"/>
            </PassengerStopAssignment>
            <PassengerStopAssignment order="684200009" id="VTR:PassengerStopAssignment:114897" version="1">
              <ScheduledStopPointRef ref="VTR:ScheduledStopPoint:114897" version="1"/>
              <QuayRef ref="VTR:Quay:14679"/>
            </PassengerStopAssignment>
            <PassengerStopAssignment order="684200010" id="VTR:PassengerStopAssignment:114898" version="1">
              <ScheduledStopPointRef ref="VTR:ScheduledStopPoint:114898" version="1"/>
              <QuayRef ref="VTR:Quay:9679"/>
            </PassengerStopAssignment>
            <PassengerStopAssignment order="684200011" id="VTR:PassengerStopAssignment:114899" version="1">
              <ScheduledStopPointRef ref="VTR:ScheduledStopPoint:114899" version="1"/>
              <QuayRef ref="VTR:Quay:8742"/>
            </PassengerStopAssignment>
            <PassengerStopAssignment order="684200012" id="VTR:PassengerStopAssignment:114900" version="1">
              <ScheduledStopPointRef ref="VTR:ScheduledStopPoint:114900" version="1"/>
              <QuayRef ref="VTR:Quay:4860"/>
            </PassengerStopAssignment>
            <PassengerStopAssignment order="684200013" id="VTR:PassengerStopAssignment:114901" version="1">
              <ScheduledStopPointRef ref="VTR:ScheduledStopPoint:114901" version="1"/>
              <QuayRef ref="VTR:Quay:4828"/>
            </PassengerStopAssignment>
            <PassengerStopAssignment order="684200014" id="VTR:PassengerStopAssignment:114902" version="1">
              <ScheduledStopPointRef ref="VTR:ScheduledStopPoint:114902" version="1"/>
              <QuayRef ref="VTR:Quay:24212"/>
            </PassengerStopAssignment>
            <PassengerStopAssignment order="684200015" id="VTR:PassengerStopAssignment:114903" version="1">
              <ScheduledStopPointRef ref="VTR:ScheduledStopPoint:114903" version="1"/>
              <QuayRef ref="VTR:Quay:19490"/>
            </PassengerStopAssignment>
          </stopAssignments>
          <journeyPatterns>
            <JourneyPattern id="VTR:JourneyPattern:55891" version="55927">
              <Name>1</Name>
              <RouteRef ref="VTR:Route:6842" version="1"/>
              <pointsInSequence>
                <StopPointInJourneyPattern id="VTR:StopPointInJourneyPattern:1134250" version="55927" order="1">
                  <ScheduledStopPointRef ref="VTR:ScheduledStopPoint:114888"/>
                  <DestinationDisplayRef ref="VTR:DestinationDisplay:1"/>
                </StopPointInJourneyPattern>
                <StopPointInJourneyPattern id="VTR:StopPointInJourneyPattern:1134251" version="55927" order="2">
                  <ScheduledStopPointRef ref="VTR:ScheduledStopPoint:114889"/>
                  <DestinationDisplayRef ref="VTR:DestinationDisplay:1"/>
                </StopPointInJourneyPattern>
                <StopPointInJourneyPattern id="VTR:StopPointInJourneyPattern:1134252" version="55927" order="3">
                  <ScheduledStopPointRef ref="VTR:ScheduledStopPoint:114890"/>
                  <DestinationDisplayRef ref="VTR:DestinationDisplay:1"/>
                </StopPointInJourneyPattern>
                <StopPointInJourneyPattern id="VTR:StopPointInJourneyPattern:1134253" version="55927" order="4">
                  <ScheduledStopPointRef ref="VTR:ScheduledStopPoint:114891"/>
                  <DestinationDisplayRef ref="VTR:DestinationDisplay:1"/>
                </StopPointInJourneyPattern>
                <StopPointInJourneyPattern id="VTR:StopPointInJourneyPattern:1134254" version="55927" order="5">
                  <ScheduledStopPointRef ref="VTR:ScheduledStopPoint:114892"/>
                  <DestinationDisplayRef ref="VTR:DestinationDisplay:1"/>
                </StopPointInJourneyPattern>
                <StopPointInJourneyPattern id="VTR:StopPointInJourneyPattern:1134255" version="55927" order="6">
                  <ScheduledStopPointRef ref="VTR:ScheduledStopPoint:114893"/>
                  <DestinationDisplayRef ref="VTR:DestinationDisplay:1"/>
                </StopPointInJourneyPattern>
                <StopPointInJourneyPattern id="VTR:StopPointInJourneyPattern:1134256" version="55927" order="7">
                  <ScheduledStopPointRef ref="VTR:ScheduledStopPoint:114894"/>
                  <DestinationDisplayRef ref="VTR:DestinationDisplay:1"/>
                </StopPointInJourneyPattern>
                <StopPointInJourneyPattern id="VTR:StopPointInJourneyPattern:1134257" version="55927" order="8">
                  <ScheduledStopPointRef ref="VTR:ScheduledStopPoint:114895"/>
                  <DestinationDisplayRef ref="VTR:DestinationDisplay:1"/>
                </StopPointInJourneyPattern>
                <StopPointInJourneyPattern id="VTR:StopPointInJourneyPattern:1134258" version="55927" order="9">
                  <ScheduledStopPointRef ref="VTR:ScheduledStopPoint:114896"/>
                  <DestinationDisplayRef ref="VTR:DestinationDisplay:1"/>
                </StopPointInJourneyPattern>
                <StopPointInJourneyPattern id="VTR:StopPointInJourneyPattern:1134259" version="55927" order="10">
                  <ScheduledStopPointRef ref="VTR:ScheduledStopPoint:114897"/>
                  <DestinationDisplayRef ref="VTR:DestinationDisplay:1"/>
                </StopPointInJourneyPattern>
                <StopPointInJourneyPattern id="VTR:StopPointInJourneyPattern:1134260" version="55927" order="11">
                  <ScheduledStopPointRef ref="VTR:ScheduledStopPoint:114898"/>
                  <DestinationDisplayRef ref="VTR:DestinationDisplay:1"/>
                </StopPointInJourneyPattern>
                <StopPointInJourneyPattern id="VTR:StopPointInJourneyPattern:1134261" version="55927" order="12">
                  <ScheduledStopPointRef ref="VTR:ScheduledStopPoint:114899"/>
                  <DestinationDisplayRef ref="VTR:DestinationDisplay:1"/>
                </StopPointInJourneyPattern>
                <StopPointInJourneyPattern id="VTR:StopPointInJourneyPattern:1134262" version="55927" order="13">
                  <ScheduledStopPointRef ref="VTR:ScheduledStopPoint:114900"/>
                  <DestinationDisplayRef ref="VTR:DestinationDisplay:1"/>
                </StopPointInJourneyPattern>
                <StopPointInJourneyPattern id="VTR:StopPointInJourneyPattern:1134263" version="55927" order="14">
                  <ScheduledStopPointRef ref="VTR:ScheduledStopPoint:114901"/>
                  <DestinationDisplayRef ref="VTR:DestinationDisplay:1"/>
                </StopPointInJourneyPattern>
                <StopPointInJourneyPattern id="VTR:StopPointInJourneyPattern:1134264" version="55927" order="15">
                  <ScheduledStopPointRef ref="VTR:ScheduledStopPoint:114902"/>
                  <DestinationDisplayRef ref="VTR:DestinationDisplay:1"/>
                </StopPointInJourneyPattern>
                <StopPointInJourneyPattern id="VTR:StopPointInJourneyPattern:1134265" version="55927" order="16">
                  <ScheduledStopPointRef ref="VTR:ScheduledStopPoint:114903"/>
                  <DestinationDisplayRef ref="VTR:DestinationDisplay:1"/>
                </StopPointInJourneyPattern>
              </pointsInSequence>
            </JourneyPattern>
            <JourneyPattern id="VTR:JourneyPattern:55893" version="55929">
              <Name>2</Name>
              <RouteRef ref="VTR:Route:6842" version="1"/>
              <pointsInSequence>
                <StopPointInJourneyPattern id="VTR:StopPointInJourneyPattern:1134281" version="55929" order="1">
                  <ScheduledStopPointRef ref="VTR:ScheduledStopPoint:114888"/>
                  <DestinationDisplayRef ref="VTR:DestinationDisplay:1"/>
                </StopPointInJourneyPattern>
                <StopPointInJourneyPattern id="VTR:StopPointInJourneyPattern:1134282" version="55929" order="2">
                  <ScheduledStopPointRef ref="VTR:ScheduledStopPoint:114889"/>
                  <DestinationDisplayRef ref="VTR:DestinationDisplay:1"/>
                </StopPointInJourneyPattern>
                <StopPointInJourneyPattern id="VTR:StopPointInJourneyPattern:1134283" version="55929" order="3">
                  <ScheduledStopPointRef ref="VTR:ScheduledStopPoint:114890"/>
                  <DestinationDisplayRef ref="VTR:DestinationDisplay:1"/>
                </StopPointInJourneyPattern>
                <StopPointInJourneyPattern id="VTR:StopPointInJourneyPattern:1134284" version="55929" order="4">
                  <ScheduledStopPointRef ref="VTR:ScheduledStopPoint:114891"/>
                  <DestinationDisplayRef ref="VTR:DestinationDisplay:1"/>
                </StopPointInJourneyPattern>
                <StopPointInJourneyPattern id="VTR:StopPointInJourneyPattern:1134285" version="55929" order="5">
                  <ScheduledStopPointRef ref="VTR:ScheduledStopPoint:114892"/>
                  <DestinationDisplayRef ref="VTR:DestinationDisplay:1"/>
                </StopPointInJourneyPattern>
                <StopPointInJourneyPattern id="VTR:StopPointInJourneyPattern:1134286" version="55929" order="6">
                  <ScheduledStopPointRef ref="VTR:ScheduledStopPoint:114893"/>
                  <DestinationDisplayRef ref="VTR:DestinationDisplay:1"/>
                </StopPointInJourneyPattern>
                <StopPointInJourneyPattern id="VTR:StopPointInJourneyPattern:1134287" version="55929" order="7">
                  <ScheduledStopPointRef ref="VTR:ScheduledStopPoint:114894"/>
                  <DestinationDisplayRef ref="VTR:DestinationDisplay:1"/>
                </StopPointInJourneyPattern>
                <StopPointInJourneyPattern id="VTR:StopPointInJourneyPattern:1134288" version="55929" order="8">
                  <ScheduledStopPointRef ref="VTR:ScheduledStopPoint:114895"/>
                  <DestinationDisplayRef ref="VTR:DestinationDisplay:1"/>
                </StopPointInJourneyPattern>
                <StopPointInJourneyPattern id="VTR:StopPointInJourneyPattern:1134289" version="55929" order="9">
                  <ScheduledStopPointRef ref="VTR:ScheduledStopPoint:114896"/>
                  <DestinationDisplayRef ref="VTR:DestinationDisplay:1"/>
                </StopPointInJourneyPattern>
                <StopPointInJourneyPattern id="VTR:StopPointInJourneyPattern:1134290" version="55929" order="10">
                  <ScheduledStopPointRef ref="VTR:ScheduledStopPoint:114897"/>
                  <DestinationDisplayRef ref="VTR:DestinationDisplay:1"/>
                </StopPointInJourneyPattern>
                <StopPointInJourneyPattern id="VTR:StopPointInJourneyPattern:1134291" version="55929" order="11">
                  <ScheduledStopPointRef ref="VTR:ScheduledStopPoint:114898"/>
                  <DestinationDisplayRef ref="VTR:DestinationDisplay:1"/>
                </StopPointInJourneyPattern>
                <StopPointInJourneyPattern id="VTR:StopPointInJourneyPattern:1134292" version="55929" order="12">
                  <ScheduledStopPointRef ref="VTR:ScheduledStopPoint:114899"/>
                  <DestinationDisplayRef ref="VTR:DestinationDisplay:1"/>
                </StopPointInJourneyPattern>
                <StopPointInJourneyPattern id="VTR:StopPointInJourneyPattern:1134293" version="55929" order="13">
                  <ScheduledStopPointRef ref="VTR:ScheduledStopPoint:114900"/>
                  <DestinationDisplayRef ref="VTR:DestinationDisplay:1"/>
                </StopPointInJourneyPattern>
                <StopPointInJourneyPattern id="VTR:StopPointInJourneyPattern:1134294" version="55929" order="14">
                  <ScheduledStopPointRef ref="VTR:ScheduledStopPoint:114901"/>
                  <DestinationDisplayRef ref="VTR:DestinationDisplay:1"/>
                </StopPointInJourneyPattern>
                <StopPointInJourneyPattern id="VTR:StopPointInJourneyPattern:1134295" version="55929" order="15">
                  <ScheduledStopPointRef ref="VTR:ScheduledStopPoint:114902"/>
                  <DestinationDisplayRef ref="VTR:DestinationDisplay:1"/>
                </StopPointInJourneyPattern>
                <StopPointInJourneyPattern id="VTR:StopPointInJourneyPattern:1134296" version="55929" order="16">
                  <ScheduledStopPointRef ref="VTR:ScheduledStopPoint:114903"/>
                  <DestinationDisplayRef ref="VTR:DestinationDisplay:1"/>
                </StopPointInJourneyPattern>
              </pointsInSequence>
            </JourneyPattern>
            <JourneyPattern id="VTR:JourneyPattern:55893" version="3095102">
              <Name>2</Name>
              <RouteRef ref="VTR:Route:6842" version="1"/>
              <pointsInSequence>
                <StopPointInJourneyPattern id="VTR:StopPointInJourneyPattern:107232536" version="3095102" order="1">
                  <ScheduledStopPointRef ref="VTR:ScheduledStopPoint:114888"/>
                  <DestinationDisplayRef ref="VTR:DestinationDisplay:1"/>
                </StopPointInJourneyPattern>
                <StopPointInJourneyPattern id="VTR:StopPointInJourneyPattern:107232537" version="3095102" order="2">
                  <ScheduledStopPointRef ref="VTR:ScheduledStopPoint:114889"/>
                  <DestinationDisplayRef ref="VTR:DestinationDisplay:1"/>
                </StopPointInJourneyPattern>
                <StopPointInJourneyPattern id="VTR:StopPointInJourneyPattern:107232538" version="3095102" order="3">
                  <ScheduledStopPointRef ref="VTR:ScheduledStopPoint:114890"/>
                  <DestinationDisplayRef ref="VTR:DestinationDisplay:1"/>
                </StopPointInJourneyPattern>
                <StopPointInJourneyPattern id="VTR:StopPointInJourneyPattern:107232539" version="3095102" order="4">
                  <ScheduledStopPointRef ref="VTR:ScheduledStopPoint:114891"/>
                  <DestinationDisplayRef ref="VTR:DestinationDisplay:1"/>
                </StopPointInJourneyPattern>
                <StopPointInJourneyPattern id="VTR:StopPointInJourneyPattern:107232540" version="3095102" order="5">
                  <ScheduledStopPointRef ref="VTR:ScheduledStopPoint:114892"/>
                  <DestinationDisplayRef ref="VTR:DestinationDisplay:1"/>
                </StopPointInJourneyPattern>
                <StopPointInJourneyPattern id="VTR:StopPointInJourneyPattern:107232541" version="3095102" order="6">
                  <ScheduledStopPointRef ref="VTR:ScheduledStopPoint:114893"/>
                  <DestinationDisplayRef ref="VTR:DestinationDisplay:1"/>
                </StopPointInJourneyPattern>
                <StopPointInJourneyPattern id="VTR:StopPointInJourneyPattern:107232542" version="3095102" order="7">
                  <ScheduledStopPointRef ref="VTR:ScheduledStopPoint:114894"/>
                  <DestinationDisplayRef ref="VTR:DestinationDisplay:1"/>
                </StopPointInJourneyPattern>
                <StopPointInJourneyPattern id="VTR:StopPointInJourneyPattern:107232543" version="3095102" order="8">
                  <ScheduledStopPointRef ref="VTR:ScheduledStopPoint:114895"/>
                  <DestinationDisplayRef ref="VTR:DestinationDisplay:1"/>
                </StopPointInJourneyPattern>
                <StopPointInJourneyPattern id="VTR:StopPointInJourneyPattern:107232544" version="3095102" order="9">
                  <ScheduledStopPointRef ref="VTR:ScheduledStopPoint:114896"/>
                  <DestinationDisplayRef ref="VTR:DestinationDisplay:1"/>
                </StopPointInJourneyPattern>
                <StopPointInJourneyPattern id="VTR:StopPointInJourneyPattern:107232545" version="3095102" order="10">
                  <ScheduledStopPointRef ref="VTR:ScheduledStopPoint:114897"/>
                  <DestinationDisplayRef ref="VTR:DestinationDisplay:1"/>
                </StopPointInJourneyPattern>
                <StopPointInJourneyPattern id="VTR:StopPointInJourneyPattern:107232546" version="3095102" order="11">
                  <ScheduledStopPointRef ref="VTR:ScheduledStopPoint:114898"/>
                  <DestinationDisplayRef ref="VTR:DestinationDisplay:1"/>
                </StopPointInJourneyPattern>
                <StopPointInJourneyPattern id="VTR:StopPointInJourneyPattern:107232547" version="3095102" order="12">
                  <ScheduledStopPointRef ref="VTR:ScheduledStopPoint:114899"/>
                  <DestinationDisplayRef ref="VTR:DestinationDisplay:1"/>
                </StopPointInJourneyPattern>
                <StopPointInJourneyPattern id="VTR:StopPointInJourneyPattern:107232548" version="3095102" order="13">
                  <ScheduledStopPointRef ref="VTR:ScheduledStopPoint:114900"/>
                  <DestinationDisplayRef ref="VTR:DestinationDisplay:1"/>
                </StopPointInJourneyPattern>
                <StopPointInJourneyPattern id="VTR:StopPointInJourneyPattern:107232549" version="3095102" order="14">
                  <ScheduledStopPointRef ref="VTR:ScheduledStopPoint:114901"/>
                  <DestinationDisplayRef ref="VTR:DestinationDisplay:1"/>
                </StopPointInJourneyPattern>
                <StopPointInJourneyPattern id="VTR:StopPointInJourneyPattern:107232550" version="3095102" order="15">
                  <ScheduledStopPointRef ref="VTR:ScheduledStopPoint:114902"/>
                  <DestinationDisplayRef ref="VTR:DestinationDisplay:1"/>
                </StopPointInJourneyPattern>
                <StopPointInJourneyPattern id="VTR:StopPointInJourneyPattern:107232551" version="3095102" order="16">
                  <ScheduledStopPointRef ref="VTR:ScheduledStopPoint:114903"/>
                  <DestinationDisplayRef ref="VTR:DestinationDisplay:1"/>
                </StopPointInJourneyPattern>
              </pointsInSequence>
            </JourneyPattern>
          </journeyPatterns>
        </ServiceFrame>
        <TimetableFrame version="1" id="VTR:TimetableFrame:1374">
          <vehicleJourneys>
            <ServiceJourney version="3095102" id="VTR:ServiceJourney:55893">
              <Name>Radviliškis - Riaubai - Radviliškis</Name>
              <PrivateCode>2</PrivateCode>
              <dayTypes>
                <DayTypeRef ref="VTR:DayType:2212"/>
              </dayTypes>
              <JourneyPatternRef version="3095102" ref="VTR:JourneyPattern:55893"/>
              <OperatorRef ref="VTR:Operator:455"/>
              <LineRef ref="VTR:Line:2653" version="2708"/>
              <passingTimes>
                <TimetabledPassingTime version="3095102" id="VTR:TimetabledPassingTime:55893_1134281_1">
                  <StopPointInJourneyPatternRef ref="VTR:StopPointInJourneyPattern:1134281" version="3095102"/>
                  <DepartureTime>13:26:00</DepartureTime>
                  <DepartureDayOffset>0</DepartureDayOffset>
                </TimetabledPassingTime>
                <TimetabledPassingTime version="3095102" id="VTR:TimetabledPassingTime:55893_107232536_1">
                  <StopPointInJourneyPatternRef ref="VTR:StopPointInJourneyPattern:107232536" version="3095102"/>
                  <DepartureTime>13:26:00</DepartureTime>
                  <DepartureDayOffset>0</DepartureDayOffset>
                </TimetabledPassingTime>
                <TimetabledPassingTime version="3095102" id="VTR:TimetabledPassingTime:55893_1134282_2">
                  <StopPointInJourneyPatternRef ref="VTR:StopPointInJourneyPattern:1134282" version="3095102"/>
                  <DepartureTime>13:30:00</DepartureTime>
                  <DepartureDayOffset>0</DepartureDayOffset>
                </TimetabledPassingTime>
                <TimetabledPassingTime version="3095102" id="VTR:TimetabledPassingTime:55893_107232537_2">
                  <StopPointInJourneyPatternRef ref="VTR:StopPointInJourneyPattern:107232537" version="3095102"/>
                  <DepartureTime>13:33:00</DepartureTime>
                  <DepartureDayOffset>0</DepartureDayOffset>
                </TimetabledPassingTime>
                <TimetabledPassingTime version="3095102" id="VTR:TimetabledPassingTime:55893_1134283_3">
                  <StopPointInJourneyPatternRef ref="VTR:StopPointInJourneyPattern:1134283" version="3095102"/>
                  <DepartureTime>13:36:00</DepartureTime>
                  <DepartureDayOffset>0</DepartureDayOffset>
                </TimetabledPassingTime>
                <TimetabledPassingTime version="3095102" id="VTR:TimetabledPassingTime:55893_107232538_3">
                  <StopPointInJourneyPatternRef ref="VTR:StopPointInJourneyPattern:107232538" version="3095102"/>
                  <DepartureTime>13:36:00</DepartureTime>
                  <DepartureDayOffset>0</DepartureDayOffset>
                </TimetabledPassingTime>
                <TimetabledPassingTime version="3095102" id="VTR:TimetabledPassingTime:55893_1134284_4">
                  <StopPointInJourneyPatternRef ref="VTR:StopPointInJourneyPattern:1134284" version="3095102"/>
                  <DepartureTime>13:38:00</DepartureTime>
                  <DepartureDayOffset>0</DepartureDayOffset>
                </TimetabledPassingTime>
                <TimetabledPassingTime version="3095102" id="VTR:TimetabledPassingTime:55893_107232539_4">
                  <StopPointInJourneyPatternRef ref="VTR:StopPointInJourneyPattern:107232539" version="3095102"/>
                  <DepartureTime>13:38:00</DepartureTime>
                  <DepartureDayOffset>0</DepartureDayOffset>
                </TimetabledPassingTime>
                <TimetabledPassingTime version="3095102" id="VTR:TimetabledPassingTime:55893_1134285_5">
                  <StopPointInJourneyPatternRef ref="VTR:StopPointInJourneyPattern:1134285" version="3095102"/>
                  <DepartureTime>13:40:00</DepartureTime>
                  <DepartureDayOffset>0</DepartureDayOffset>
                </TimetabledPassingTime>
                <TimetabledPassingTime version="3095102" id="VTR:TimetabledPassingTime:55893_107232540_5">
                  <StopPointInJourneyPatternRef ref="VTR:StopPointInJourneyPattern:107232540" version="3095102"/>
                  <DepartureTime>13:40:00</DepartureTime>
                  <DepartureDayOffset>0</DepartureDayOffset>
                </TimetabledPassingTime>
                <TimetabledPassingTime version="3095102" id="VTR:TimetabledPassingTime:55893_1134286_6">
                  <StopPointInJourneyPatternRef ref="VTR:StopPointInJourneyPattern:1134286" version="3095102"/>
                  <DepartureTime>13:42:00</DepartureTime>
                  <DepartureDayOffset>0</DepartureDayOffset>
                </TimetabledPassingTime>
                <TimetabledPassingTime version="3095102" id="VTR:TimetabledPassingTime:55893_107232541_6">
                  <StopPointInJourneyPatternRef ref="VTR:StopPointInJourneyPattern:107232541" version="3095102"/>
                  <DepartureTime>13:42:00</DepartureTime>
                  <DepartureDayOffset>0</DepartureDayOffset>
                </TimetabledPassingTime>
                <TimetabledPassingTime version="3095102" id="VTR:TimetabledPassingTime:55893_107232542_7">
                  <StopPointInJourneyPatternRef ref="VTR:StopPointInJourneyPattern:107232542" version="3095102"/>
                  <DepartureTime>13:45:00</DepartureTime>
                  <DepartureDayOffset>0</DepartureDayOffset>
                </TimetabledPassingTime>
                <TimetabledPassingTime version="3095102" id="VTR:TimetabledPassingTime:55893_1134287_7">
                  <StopPointInJourneyPatternRef ref="VTR:StopPointInJourneyPattern:1134287" version="3095102"/>
                  <DepartureTime>13:45:00</DepartureTime>
                  <DepartureDayOffset>0</DepartureDayOffset>
                </TimetabledPassingTime>
                <TimetabledPassingTime version="3095102" id="VTR:TimetabledPassingTime:55893_1134288_8">
                  <StopPointInJourneyPatternRef ref="VTR:StopPointInJourneyPattern:1134288" version="3095102"/>
                  <DepartureTime>13:53:00</DepartureTime>
                  <DepartureDayOffset>0</DepartureDayOffset>
                </TimetabledPassingTime>
                <TimetabledPassingTime version="3095102" id="VTR:TimetabledPassingTime:55893_107232543_8">
                  <StopPointInJourneyPatternRef ref="VTR:StopPointInJourneyPattern:107232543" version="3095102"/>
                  <DepartureTime>13:53:00</DepartureTime>
                  <DepartureDayOffset>0</DepartureDayOffset>
                </TimetabledPassingTime>
                <TimetabledPassingTime version="3095102" id="VTR:TimetabledPassingTime:55893_1134289_9">
                  <StopPointInJourneyPatternRef ref="VTR:StopPointInJourneyPattern:1134289" version="3095102"/>
                  <DepartureTime>13:56:00</DepartureTime>
                  <DepartureDayOffset>0</DepartureDayOffset>
                </TimetabledPassingTime>
                <TimetabledPassingTime version="3095102" id="VTR:TimetabledPassingTime:55893_107232544_9">
                  <StopPointInJourneyPatternRef ref="VTR:StopPointInJourneyPattern:107232544" version="3095102"/>
                  <DepartureTime>13:56:00</DepartureTime>
                  <DepartureDayOffset>0</DepartureDayOffset>
                </TimetabledPassingTime>
                <TimetabledPassingTime version="3095102" id="VTR:TimetabledPassingTime:55893_1134290_10">
                  <StopPointInJourneyPatternRef ref="VTR:StopPointInJourneyPattern:1134290" version="3095102"/>
                  <DepartureTime>13:59:00</DepartureTime>
                  <DepartureDayOffset>0</DepartureDayOffset>
                </TimetabledPassingTime>
                <TimetabledPassingTime version="3095102" id="VTR:TimetabledPassingTime:55893_107232545_10">
                  <StopPointInJourneyPatternRef ref="VTR:StopPointInJourneyPattern:107232545" version="3095102"/>
                  <DepartureTime>13:59:00</DepartureTime>
                  <DepartureDayOffset>0</DepartureDayOffset>
                </TimetabledPassingTime>
                <TimetabledPassingTime version="3095102" id="VTR:TimetabledPassingTime:55893_107232546_11">
                  <StopPointInJourneyPatternRef ref="VTR:StopPointInJourneyPattern:107232546" version="3095102"/>
                  <DepartureTime>14:01:00</DepartureTime>
                  <DepartureDayOffset>0</DepartureDayOffset>
                </TimetabledPassingTime>
                <TimetabledPassingTime version="3095102" id="VTR:TimetabledPassingTime:55893_1134291_11">
                  <StopPointInJourneyPatternRef ref="VTR:StopPointInJourneyPattern:1134291" version="3095102"/>
                  <DepartureTime>14:01:00</DepartureTime>
                  <DepartureDayOffset>0</DepartureDayOffset>
                </TimetabledPassingTime>
                <TimetabledPassingTime version="3095102" id="VTR:TimetabledPassingTime:55893_1134292_12">
                  <StopPointInJourneyPatternRef ref="VTR:StopPointInJourneyPattern:1134292" version="3095102"/>
                  <DepartureTime>14:03:00</DepartureTime>
                  <DepartureDayOffset>0</DepartureDayOffset>
                </TimetabledPassingTime>
                <TimetabledPassingTime version="3095102" id="VTR:TimetabledPassingTime:55893_107232547_12">
                  <StopPointInJourneyPatternRef ref="VTR:StopPointInJourneyPattern:107232547" version="3095102"/>
                  <DepartureTime>14:03:00</DepartureTime>
                  <DepartureDayOffset>0</DepartureDayOffset>
                </TimetabledPassingTime>
                <TimetabledPassingTime version="3095102" id="VTR:TimetabledPassingTime:55893_1134293_13">
                  <StopPointInJourneyPatternRef ref="VTR:StopPointInJourneyPattern:1134293" version="3095102"/>
                  <DepartureTime>14:05:00</DepartureTime>
                  <DepartureDayOffset>0</DepartureDayOffset>
                </TimetabledPassingTime>
                <TimetabledPassingTime version="3095102" id="VTR:TimetabledPassingTime:55893_107232548_13">
                  <StopPointInJourneyPatternRef ref="VTR:StopPointInJourneyPattern:107232548" version="3095102"/>
                  <DepartureTime>14:05:00</DepartureTime>
                  <DepartureDayOffset>0</DepartureDayOffset>
                </TimetabledPassingTime>
                <TimetabledPassingTime version="3095102" id="VTR:TimetabledPassingTime:55893_1134294_14">
                  <StopPointInJourneyPatternRef ref="VTR:StopPointInJourneyPattern:1134294" version="3095102"/>
                  <DepartureTime>14:06:00</DepartureTime>
                  <DepartureDayOffset>0</DepartureDayOffset>
                </TimetabledPassingTime>
                <TimetabledPassingTime version="3095102" id="VTR:TimetabledPassingTime:55893_107232549_14">
                  <StopPointInJourneyPatternRef ref="VTR:StopPointInJourneyPattern:107232549" version="3095102"/>
                  <DepartureTime>14:06:00</DepartureTime>
                  <DepartureDayOffset>0</DepartureDayOffset>
                </TimetabledPassingTime>
                <TimetabledPassingTime version="3095102" id="VTR:TimetabledPassingTime:55893_1134295_15">
                  <StopPointInJourneyPatternRef ref="VTR:StopPointInJourneyPattern:1134295" version="3095102"/>
                  <DepartureTime>14:09:00</DepartureTime>
                  <DepartureDayOffset>0</DepartureDayOffset>
                </TimetabledPassingTime>
                <TimetabledPassingTime version="3095102" id="VTR:TimetabledPassingTime:55893_107232550_15">
                  <StopPointInJourneyPatternRef ref="VTR:StopPointInJourneyPattern:107232550" version="3095102"/>
                  <DepartureTime>14:09:00</DepartureTime>
                  <DepartureDayOffset>0</DepartureDayOffset>
                </TimetabledPassingTime>
                <TimetabledPassingTime version="3095102" id="VTR:TimetabledPassingTime:55893_107232551_16">
                  <StopPointInJourneyPatternRef ref="VTR:StopPointInJourneyPattern:107232551" version="3095102"/>
                  <DepartureTime>14:10:00</DepartureTime>
                  <DepartureDayOffset>0</DepartureDayOffset>
                </TimetabledPassingTime>
                <TimetabledPassingTime version="3095102" id="VTR:TimetabledPassingTime:55893_1134296_16">
                  <StopPointInJourneyPatternRef ref="VTR:StopPointInJourneyPattern:1134296" version="3095102"/>
                  <DepartureTime>14:10:00</DepartureTime>
                  <DepartureDayOffset>0</DepartureDayOffset>
                </TimetabledPassingTime>
              </passingTimes>
            </ServiceJourney>
            <ServiceJourney version="55929" id="VTR:ServiceJourney:55893">
              <Name>Radviliškis - Riaubai - Radviliškis</Name>
              <PrivateCode>2</PrivateCode>
              <dayTypes>
                <DayTypeRef ref="VTR:DayType:7547"/>
              </dayTypes>
              <JourneyPatternRef version="55929" ref="VTR:JourneyPattern:55893"/>
              <OperatorRef ref="VTR:Operator:455"/>
              <LineRef ref="VTR:Line:2653" version="2708"/>
              <passingTimes>
                <TimetabledPassingTime version="55929" id="VTR:TimetabledPassingTime:55893_1134281_1">
                  <StopPointInJourneyPatternRef ref="VTR:StopPointInJourneyPattern:1134281" version="55929"/>
                  <DepartureTime>13:26:00</DepartureTime>
                  <DepartureDayOffset>0</DepartureDayOffset>
                </TimetabledPassingTime>
                <TimetabledPassingTime version="55929" id="VTR:TimetabledPassingTime:55893_107232536_1">
                  <StopPointInJourneyPatternRef ref="VTR:StopPointInJourneyPattern:107232536" version="55929"/>
                  <DepartureTime>13:26:00</DepartureTime>
                  <DepartureDayOffset>0</DepartureDayOffset>
                </TimetabledPassingTime>
                <TimetabledPassingTime version="55929" id="VTR:TimetabledPassingTime:55893_1134282_2">
                  <StopPointInJourneyPatternRef ref="VTR:StopPointInJourneyPattern:1134282" version="55929"/>
                  <DepartureTime>13:30:00</DepartureTime>
                  <DepartureDayOffset>0</DepartureDayOffset>
                </TimetabledPassingTime>
                <TimetabledPassingTime version="55929" id="VTR:TimetabledPassingTime:55893_107232537_2">
                  <StopPointInJourneyPatternRef ref="VTR:StopPointInJourneyPattern:107232537" version="55929"/>
                  <DepartureTime>13:33:00</DepartureTime>
                  <DepartureDayOffset>0</DepartureDayOffset>
                </TimetabledPassingTime>
                <TimetabledPassingTime version="55929" id="VTR:TimetabledPassingTime:55893_1134283_3">
                  <StopPointInJourneyPatternRef ref="VTR:StopPointInJourneyPattern:1134283" version="55929"/>
                  <DepartureTime>13:36:00</DepartureTime>
                  <DepartureDayOffset>0</DepartureDayOffset>
                </TimetabledPassingTime>
                <TimetabledPassingTime version="55929" id="VTR:TimetabledPassingTime:55893_107232538_3">
                  <StopPointInJourneyPatternRef ref="VTR:StopPointInJourneyPattern:107232538" version="55929"/>
                  <DepartureTime>13:36:00</DepartureTime>
                  <DepartureDayOffset>0</DepartureDayOffset>
                </TimetabledPassingTime>
                <TimetabledPassingTime version="55929" id="VTR:TimetabledPassingTime:55893_1134284_4">
                  <StopPointInJourneyPatternRef ref="VTR:StopPointInJourneyPattern:1134284" version="55929"/>
                  <DepartureTime>13:38:00</DepartureTime>
                  <DepartureDayOffset>0</DepartureDayOffset>
                </TimetabledPassingTime>
                <TimetabledPassingTime version="55929" id="VTR:TimetabledPassingTime:55893_107232539_4">
                  <StopPointInJourneyPatternRef ref="VTR:StopPointInJourneyPattern:107232539" version="55929"/>
                  <DepartureTime>13:38:00</DepartureTime>
                  <DepartureDayOffset>0</DepartureDayOffset>
                </TimetabledPassingTime>
                <TimetabledPassingTime version="55929" id="VTR:TimetabledPassingTime:55893_1134285_5">
                  <StopPointInJourneyPatternRef ref="VTR:StopPointInJourneyPattern:1134285" version="55929"/>
                  <DepartureTime>13:40:00</DepartureTime>
                  <DepartureDayOffset>0</DepartureDayOffset>
                </TimetabledPassingTime>
                <TimetabledPassingTime version="55929" id="VTR:TimetabledPassingTime:55893_107232540_5">
                  <StopPointInJourneyPatternRef ref="VTR:StopPointInJourneyPattern:107232540" version="55929"/>
                  <DepartureTime>13:40:00</DepartureTime>
                  <DepartureDayOffset>0</DepartureDayOffset>
                </TimetabledPassingTime>
                <TimetabledPassingTime version="55929" id="VTR:TimetabledPassingTime:55893_107232541_6">
                  <StopPointInJourneyPatternRef ref="VTR:StopPointInJourneyPattern:107232541" version="55929"/>
                  <DepartureTime>13:42:00</DepartureTime>
                  <DepartureDayOffset>0</DepartureDayOffset>
                </TimetabledPassingTime>
                <TimetabledPassingTime version="55929" id="VTR:TimetabledPassingTime:55893_1134286_6">
                  <StopPointInJourneyPatternRef ref="VTR:StopPointInJourneyPattern:1134286" version="55929"/>
                  <DepartureTime>13:42:00</DepartureTime>
                  <DepartureDayOffset>0</DepartureDayOffset>
                </TimetabledPassingTime>
                <TimetabledPassingTime version="55929" id="VTR:TimetabledPassingTime:55893_107232542_7">
                  <StopPointInJourneyPatternRef ref="VTR:StopPointInJourneyPattern:107232542" version="55929"/>
                  <DepartureTime>13:45:00</DepartureTime>
                  <DepartureDayOffset>0</DepartureDayOffset>
                </TimetabledPassingTime>
                <TimetabledPassingTime version="55929" id="VTR:TimetabledPassingTime:55893_1134287_7">
                  <StopPointInJourneyPatternRef ref="VTR:StopPointInJourneyPattern:1134287" version="55929"/>
                  <DepartureTime>13:45:00</DepartureTime>
                  <DepartureDayOffset>0</DepartureDayOffset>
                </TimetabledPassingTime>
                <TimetabledPassingTime version="55929" id="VTR:TimetabledPassingTime:55893_1134288_8">
                  <StopPointInJourneyPatternRef ref="VTR:StopPointInJourneyPattern:1134288" version="55929"/>
                  <DepartureTime>13:53:00</DepartureTime>
                  <DepartureDayOffset>0</DepartureDayOffset>
                </TimetabledPassingTime>
                <TimetabledPassingTime version="55929" id="VTR:TimetabledPassingTime:55893_107232543_8">
                  <StopPointInJourneyPatternRef ref="VTR:StopPointInJourneyPattern:107232543" version="55929"/>
                  <DepartureTime>13:53:00</DepartureTime>
                  <DepartureDayOffset>0</DepartureDayOffset>
                </TimetabledPassingTime>
                <TimetabledPassingTime version="55929" id="VTR:TimetabledPassingTime:55893_107232544_9">
                  <StopPointInJourneyPatternRef ref="VTR:StopPointInJourneyPattern:107232544" version="55929"/>
                  <DepartureTime>13:56:00</DepartureTime>
                  <DepartureDayOffset>0</DepartureDayOffset>
                </TimetabledPassingTime>
                <TimetabledPassingTime version="55929" id="VTR:TimetabledPassingTime:55893_1134289_9">
                  <StopPointInJourneyPatternRef ref="VTR:StopPointInJourneyPattern:1134289" version="55929"/>
                  <DepartureTime>13:56:00</DepartureTime>
                  <DepartureDayOffset>0</DepartureDayOffset>
                </TimetabledPassingTime>
                <TimetabledPassingTime version="55929" id="VTR:TimetabledPassingTime:55893_1134290_10">
                  <StopPointInJourneyPatternRef ref="VTR:StopPointInJourneyPattern:1134290" version="55929"/>
                  <DepartureTime>13:59:00</DepartureTime>
                  <DepartureDayOffset>0</DepartureDayOffset>
                </TimetabledPassingTime>
                <TimetabledPassingTime version="55929" id="VTR:TimetabledPassingTime:55893_107232545_10">
                  <StopPointInJourneyPatternRef ref="VTR:StopPointInJourneyPattern:107232545" version="55929"/>
                  <DepartureTime>13:59:00</DepartureTime>
                  <DepartureDayOffset>0</DepartureDayOffset>
                </TimetabledPassingTime>
                <TimetabledPassingTime version="55929" id="VTR:TimetabledPassingTime:55893_107232546_11">
                  <StopPointInJourneyPatternRef ref="VTR:StopPointInJourneyPattern:107232546" version="55929"/>
                  <DepartureTime>14:01:00</DepartureTime>
                  <DepartureDayOffset>0</DepartureDayOffset>
                </TimetabledPassingTime>
                <TimetabledPassingTime version="55929" id="VTR:TimetabledPassingTime:55893_1134291_11">
                  <StopPointInJourneyPatternRef ref="VTR:StopPointInJourneyPattern:1134291" version="55929"/>
                  <DepartureTime>14:01:00</DepartureTime>
                  <DepartureDayOffset>0</DepartureDayOffset>
                </TimetabledPassingTime>
                <TimetabledPassingTime version="55929" id="VTR:TimetabledPassingTime:55893_107232547_12">
                  <StopPointInJourneyPatternRef ref="VTR:StopPointInJourneyPattern:107232547" version="55929"/>
                  <DepartureTime>14:03:00</DepartureTime>
                  <DepartureDayOffset>0</DepartureDayOffset>
                </TimetabledPassingTime>
                <TimetabledPassingTime version="55929" id="VTR:TimetabledPassingTime:55893_1134292_12">
                  <StopPointInJourneyPatternRef ref="VTR:StopPointInJourneyPattern:1134292" version="55929"/>
                  <DepartureTime>14:03:00</DepartureTime>
                  <DepartureDayOffset>0</DepartureDayOffset>
                </TimetabledPassingTime>
                <TimetabledPassingTime version="55929" id="VTR:TimetabledPassingTime:55893_1134293_13">
                  <StopPointInJourneyPatternRef ref="VTR:StopPointInJourneyPattern:1134293" version="55929"/>
                  <DepartureTime>14:05:00</DepartureTime>
                  <DepartureDayOffset>0</DepartureDayOffset>
                </TimetabledPassingTime>
                <TimetabledPassingTime version="55929" id="VTR:TimetabledPassingTime:55893_107232548_13">
                  <StopPointInJourneyPatternRef ref="VTR:StopPointInJourneyPattern:107232548" version="55929"/>
                  <DepartureTime>14:05:00</DepartureTime>
                  <DepartureDayOffset>0</DepartureDayOffset>
                </TimetabledPassingTime>
                <TimetabledPassingTime version="55929" id="VTR:TimetabledPassingTime:55893_107232549_14">
                  <StopPointInJourneyPatternRef ref="VTR:StopPointInJourneyPattern:107232549" version="55929"/>
                  <DepartureTime>14:06:00</DepartureTime>
                  <DepartureDayOffset>0</DepartureDayOffset>
                </TimetabledPassingTime>
                <TimetabledPassingTime version="55929" id="VTR:TimetabledPassingTime:55893_1134294_14">
                  <StopPointInJourneyPatternRef ref="VTR:StopPointInJourneyPattern:1134294" version="55929"/>
                  <DepartureTime>14:06:00</DepartureTime>
                  <DepartureDayOffset>0</DepartureDayOffset>
                </TimetabledPassingTime>
                <TimetabledPassingTime version="55929" id="VTR:TimetabledPassingTime:55893_1134295_15">
                  <StopPointInJourneyPatternRef ref="VTR:StopPointInJourneyPattern:1134295" version="55929"/>
                  <DepartureTime>14:09:00</DepartureTime>
                  <DepartureDayOffset>0</DepartureDayOffset>
                </TimetabledPassingTime>
                <TimetabledPassingTime version="55929" id="VTR:TimetabledPassingTime:55893_107232550_15">
                  <StopPointInJourneyPatternRef ref="VTR:StopPointInJourneyPattern:107232550" version="55929"/>
                  <DepartureTime>14:09:00</DepartureTime>
                  <DepartureDayOffset>0</DepartureDayOffset>
                </TimetabledPassingTime>
                <TimetabledPassingTime version="55929" id="VTR:TimetabledPassingTime:55893_1134296_16">
                  <StopPointInJourneyPatternRef ref="VTR:StopPointInJourneyPattern:1134296" version="55929"/>
                  <DepartureTime>14:10:00</DepartureTime>
                  <DepartureDayOffset>0</DepartureDayOffset>
                </TimetabledPassingTime>
                <TimetabledPassingTime version="55929" id="VTR:TimetabledPassingTime:55893_107232551_16">
                  <StopPointInJourneyPatternRef ref="VTR:StopPointInJourneyPattern:107232551" version="55929"/>
                  <DepartureTime>14:10:00</DepartureTime>
                  <DepartureDayOffset>0</DepartureDayOffset>
                </TimetabledPassingTime>
              </passingTimes>
            </ServiceJourney>
            <ServiceJourney version="55927" id="VTR:ServiceJourney:55891">
              <Name>Radviliškis - Riaubai - Radviliškis</Name>
              <PrivateCode>1</PrivateCode>
              <dayTypes>
                <DayTypeRef ref="VTR:DayType:2212"/>
              </dayTypes>
              <JourneyPatternRef version="55927" ref="VTR:JourneyPattern:55891"/>
              <OperatorRef ref="VTR:Operator:455"/>
              <LineRef ref="VTR:Line:2653" version="2708"/>
              <passingTimes>
                <TimetabledPassingTime version="55927" id="VTR:TimetabledPassingTime:55891_1134250_1">
                  <StopPointInJourneyPatternRef ref="VTR:StopPointInJourneyPattern:1134250" version="55927"/>
                  <DepartureTime>07:40:00</DepartureTime>
                  <DepartureDayOffset>0</DepartureDayOffset>
                </TimetabledPassingTime>
                <TimetabledPassingTime version="55927" id="VTR:TimetabledPassingTime:55891_1134251_2">
                  <StopPointInJourneyPatternRef ref="VTR:StopPointInJourneyPattern:1134251" version="55927"/>
                  <DepartureTime>07:44:00</DepartureTime>
                  <DepartureDayOffset>0</DepartureDayOffset>
                </TimetabledPassingTime>
                <TimetabledPassingTime version="55927" id="VTR:TimetabledPassingTime:55891_1134252_3">
                  <StopPointInJourneyPatternRef ref="VTR:StopPointInJourneyPattern:1134252" version="55927"/>
                  <DepartureTime>07:46:00</DepartureTime>
                  <DepartureDayOffset>0</DepartureDayOffset>
                </TimetabledPassingTime>
                <TimetabledPassingTime version="55927" id="VTR:TimetabledPassingTime:55891_1134253_4">
                  <StopPointInJourneyPatternRef ref="VTR:StopPointInJourneyPattern:1134253" version="55927"/>
                  <DepartureTime>07:48:00</DepartureTime>
                  <DepartureDayOffset>0</DepartureDayOffset>
                </TimetabledPassingTime>
                <TimetabledPassingTime version="55927" id="VTR:TimetabledPassingTime:55891_1134254_5">
                  <StopPointInJourneyPatternRef ref="VTR:StopPointInJourneyPattern:1134254" version="55927"/>
                  <DepartureTime>07:50:00</DepartureTime>
                  <DepartureDayOffset>0</DepartureDayOffset>
                </TimetabledPassingTime>
                <TimetabledPassingTime version="55927" id="VTR:TimetabledPassingTime:55891_1134255_6">
                  <StopPointInJourneyPatternRef ref="VTR:StopPointInJourneyPattern:1134255" version="55927"/>
                  <DepartureTime>07:52:00</DepartureTime>
                  <DepartureDayOffset>0</DepartureDayOffset>
                </TimetabledPassingTime>
                <TimetabledPassingTime version="55927" id="VTR:TimetabledPassingTime:55891_1134256_7">
                  <StopPointInJourneyPatternRef ref="VTR:StopPointInJourneyPattern:1134256" version="55927"/>
                  <DepartureTime>07:55:00</DepartureTime>
                  <DepartureDayOffset>0</DepartureDayOffset>
                </TimetabledPassingTime>
                <TimetabledPassingTime version="55927" id="VTR:TimetabledPassingTime:55891_1134257_8">
                  <StopPointInJourneyPatternRef ref="VTR:StopPointInJourneyPattern:1134257" version="55927"/>
                  <DepartureTime>07:58:00</DepartureTime>
                  <DepartureDayOffset>0</DepartureDayOffset>
                </TimetabledPassingTime>
                <TimetabledPassingTime version="55927" id="VTR:TimetabledPassingTime:55891_1134258_9">
                  <StopPointInJourneyPatternRef ref="VTR:StopPointInJourneyPattern:1134258" version="55927"/>
                  <DepartureTime>08:01:00</DepartureTime>
                  <DepartureDayOffset>0</DepartureDayOffset>
                </TimetabledPassingTime>
                <TimetabledPassingTime version="55927" id="VTR:TimetabledPassingTime:55891_1134259_10">
                  <StopPointInJourneyPatternRef ref="VTR:StopPointInJourneyPattern:1134259" version="55927"/>
                  <DepartureTime>08:04:00</DepartureTime>
                  <DepartureDayOffset>0</DepartureDayOffset>
                </TimetabledPassingTime>
                <TimetabledPassingTime version="55927" id="VTR:TimetabledPassingTime:55891_1134260_11">
                  <StopPointInJourneyPatternRef ref="VTR:StopPointInJourneyPattern:1134260" version="55927"/>
                  <DepartureTime>08:06:00</DepartureTime>
                  <DepartureDayOffset>0</DepartureDayOffset>
                </TimetabledPassingTime>
                <TimetabledPassingTime version="55927" id="VTR:TimetabledPassingTime:55891_1134261_12">
                  <StopPointInJourneyPatternRef ref="VTR:StopPointInJourneyPattern:1134261" version="55927"/>
                  <DepartureTime>08:10:00</DepartureTime>
                  <DepartureDayOffset>0</DepartureDayOffset>
                </TimetabledPassingTime>
                <TimetabledPassingTime version="55927" id="VTR:TimetabledPassingTime:55891_1134262_13">
                  <StopPointInJourneyPatternRef ref="VTR:StopPointInJourneyPattern:1134262" version="55927"/>
                  <DepartureTime>08:12:00</DepartureTime>
                  <DepartureDayOffset>0</DepartureDayOffset>
                </TimetabledPassingTime>
                <TimetabledPassingTime version="55927" id="VTR:TimetabledPassingTime:55891_1134263_14">
                  <StopPointInJourneyPatternRef ref="VTR:StopPointInJourneyPattern:1134263" version="55927"/>
                  <DepartureTime>08:16:00</DepartureTime>
                  <DepartureDayOffset>0</DepartureDayOffset>
                </TimetabledPassingTime>
                <TimetabledPassingTime version="55927" id="VTR:TimetabledPassingTime:55891_1134264_15">
                  <StopPointInJourneyPatternRef ref="VTR:StopPointInJourneyPattern:1134264" version="55927"/>
                  <DepartureTime>08:19:00</DepartureTime>
                  <DepartureDayOffset>0</DepartureDayOffset>
                </TimetabledPassingTime>
                <TimetabledPassingTime version="55927" id="VTR:TimetabledPassingTime:55891_1134265_16">
                  <StopPointInJourneyPatternRef ref="VTR:StopPointInJourneyPattern:1134265" version="55927"/>
                  <DepartureTime>08:20:00</DepartureTime>
                  <DepartureDayOffset>0</DepartureDayOffset>
                </TimetabledPassingTime>
              </passingTimes>
            </ServiceJourney>
          </vehicleJourneys>
        </TimetableFrame>
        <ResourceFrame version="1" id="VTR:ResourceFrame:1374">
          <organisations>
            <Authority version="1" id="VTR:Authority:22">
              <CompanyNumber>71</CompanyNumber>
              <Name>Radviliškio r. sav.</Name>
              <LegalName>Radviliškio r. sav.</LegalName>
              <ContactDetails>
                <Email>emtra@splius.lt</Email>
                <Phone>8 422 50500</Phone>
                <Url>www.radviliskis.lt</Url>
              </ContactDetails>
              <OrganisationType>authority</OrganisationType>
            </Authority>
          </organisations>
        </ResourceFrame>
        <FareFrame id="VTR:FareFrame:2653" version="1">
          <FrameDefaults>
            <DefaultCurrency>EUR</DefaultCurrency>
          </FrameDefaults>
          <usageParameters>
            <RoundTrip id="VTR:RoundTrip:single" version="1">
              <Name>Single</Name>
              <TripType>single</TripType>
            </RoundTrip>
            <FrequencyOfUse id="VTR:FrequencyOfUse:once" version="1">
              <Name>Once</Name>
              <MaximalFrequency>1</MaximalFrequency>
            </FrequencyOfUse>
          </usageParameters>
          <priceGroups>
            <PriceGroup id="VTR:PriceGroup:PG01" version="1">
              <Name>Flat Fare Products - Standard</Name>
              <members>
                <FareProductPrice id="VTR:FareProductPrice:standard" version="1">
                  <Name>Single fare</Name>
                  <Amount>0.7</Amount>
                  <Currency>EUR</Currency>
                </FareProductPrice>
              </members>
            </PriceGroup>
          </priceGroups>
        </FareFrame>
      </frames>
    </CompositeFrame>
  </dataObjects>
</PublicationDelivery>
