<?xml version="1.0" encoding="UTF-8"?><PublicationDelivery xmlns="http://www.netex.org.uk/netex" xmlns:gis="http://www.opengis.net/gml/3.2" xmlns:ns2="http://www.opengis.net/gml/3.2" xmlns:ns3="http://www.siri.org.uk/siri" xmlns:xsi="http://www.w3.org/2001/XMLSchema-instance" version="1" xsi:schemaLocation="">
  <PublicationTimestamp>2022-05-07T02:45:00.260</PublicationTimestamp>
  <ParticipantRef>VTR</ParticipantRef>
  <Description>1</Description>
  <dataObjects>
    <CompositeFrame created="2022-05-07T02:45:00.260" version="1" id="VTR:CompositeFrame:1374">
      <validityConditions>
        <AvailabilityCondition version="1" id="VTR:AvailabilityCondition:1374">
          <FromDate>2015-10-08T11:54:59</FromDate>
          <ToDate>2023-03-01T02:00:00</ToDate>
        </AvailabilityCondition>
      </validityConditions>
      <codespaces>
        <Codespace id="vtr">
          <Xmlns>VTR</Xmlns>
          <XmlnsUrl>http://www.visimarsrutai.lt/</XmlnsUrl>
        </Codespace>
      </codespaces>
      <FrameDefaults>
        <DefaultLocale>
          <TimeZone>Europe/Vilnius</TimeZone>
        </DefaultLocale>
        <DefaultLocationSystem>WGS84</DefaultLocationSystem>
      </FrameDefaults>
      <frames>
        <ServiceCalendarFrame version="1" id="VTR:ServiceCalendarFrame:1374">
          <dayTypes>
            <DayType id="VTR:DayType:2030" version="1">
              <properties>
                <PropertyOfDay>
                  <DaysOfWeek>Monday Tuesday Wednesday Thursday Friday</DaysOfWeek>
                </PropertyOfDay>
              </properties>
            </DayType>
            <DayType id="VTR:DayType:2377" version="1">
              <properties>
                <PropertyOfDay>
                  <DaysOfWeek>Monday Wednesday</DaysOfWeek>
                </PropertyOfDay>
              </properties>
            </DayType>
          </dayTypes>
          <operatingPeriods>
            <OperatingPeriod version="1" id="VTR:OperatingPeriod:2030">
              <FromDate>2015-09-01T00:00:00</FromDate>
              <ToDate>2019-12-31T00:00:00</ToDate>
            </OperatingPeriod>
            <OperatingPeriod version="1" id="VTR:OperatingPeriod:2377">
              <FromDate>2018-06-18T00:00:00</FromDate>
              <ToDate>2019-12-31T00:00:00</ToDate>
            </OperatingPeriod>
          </operatingPeriods>
          <dayTypeAssignments>
            <DayTypeAssignment id="VTR:DayTypeAssignment:2030_0" version="1" order="1776">
              <OperatingPeriodRef ref="VTR:OperatingPeriod:2030" version="1"/>
              <DayTypeRef ref="VTR:DayType:2030" version="1"/>
            </DayTypeAssignment>
            <DayTypeAssignment id="VTR:DayTypeAssignment:2377_0" version="1" order="2003">
              <OperatingPeriodRef ref="VTR:OperatingPeriod:2377" version="1"/>
              <DayTypeRef ref="VTR:DayType:2377" version="1"/>
            </DayTypeAssignment>
          </dayTypeAssignments>
        </ServiceCalendarFrame>
        <ServiceFrame id="VTR:ServiceFrame:1374" version="1">
          <Network version="0" id="VTR:Network:22"/>
          <routePoints>
            <RoutePoint version="1" id="VTR:RoutePoint:1186368">
              <projections>
                <PointProjection version="1" id="VTR:PointProjection:59721">
                  <ProjectedPointRef ref="VTR:ScheduledStopPoint:1186368" version="1"/>
                </PointProjection>
              </projections>
            </RoutePoint>
            <RoutePoint version="1" id="VTR:RoutePoint:1186369">
              <projections>
                <PointProjection version="1" id="VTR:PointProjection:59722">
                  <ProjectedPointRef ref="VTR:ScheduledStopPoint:1186369" version="1"/>
                </PointProjection>
              </projections>
            </RoutePoint>
            <RoutePoint version="1" id="VTR:RoutePoint:1186370">
              <projections>
                <PointProjection version="1" id="VTR:PointProjection:59723">
                  <ProjectedPointRef ref="VTR:ScheduledStopPoint:1186370" version="1"/>
                </PointProjection>
              </projections>
            </RoutePoint>
            <RoutePoint version="1" id="VTR:RoutePoint:1186371">
              <projections>
                <PointProjection version="1" id="VTR:PointProjection:59724">
                  <ProjectedPointRef ref="VTR:ScheduledStopPoint:1186371" version="1"/>
                </PointProjection>
              </projections>
            </RoutePoint>
            <RoutePoint version="1" id="VTR:RoutePoint:1186372">
              <projections>
                <PointProjection version="1" id="VTR:PointProjection:59725">
                  <ProjectedPointRef ref="VTR:ScheduledStopPoint:1186372" version="1"/>
                </PointProjection>
              </projections>
            </RoutePoint>
            <RoutePoint version="1" id="VTR:RoutePoint:1186373">
              <projections>
                <PointProjection version="1" id="VTR:PointProjection:59726">
                  <ProjectedPointRef ref="VTR:ScheduledStopPoint:1186373" version="1"/>
                </PointProjection>
              </projections>
            </RoutePoint>
            <RoutePoint version="1" id="VTR:RoutePoint:1186374">
              <projections>
                <PointProjection version="1" id="VTR:PointProjection:59727">
                  <ProjectedPointRef ref="VTR:ScheduledStopPoint:1186374" version="1"/>
                </PointProjection>
              </projections>
            </RoutePoint>
            <RoutePoint version="1" id="VTR:RoutePoint:1186375">
              <projections>
                <PointProjection version="1" id="VTR:PointProjection:59728">
                  <ProjectedPointRef ref="VTR:ScheduledStopPoint:1186375" version="1"/>
                </PointProjection>
              </projections>
            </RoutePoint>
            <RoutePoint version="1" id="VTR:RoutePoint:1186376">
              <projections>
                <PointProjection version="1" id="VTR:PointProjection:59729">
                  <ProjectedPointRef ref="VTR:ScheduledStopPoint:1186376" version="1"/>
                </PointProjection>
              </projections>
            </RoutePoint>
            <RoutePoint version="1" id="VTR:RoutePoint:1186377">
              <projections>
                <PointProjection version="1" id="VTR:PointProjection:59730">
                  <ProjectedPointRef ref="VTR:ScheduledStopPoint:1186377" version="1"/>
                </PointProjection>
              </projections>
            </RoutePoint>
            <RoutePoint version="1" id="VTR:RoutePoint:1186378">
              <projections>
                <PointProjection version="1" id="VTR:PointProjection:59731">
                  <ProjectedPointRef ref="VTR:ScheduledStopPoint:1186378" version="1"/>
                </PointProjection>
              </projections>
            </RoutePoint>
            <RoutePoint version="1" id="VTR:RoutePoint:1186379">
              <projections>
                <PointProjection version="1" id="VTR:PointProjection:59732">
                  <ProjectedPointRef ref="VTR:ScheduledStopPoint:1186379" version="1"/>
                </PointProjection>
              </projections>
            </RoutePoint>
            <RoutePoint version="1" id="VTR:RoutePoint:1186380">
              <projections>
                <PointProjection version="1" id="VTR:PointProjection:59733">
                  <ProjectedPointRef ref="VTR:ScheduledStopPoint:1186380" version="1"/>
                </PointProjection>
              </projections>
            </RoutePoint>
            <RoutePoint version="1" id="VTR:RoutePoint:1186381">
              <projections>
                <PointProjection version="1" id="VTR:PointProjection:59734">
                  <ProjectedPointRef ref="VTR:ScheduledStopPoint:1186381" version="1"/>
                </PointProjection>
              </projections>
            </RoutePoint>
            <RoutePoint version="1" id="VTR:RoutePoint:1186382">
              <projections>
                <PointProjection version="1" id="VTR:PointProjection:59735">
                  <ProjectedPointRef ref="VTR:ScheduledStopPoint:1186382" version="1"/>
                </PointProjection>
              </projections>
            </RoutePoint>
            <RoutePoint version="1" id="VTR:RoutePoint:1186383">
              <projections>
                <PointProjection version="1" id="VTR:PointProjection:59736">
                  <ProjectedPointRef ref="VTR:ScheduledStopPoint:1186383" version="1"/>
                </PointProjection>
              </projections>
            </RoutePoint>
            <RoutePoint version="1" id="VTR:RoutePoint:1186384">
              <projections>
                <PointProjection version="1" id="VTR:PointProjection:59737">
                  <ProjectedPointRef ref="VTR:ScheduledStopPoint:1186384" version="1"/>
                </PointProjection>
              </projections>
            </RoutePoint>
            <RoutePoint version="1" id="VTR:RoutePoint:1186385">
              <projections>
                <PointProjection version="1" id="VTR:PointProjection:59738">
                  <ProjectedPointRef ref="VTR:ScheduledStopPoint:1186385" version="1"/>
                </PointProjection>
              </projections>
            </RoutePoint>
            <RoutePoint version="1" id="VTR:RoutePoint:1186386">
              <projections>
                <PointProjection version="1" id="VTR:PointProjection:59739">
                  <ProjectedPointRef ref="VTR:ScheduledStopPoint:1186386" version="1"/>
                </PointProjection>
              </projections>
            </RoutePoint>
            <RoutePoint version="1" id="VTR:RoutePoint:1186387">
              <projections>
                <PointProjection version="1" id="VTR:PointProjection:59740">
                  <ProjectedPointRef ref="VTR:ScheduledStopPoint:1186387" version="1"/>
                </PointProjection>
              </projections>
            </RoutePoint>
            <RoutePoint version="1" id="VTR:RoutePoint:1186388">
              <projections>
                <PointProjection version="1" id="VTR:PointProjection:59792">
                  <ProjectedPointRef ref="VTR:ScheduledStopPoint:1186388" version="1"/>
                </PointProjection>
              </projections>
            </RoutePoint>
            <RoutePoint version="1" id="VTR:RoutePoint:1186389">
              <projections>
                <PointProjection version="1" id="VTR:PointProjection:59793">
                  <ProjectedPointRef ref="VTR:ScheduledStopPoint:1186389" version="1"/>
                </PointProjection>
              </projections>
            </RoutePoint>
            <RoutePoint version="1" id="VTR:RoutePoint:1186390">
              <projections>
                <PointProjection version="1" id="VTR:PointProjection:59794">
                  <ProjectedPointRef ref="VTR:ScheduledStopPoint:1186390" version="1"/>
                </PointProjection>
              </projections>
            </RoutePoint>
            <RoutePoint version="1" id="VTR:RoutePoint:1186391">
              <projections>
                <PointProjection version="1" id="VTR:PointProjection:59795">
                  <ProjectedPointRef ref="VTR:ScheduledStopPoint:1186391" version="1"/>
                </PointProjection>
              </projections>
            </RoutePoint>
            <RoutePoint version="1" id="VTR:RoutePoint:1186392">
              <projections>
                <PointProjection version="1" id="VTR:PointProjection:59796">
                  <ProjectedPointRef ref="VTR:ScheduledStopPoint:1186392" version="1"/>
                </PointProjection>
              </projections>
            </RoutePoint>
            <RoutePoint version="1" id="VTR:RoutePoint:1186393">
              <projections>
                <PointProjection version="1" id="VTR:PointProjection:59797">
                  <ProjectedPointRef ref="VTR:ScheduledStopPoint:1186393" version="1"/>
                </PointProjection>
              </projections>
            </RoutePoint>
          </routePoints>
          <routes>
            <Route version="1" id="VTR:Route:16540">
              <Name>Baisogala - Pašakiai - Baisogala</Name>
              <ShortName>Baisogala - Pašakiai - Baisogala</ShortName>
              <LineRef ref="VTR:Line:2661" version="7307"/>
              <DirectionType>outbound</DirectionType>
              <pointsInSequence>
                <PointOnRoute version="1" id="VTR:PointOnRoute:1186379" order="1">
                  <RoutePointRef ref="VTR:RoutePoint:1186379"/>
                </PointOnRoute>
                <PointOnRoute version="1" id="VTR:PointOnRoute:1186380" order="2">
                  <RoutePointRef ref="VTR:RoutePoint:1186380"/>
                </PointOnRoute>
                <PointOnRoute version="1" id="VTR:PointOnRoute:1186381" order="3">
                  <RoutePointRef ref="VTR:RoutePoint:1186381"/>
                </PointOnRoute>
                <PointOnRoute version="1" id="VTR:PointOnRoute:1186382" order="4">
                  <RoutePointRef ref="VTR:RoutePoint:1186382"/>
                </PointOnRoute>
                <PointOnRoute version="1" id="VTR:PointOnRoute:1186383" order="5">
                  <RoutePointRef ref="VTR:RoutePoint:1186383"/>
                </PointOnRoute>
                <PointOnRoute version="1" id="VTR:PointOnRoute:1186384" order="6">
                  <RoutePointRef ref="VTR:RoutePoint:1186384"/>
                </PointOnRoute>
                <PointOnRoute version="1" id="VTR:PointOnRoute:1186385" order="7">
                  <RoutePointRef ref="VTR:RoutePoint:1186385"/>
                </PointOnRoute>
                <PointOnRoute version="1" id="VTR:PointOnRoute:1186386" order="8">
                  <RoutePointRef ref="VTR:RoutePoint:1186386"/>
                </PointOnRoute>
                <PointOnRoute version="1" id="VTR:PointOnRoute:1186387" order="9">
                  <RoutePointRef ref="VTR:RoutePoint:1186387"/>
                </PointOnRoute>
                <PointOnRoute version="1" id="VTR:PointOnRoute:1186388" order="10">
                  <RoutePointRef ref="VTR:RoutePoint:1186388"/>
                </PointOnRoute>
                <PointOnRoute version="1" id="VTR:PointOnRoute:1186389" order="11">
                  <RoutePointRef ref="VTR:RoutePoint:1186389"/>
                </PointOnRoute>
                <PointOnRoute version="1" id="VTR:PointOnRoute:1186390" order="12">
                  <RoutePointRef ref="VTR:RoutePoint:1186390"/>
                </PointOnRoute>
                <PointOnRoute version="1" id="VTR:PointOnRoute:1186391" order="13">
                  <RoutePointRef ref="VTR:RoutePoint:1186391"/>
                </PointOnRoute>
                <PointOnRoute version="1" id="VTR:PointOnRoute:1186392" order="14">
                  <RoutePointRef ref="VTR:RoutePoint:1186392"/>
                </PointOnRoute>
                <PointOnRoute version="1" id="VTR:PointOnRoute:1186393" order="15">
                  <RoutePointRef ref="VTR:RoutePoint:1186393"/>
                </PointOnRoute>
              </pointsInSequence>
            </Route>
            <Route version="1" id="VTR:Route:16539">
              <Name>Baisogala - Pašakai - Baisogala (ne m.m.d.)</Name>
              <ShortName>Baisogala - Pašakai - Baisogala (ne m.m.d.)</ShortName>
              <LineRef ref="VTR:Line:2661" version="7307"/>
              <DirectionType>outbound</DirectionType>
              <pointsInSequence>
                <PointOnRoute version="1" id="VTR:PointOnRoute:1186368" order="1">
                  <RoutePointRef ref="VTR:RoutePoint:1186368"/>
                </PointOnRoute>
                <PointOnRoute version="1" id="VTR:PointOnRoute:1186369" order="2">
                  <RoutePointRef ref="VTR:RoutePoint:1186369"/>
                </PointOnRoute>
                <PointOnRoute version="1" id="VTR:PointOnRoute:1186370" order="3">
                  <RoutePointRef ref="VTR:RoutePoint:1186370"/>
                </PointOnRoute>
                <PointOnRoute version="1" id="VTR:PointOnRoute:1186371" order="4">
                  <RoutePointRef ref="VTR:RoutePoint:1186371"/>
                </PointOnRoute>
                <PointOnRoute version="1" id="VTR:PointOnRoute:1186372" order="5">
                  <RoutePointRef ref="VTR:RoutePoint:1186372"/>
                </PointOnRoute>
                <PointOnRoute version="1" id="VTR:PointOnRoute:1186373" order="6">
                  <RoutePointRef ref="VTR:RoutePoint:1186373"/>
                </PointOnRoute>
                <PointOnRoute version="1" id="VTR:PointOnRoute:1186374" order="7">
                  <RoutePointRef ref="VTR:RoutePoint:1186374"/>
                </PointOnRoute>
                <PointOnRoute version="1" id="VTR:PointOnRoute:1186375" order="8">
                  <RoutePointRef ref="VTR:RoutePoint:1186375"/>
                </PointOnRoute>
                <PointOnRoute version="1" id="VTR:PointOnRoute:1186376" order="9">
                  <RoutePointRef ref="VTR:RoutePoint:1186376"/>
                </PointOnRoute>
                <PointOnRoute version="1" id="VTR:PointOnRoute:1186377" order="10">
                  <RoutePointRef ref="VTR:RoutePoint:1186377"/>
                </PointOnRoute>
                <PointOnRoute version="1" id="VTR:PointOnRoute:1186378" order="11">
                  <RoutePointRef ref="VTR:RoutePoint:1186378"/>
                </PointOnRoute>
              </pointsInSequence>
            </Route>
          </routes>
          <lines>
            <Line version="7307" id="VTR:Line:2661">
              <Name>Baisogala - Pašakiai per Skėmius, Pociūnėlius, Gudžiūnus</Name>
              <TransportMode>bus</TransportMode>
              <TransportSubmode>
                <BusSubmode>regionalBus</BusSubmode>
              </TransportSubmode>
              <PublicCode>22</PublicCode>
              <OperatorRef ref="VTR:Operator:22"/>
            </Line>
          </lines>
          <scheduledStopPoints>
            <ScheduledStopPoint version="1" id="VTR:ScheduledStopPoint:1186368">
              <Name>Baisogala</Name>
            </ScheduledStopPoint>
            <ScheduledStopPoint version="1" id="VTR:ScheduledStopPoint:1186369">
              <Name>Jadvimpolis</Name>
            </ScheduledStopPoint>
            <ScheduledStopPoint version="1" id="VTR:ScheduledStopPoint:1186370">
              <Name>Girvalakiai</Name>
            </ScheduledStopPoint>
            <ScheduledStopPoint version="1" id="VTR:ScheduledStopPoint:1186371">
              <Name>Skėmiai</Name>
            </ScheduledStopPoint>
            <ScheduledStopPoint version="1" id="VTR:ScheduledStopPoint:1186372">
              <Name>Pociūnėliai</Name>
            </ScheduledStopPoint>
            <ScheduledStopPoint version="1" id="VTR:ScheduledStopPoint:1186373">
              <Name>Pašakiai</Name>
            </ScheduledStopPoint>
            <ScheduledStopPoint version="1" id="VTR:ScheduledStopPoint:1186374">
              <Name>Pociūnėliai</Name>
            </ScheduledStopPoint>
            <ScheduledStopPoint version="1" id="VTR:ScheduledStopPoint:1186375">
              <Name>Skėmiai</Name>
            </ScheduledStopPoint>
            <ScheduledStopPoint version="1" id="VTR:ScheduledStopPoint:1186376">
              <Name>Girvalakiai</Name>
            </ScheduledStopPoint>
            <ScheduledStopPoint version="1" id="VTR:ScheduledStopPoint:1186377">
              <Name>Jadvimpolis</Name>
            </ScheduledStopPoint>
            <ScheduledStopPoint version="1" id="VTR:ScheduledStopPoint:1186378">
              <Name>Baisogala</Name>
            </ScheduledStopPoint>
            <ScheduledStopPoint version="1" id="VTR:ScheduledStopPoint:1186379">
              <Name>Baisogala</Name>
            </ScheduledStopPoint>
            <ScheduledStopPoint version="1" id="VTR:ScheduledStopPoint:1186380">
              <Name>Jadvimpolis</Name>
            </ScheduledStopPoint>
            <ScheduledStopPoint version="1" id="VTR:ScheduledStopPoint:1186381">
              <Name>Girvalakiai</Name>
            </ScheduledStopPoint>
            <ScheduledStopPoint version="1" id="VTR:ScheduledStopPoint:1186382">
              <Name>Skėmiai</Name>
            </ScheduledStopPoint>
            <ScheduledStopPoint version="1" id="VTR:ScheduledStopPoint:1186383">
              <Name>Skamaičiai</Name>
            </ScheduledStopPoint>
            <ScheduledStopPoint version="1" id="VTR:ScheduledStopPoint:1186384">
              <Name>Gudžiūnai</Name>
            </ScheduledStopPoint>
            <ScheduledStopPoint version="1" id="VTR:ScheduledStopPoint:1186385">
              <Name>Skamaičiai</Name>
            </ScheduledStopPoint>
            <ScheduledStopPoint version="1" id="VTR:ScheduledStopPoint:1186386">
              <Name>Skėmiai</Name>
            </ScheduledStopPoint>
            <ScheduledStopPoint version="1" id="VTR:ScheduledStopPoint:1186387">
              <Name>Pociūnėliai</Name>
            </ScheduledStopPoint>
            <ScheduledStopPoint version="1" id="VTR:ScheduledStopPoint:1186388">
              <Name>Pašakiai</Name>
            </ScheduledStopPoint>
            <ScheduledStopPoint version="1" id="VTR:ScheduledStopPoint:1186389">
              <Name>Pociūnėliai</Name>
            </ScheduledStopPoint>
            <ScheduledStopPoint version="1" id="VTR:ScheduledStopPoint:1186390">
              <Name>Skėmiai</Name>
            </ScheduledStopPoint>
            <ScheduledStopPoint version="1" id="VTR:ScheduledStopPoint:1186391">
              <Name>Girvalakiai</Name>
            </ScheduledStopPoint>
            <ScheduledStopPoint version="1" id="VTR:ScheduledStopPoint:1186392">
              <Name>Jadvimpolis</Name>
            </ScheduledStopPoint>
            <ScheduledStopPoint version="1" id="VTR:ScheduledStopPoint:1186393">
              <Name>Baisogala</Name>
            </ScheduledStopPoint>
          </scheduledStopPoints>
          <serviceLinks>
            <ServiceLink id="VTR:ServiceLink:1186385_1_1186386_1" version="1">
              <Distance>2</Distance>
              <FromPointRef ref="VTR:ScheduledStopPoint:1186385" version="1"/>
              <ToPointRef ref="VTR:ScheduledStopPoint:1186386" version="1"/>
            </ServiceLink>
            <ServiceLink id="VTR:ServiceLink:1186379_1_1186380_1" version="1">
              <Distance>1</Distance>
              <FromPointRef ref="VTR:ScheduledStopPoint:1186379" version="1"/>
              <ToPointRef ref="VTR:ScheduledStopPoint:1186380" version="1"/>
            </ServiceLink>
            <ServiceLink id="VTR:ServiceLink:1186380_1_1186381_1" version="1">
              <Distance>3</Distance>
              <FromPointRef ref="VTR:ScheduledStopPoint:1186380" version="1"/>
              <ToPointRef ref="VTR:ScheduledStopPoint:1186381" version="1"/>
            </ServiceLink>
            <ServiceLink id="VTR:ServiceLink:1186373_1_1186374_1" version="1">
              <Distance>2</Distance>
              <FromPointRef ref="VTR:ScheduledStopPoint:1186373" version="1"/>
              <ToPointRef ref="VTR:ScheduledStopPoint:1186374" version="1"/>
            </ServiceLink>
            <ServiceLink id="VTR:ServiceLink:1186381_1_1186382_1" version="1">
              <Distance>3</Distance>
              <FromPointRef ref="VTR:ScheduledStopPoint:1186381" version="1"/>
              <ToPointRef ref="VTR:ScheduledStopPoint:1186382" version="1"/>
            </ServiceLink>
            <ServiceLink id="VTR:ServiceLink:1186371_1_1186372_1" version="1">
              <Distance>6</Distance>
              <FromPointRef ref="VTR:ScheduledStopPoint:1186371" version="1"/>
              <ToPointRef ref="VTR:ScheduledStopPoint:1186372" version="1"/>
            </ServiceLink>
            <ServiceLink id="VTR:ServiceLink:1186392_1_1186393_1" version="1">
              <Distance>1</Distance>
              <FromPointRef ref="VTR:ScheduledStopPoint:1186392" version="1"/>
              <ToPointRef ref="VTR:ScheduledStopPoint:1186393" version="1"/>
            </ServiceLink>
            <ServiceLink id="VTR:ServiceLink:1186369_1_1186370_1" version="1">
              <Distance>3</Distance>
              <FromPointRef ref="VTR:ScheduledStopPoint:1186369" version="1"/>
              <ToPointRef ref="VTR:ScheduledStopPoint:1186370" version="1"/>
            </ServiceLink>
            <ServiceLink id="VTR:ServiceLink:1186390_1_1186391_1" version="1">
              <Distance>3</Distance>
              <FromPointRef ref="VTR:ScheduledStopPoint:1186390" version="1"/>
              <ToPointRef ref="VTR:ScheduledStopPoint:1186391" version="1"/>
            </ServiceLink>
            <ServiceLink id="VTR:ServiceLink:1186368_1_1186369_1" version="1">
              <Distance>1</Distance>
              <FromPointRef ref="VTR:ScheduledStopPoint:1186368" version="1"/>
              <ToPointRef ref="VTR:ScheduledStopPoint:1186369" version="1"/>
            </ServiceLink>
            <ServiceLink id="VTR:ServiceLink:1186375_1_1186376_1" version="1">
              <Distance>3</Distance>
              <FromPointRef ref="VTR:ScheduledStopPoint:1186375" version="1"/>
              <ToPointRef ref="VTR:ScheduledStopPoint:1186376" version="1"/>
            </ServiceLink>
            <ServiceLink id="VTR:ServiceLink:1186376_1_1186377_1" version="1">
              <Distance>3</Distance>
              <FromPointRef ref="VTR:ScheduledStopPoint:1186376" version="1"/>
              <ToPointRef ref="VTR:ScheduledStopPoint:1186377" version="1"/>
            </ServiceLink>
            <ServiceLink id="VTR:ServiceLink:1186389_1_1186390_1" version="1">
              <Distance>6</Distance>
              <FromPointRef ref="VTR:ScheduledStopPoint:1186389" version="1"/>
              <ToPointRef ref="VTR:ScheduledStopPoint:1186390" version="1"/>
            </ServiceLink>
            <ServiceLink id="VTR:ServiceLink:1186387_1_1186388_1" version="1">
              <Distance>2</Distance>
              <FromPointRef ref="VTR:ScheduledStopPoint:1186387" version="1"/>
              <ToPointRef ref="VTR:ScheduledStopPoint:1186388" version="1"/>
            </ServiceLink>
            <ServiceLink id="VTR:ServiceLink:1186386_1_1186387_1" version="1">
              <Distance>6</Distance>
              <FromPointRef ref="VTR:ScheduledStopPoint:1186386" version="1"/>
              <ToPointRef ref="VTR:ScheduledStopPoint:1186387" version="1"/>
            </ServiceLink>
            <ServiceLink id="VTR:ServiceLink:1186388_1_1186389_1" version="1">
              <Distance>2</Distance>
              <FromPointRef ref="VTR:ScheduledStopPoint:1186388" version="1"/>
              <ToPointRef ref="VTR:ScheduledStopPoint:1186389" version="1"/>
            </ServiceLink>
            <ServiceLink id="VTR:ServiceLink:1186382_1_1186383_1" version="1">
              <Distance>2</Distance>
              <FromPointRef ref="VTR:ScheduledStopPoint:1186382" version="1"/>
              <ToPointRef ref="VTR:ScheduledStopPoint:1186383" version="1"/>
            </ServiceLink>
            <ServiceLink id="VTR:ServiceLink:1186370_1_1186371_1" version="1">
              <Distance>3</Distance>
              <FromPointRef ref="VTR:ScheduledStopPoint:1186370" version="1"/>
              <ToPointRef ref="VTR:ScheduledStopPoint:1186371" version="1"/>
            </ServiceLink>
            <ServiceLink id="VTR:ServiceLink:1186374_1_1186375_1" version="1">
              <Distance>6</Distance>
              <FromPointRef ref="VTR:ScheduledStopPoint:1186374" version="1"/>
              <ToPointRef ref="VTR:ScheduledStopPoint:1186375" version="1"/>
            </ServiceLink>
            <ServiceLink id="VTR:ServiceLink:1186383_1_1186384_1" version="1">
              <Distance>3</Distance>
              <FromPointRef ref="VTR:ScheduledStopPoint:1186383" version="1"/>
              <ToPointRef ref="VTR:ScheduledStopPoint:1186384" version="1"/>
            </ServiceLink>
            <ServiceLink id="VTR:ServiceLink:1186391_1_1186392_1" version="1">
              <Distance>3</Distance>
              <FromPointRef ref="VTR:ScheduledStopPoint:1186391" version="1"/>
              <ToPointRef ref="VTR:ScheduledStopPoint:1186392" version="1"/>
            </ServiceLink>
            <ServiceLink id="VTR:ServiceLink:1186377_1_1186378_1" version="1">
              <Distance>1</Distance>
              <FromPointRef ref="VTR:ScheduledStopPoint:1186377" version="1"/>
              <ToPointRef ref="VTR:ScheduledStopPoint:1186378" version="1"/>
            </ServiceLink>
            <ServiceLink id="VTR:ServiceLink:1186372_1_1186373_1" version="1">
              <Distance>2</Distance>
              <FromPointRef ref="VTR:ScheduledStopPoint:1186372" version="1"/>
              <ToPointRef ref="VTR:ScheduledStopPoint:1186373" version="1"/>
            </ServiceLink>
            <ServiceLink id="VTR:ServiceLink:1186384_1_1186385_1" version="1">
              <Distance>3</Distance>
              <FromPointRef ref="VTR:ScheduledStopPoint:1186384" version="1"/>
              <ToPointRef ref="VTR:ScheduledStopPoint:1186385" version="1"/>
            </ServiceLink>
          </serviceLinks>
          <stopAssignments>
            <PassengerStopAssignment order="1653900000" id="VTR:PassengerStopAssignment:1186368" version="1">
              <ScheduledStopPointRef ref="VTR:ScheduledStopPoint:1186368" version="1"/>
              <QuayRef ref="VTR:Quay:9632"/>
            </PassengerStopAssignment>
            <PassengerStopAssignment order="1653900001" id="VTR:PassengerStopAssignment:1186369" version="1">
              <ScheduledStopPointRef ref="VTR:ScheduledStopPoint:1186369" version="1"/>
              <QuayRef ref="VTR:Quay:13685"/>
            </PassengerStopAssignment>
            <PassengerStopAssignment order="1653900002" id="VTR:PassengerStopAssignment:1186370" version="1">
              <ScheduledStopPointRef ref="VTR:ScheduledStopPoint:1186370" version="1"/>
              <QuayRef ref="VTR:Quay:8714"/>
            </PassengerStopAssignment>
            <PassengerStopAssignment order="1653900003" id="VTR:PassengerStopAssignment:1186371" version="1">
              <ScheduledStopPointRef ref="VTR:ScheduledStopPoint:1186371" version="1"/>
              <QuayRef ref="VTR:Quay:5536"/>
            </PassengerStopAssignment>
            <PassengerStopAssignment order="1653900004" id="VTR:PassengerStopAssignment:1186372" version="1">
              <ScheduledStopPointRef ref="VTR:ScheduledStopPoint:1186372" version="1"/>
              <QuayRef ref="VTR:Quay:10667"/>
            </PassengerStopAssignment>
            <PassengerStopAssignment order="1653900005" id="VTR:PassengerStopAssignment:1186373" version="1">
              <ScheduledStopPointRef ref="VTR:ScheduledStopPoint:1186373" version="1"/>
              <QuayRef ref="VTR:Quay:12609"/>
            </PassengerStopAssignment>
            <PassengerStopAssignment order="1653900006" id="VTR:PassengerStopAssignment:1186374" version="1">
              <ScheduledStopPointRef ref="VTR:ScheduledStopPoint:1186374" version="1"/>
              <QuayRef ref="VTR:Quay:10667"/>
            </PassengerStopAssignment>
            <PassengerStopAssignment order="1653900007" id="VTR:PassengerStopAssignment:1186375" version="1">
              <ScheduledStopPointRef ref="VTR:ScheduledStopPoint:1186375" version="1"/>
              <QuayRef ref="VTR:Quay:5536"/>
            </PassengerStopAssignment>
            <PassengerStopAssignment order="1653900008" id="VTR:PassengerStopAssignment:1186376" version="1">
              <ScheduledStopPointRef ref="VTR:ScheduledStopPoint:1186376" version="1"/>
              <QuayRef ref="VTR:Quay:8714"/>
            </PassengerStopAssignment>
            <PassengerStopAssignment order="1653900009" id="VTR:PassengerStopAssignment:1186377" version="1">
              <ScheduledStopPointRef ref="VTR:ScheduledStopPoint:1186377" version="1"/>
              <QuayRef ref="VTR:Quay:13685"/>
            </PassengerStopAssignment>
            <PassengerStopAssignment order="1653900010" id="VTR:PassengerStopAssignment:1186378" version="1">
              <ScheduledStopPointRef ref="VTR:ScheduledStopPoint:1186378" version="1"/>
              <QuayRef ref="VTR:Quay:9632"/>
            </PassengerStopAssignment>
            <PassengerStopAssignment order="1654000000" id="VTR:PassengerStopAssignment:1186379" version="1">
              <ScheduledStopPointRef ref="VTR:ScheduledStopPoint:1186379" version="1"/>
              <QuayRef ref="VTR:Quay:9632"/>
            </PassengerStopAssignment>
            <PassengerStopAssignment order="1654000001" id="VTR:PassengerStopAssignment:1186380" version="1">
              <ScheduledStopPointRef ref="VTR:ScheduledStopPoint:1186380" version="1"/>
              <QuayRef ref="VTR:Quay:13685"/>
            </PassengerStopAssignment>
            <PassengerStopAssignment order="1654000002" id="VTR:PassengerStopAssignment:1186381" version="1">
              <ScheduledStopPointRef ref="VTR:ScheduledStopPoint:1186381" version="1"/>
              <QuayRef ref="VTR:Quay:8714"/>
            </PassengerStopAssignment>
            <PassengerStopAssignment order="1654000003" id="VTR:PassengerStopAssignment:1186382" version="1">
              <ScheduledStopPointRef ref="VTR:ScheduledStopPoint:1186382" version="1"/>
              <QuayRef ref="VTR:Quay:4892"/>
            </PassengerStopAssignment>
            <PassengerStopAssignment order="1654000004" id="VTR:PassengerStopAssignment:1186383" version="1">
              <ScheduledStopPointRef ref="VTR:ScheduledStopPoint:1186383" version="1"/>
              <QuayRef ref="VTR:Quay:7739"/>
            </PassengerStopAssignment>
            <PassengerStopAssignment order="1654000005" id="VTR:PassengerStopAssignment:1186384" version="1">
              <ScheduledStopPointRef ref="VTR:ScheduledStopPoint:1186384" version="1"/>
              <QuayRef ref="VTR:Quay:9777"/>
            </PassengerStopAssignment>
            <PassengerStopAssignment order="1654000006" id="VTR:PassengerStopAssignment:1186385" version="1">
              <ScheduledStopPointRef ref="VTR:ScheduledStopPoint:1186385" version="1"/>
              <QuayRef ref="VTR:Quay:7739"/>
            </PassengerStopAssignment>
            <PassengerStopAssignment order="1654000007" id="VTR:PassengerStopAssignment:1186386" version="1">
              <ScheduledStopPointRef ref="VTR:ScheduledStopPoint:1186386" version="1"/>
              <QuayRef ref="VTR:Quay:4892"/>
            </PassengerStopAssignment>
            <PassengerStopAssignment order="1654000008" id="VTR:PassengerStopAssignment:1186387" version="1">
              <ScheduledStopPointRef ref="VTR:ScheduledStopPoint:1186387" version="1"/>
              <QuayRef ref="VTR:Quay:10667"/>
            </PassengerStopAssignment>
            <PassengerStopAssignment order="1654000009" id="VTR:PassengerStopAssignment:1186388" version="1">
              <ScheduledStopPointRef ref="VTR:ScheduledStopPoint:1186388" version="1"/>
              <QuayRef ref="VTR:Quay:12609"/>
            </PassengerStopAssignment>
            <PassengerStopAssignment order="1654000010" id="VTR:PassengerStopAssignment:1186389" version="1">
              <ScheduledStopPointRef ref="VTR:ScheduledStopPoint:1186389" version="1"/>
              <QuayRef ref="VTR:Quay:10667"/>
            </PassengerStopAssignment>
            <PassengerStopAssignment order="1654000011" id="VTR:PassengerStopAssignment:1186390" version="1">
              <ScheduledStopPointRef ref="VTR:ScheduledStopPoint:1186390" version="1"/>
              <QuayRef ref="VTR:Quay:4892"/>
            </PassengerStopAssignment>
            <PassengerStopAssignment order="1654000012" id="VTR:PassengerStopAssignment:1186391" version="1">
              <ScheduledStopPointRef ref="VTR:ScheduledStopPoint:1186391" version="1"/>
              <QuayRef ref="VTR:Quay:8714"/>
            </PassengerStopAssignment>
            <PassengerStopAssignment order="1654000013" id="VTR:PassengerStopAssignment:1186392" version="1">
              <ScheduledStopPointRef ref="VTR:ScheduledStopPoint:1186392" version="1"/>
              <QuayRef ref="VTR:Quay:13685"/>
            </PassengerStopAssignment>
            <PassengerStopAssignment order="1654000014" id="VTR:PassengerStopAssignment:1186393" version="1">
              <ScheduledStopPointRef ref="VTR:ScheduledStopPoint:1186393" version="1"/>
              <QuayRef ref="VTR:Quay:9632"/>
            </PassengerStopAssignment>
          </stopAssignments>
          <journeyPatterns>
            <JourneyPattern id="VTR:JourneyPattern:2324604" version="2326244">
              <Name>4</Name>
              <RouteRef ref="VTR:Route:16539" version="1"/>
              <pointsInSequence>
                <StopPointInJourneyPattern id="VTR:StopPointInJourneyPattern:83600809" version="2326244" order="1">
                  <ScheduledStopPointRef ref="VTR:ScheduledStopPoint:1186368"/>
                  <DestinationDisplayRef ref="VTR:DestinationDisplay:1"/>
                </StopPointInJourneyPattern>
                <StopPointInJourneyPattern id="VTR:StopPointInJourneyPattern:83600810" version="2326244" order="2">
                  <ScheduledStopPointRef ref="VTR:ScheduledStopPoint:1186369"/>
                  <DestinationDisplayRef ref="VTR:DestinationDisplay:1"/>
                </StopPointInJourneyPattern>
                <StopPointInJourneyPattern id="VTR:StopPointInJourneyPattern:83600811" version="2326244" order="3">
                  <ScheduledStopPointRef ref="VTR:ScheduledStopPoint:1186370"/>
                  <DestinationDisplayRef ref="VTR:DestinationDisplay:1"/>
                </StopPointInJourneyPattern>
                <StopPointInJourneyPattern id="VTR:StopPointInJourneyPattern:83600812" version="2326244" order="4">
                  <ScheduledStopPointRef ref="VTR:ScheduledStopPoint:1186371"/>
                  <DestinationDisplayRef ref="VTR:DestinationDisplay:1"/>
                </StopPointInJourneyPattern>
                <StopPointInJourneyPattern id="VTR:StopPointInJourneyPattern:83600813" version="2326244" order="5">
                  <ScheduledStopPointRef ref="VTR:ScheduledStopPoint:1186372"/>
                  <DestinationDisplayRef ref="VTR:DestinationDisplay:1"/>
                </StopPointInJourneyPattern>
                <StopPointInJourneyPattern id="VTR:StopPointInJourneyPattern:83600814" version="2326244" order="6">
                  <ScheduledStopPointRef ref="VTR:ScheduledStopPoint:1186373"/>
                  <DestinationDisplayRef ref="VTR:DestinationDisplay:1"/>
                </StopPointInJourneyPattern>
                <StopPointInJourneyPattern id="VTR:StopPointInJourneyPattern:83600815" version="2326244" order="7">
                  <ScheduledStopPointRef ref="VTR:ScheduledStopPoint:1186374"/>
                  <DestinationDisplayRef ref="VTR:DestinationDisplay:1"/>
                </StopPointInJourneyPattern>
                <StopPointInJourneyPattern id="VTR:StopPointInJourneyPattern:83600816" version="2326244" order="8">
                  <ScheduledStopPointRef ref="VTR:ScheduledStopPoint:1186375"/>
                  <DestinationDisplayRef ref="VTR:DestinationDisplay:1"/>
                </StopPointInJourneyPattern>
                <StopPointInJourneyPattern id="VTR:StopPointInJourneyPattern:83600817" version="2326244" order="9">
                  <ScheduledStopPointRef ref="VTR:ScheduledStopPoint:1186376"/>
                  <DestinationDisplayRef ref="VTR:DestinationDisplay:1"/>
                </StopPointInJourneyPattern>
                <StopPointInJourneyPattern id="VTR:StopPointInJourneyPattern:83600818" version="2326244" order="10">
                  <ScheduledStopPointRef ref="VTR:ScheduledStopPoint:1186377"/>
                  <DestinationDisplayRef ref="VTR:DestinationDisplay:1"/>
                </StopPointInJourneyPattern>
                <StopPointInJourneyPattern id="VTR:StopPointInJourneyPattern:83600819" version="2326244" order="11">
                  <ScheduledStopPointRef ref="VTR:ScheduledStopPoint:1186378"/>
                  <DestinationDisplayRef ref="VTR:DestinationDisplay:1"/>
                </StopPointInJourneyPattern>
              </pointsInSequence>
            </JourneyPattern>
            <JourneyPattern id="VTR:JourneyPattern:2324606" version="2326246">
              <Name>2</Name>
              <RouteRef ref="VTR:Route:16540" version="1"/>
              <pointsInSequence>
                <StopPointInJourneyPattern id="VTR:StopPointInJourneyPattern:83600835" version="2326246" order="1">
                  <ScheduledStopPointRef ref="VTR:ScheduledStopPoint:1186379"/>
                  <DestinationDisplayRef ref="VTR:DestinationDisplay:1"/>
                </StopPointInJourneyPattern>
                <StopPointInJourneyPattern id="VTR:StopPointInJourneyPattern:83600836" version="2326246" order="2">
                  <ScheduledStopPointRef ref="VTR:ScheduledStopPoint:1186380"/>
                  <DestinationDisplayRef ref="VTR:DestinationDisplay:1"/>
                </StopPointInJourneyPattern>
                <StopPointInJourneyPattern id="VTR:StopPointInJourneyPattern:83600837" version="2326246" order="3">
                  <ScheduledStopPointRef ref="VTR:ScheduledStopPoint:1186381"/>
                  <DestinationDisplayRef ref="VTR:DestinationDisplay:1"/>
                </StopPointInJourneyPattern>
                <StopPointInJourneyPattern id="VTR:StopPointInJourneyPattern:83600838" version="2326246" order="4">
                  <ScheduledStopPointRef ref="VTR:ScheduledStopPoint:1186382"/>
                  <DestinationDisplayRef ref="VTR:DestinationDisplay:1"/>
                </StopPointInJourneyPattern>
                <StopPointInJourneyPattern id="VTR:StopPointInJourneyPattern:83600839" version="2326246" order="5">
                  <ScheduledStopPointRef ref="VTR:ScheduledStopPoint:1186383"/>
                  <DestinationDisplayRef ref="VTR:DestinationDisplay:1"/>
                </StopPointInJourneyPattern>
                <StopPointInJourneyPattern id="VTR:StopPointInJourneyPattern:83600840" version="2326246" order="6">
                  <ScheduledStopPointRef ref="VTR:ScheduledStopPoint:1186384"/>
                  <DestinationDisplayRef ref="VTR:DestinationDisplay:1"/>
                </StopPointInJourneyPattern>
                <StopPointInJourneyPattern id="VTR:StopPointInJourneyPattern:83600841" version="2326246" order="7">
                  <ScheduledStopPointRef ref="VTR:ScheduledStopPoint:1186385"/>
                  <DestinationDisplayRef ref="VTR:DestinationDisplay:1"/>
                </StopPointInJourneyPattern>
                <StopPointInJourneyPattern id="VTR:StopPointInJourneyPattern:83600842" version="2326246" order="8">
                  <ScheduledStopPointRef ref="VTR:ScheduledStopPoint:1186386"/>
                  <DestinationDisplayRef ref="VTR:DestinationDisplay:1"/>
                </StopPointInJourneyPattern>
                <StopPointInJourneyPattern id="VTR:StopPointInJourneyPattern:83600843" version="2326246" order="9">
                  <ScheduledStopPointRef ref="VTR:ScheduledStopPoint:1186387"/>
                  <DestinationDisplayRef ref="VTR:DestinationDisplay:1"/>
                </StopPointInJourneyPattern>
                <StopPointInJourneyPattern id="VTR:StopPointInJourneyPattern:83600844" version="2326246" order="10">
                  <ScheduledStopPointRef ref="VTR:ScheduledStopPoint:1186388"/>
                  <DestinationDisplayRef ref="VTR:DestinationDisplay:1"/>
                </StopPointInJourneyPattern>
                <StopPointInJourneyPattern id="VTR:StopPointInJourneyPattern:83600845" version="2326246" order="11">
                  <ScheduledStopPointRef ref="VTR:ScheduledStopPoint:1186389"/>
                  <DestinationDisplayRef ref="VTR:DestinationDisplay:1"/>
                </StopPointInJourneyPattern>
                <StopPointInJourneyPattern id="VTR:StopPointInJourneyPattern:83600846" version="2326246" order="12">
                  <ScheduledStopPointRef ref="VTR:ScheduledStopPoint:1186390"/>
                  <DestinationDisplayRef ref="VTR:DestinationDisplay:1"/>
                </StopPointInJourneyPattern>
                <StopPointInJourneyPattern id="VTR:StopPointInJourneyPattern:83600847" version="2326246" order="13">
                  <ScheduledStopPointRef ref="VTR:ScheduledStopPoint:1186391"/>
                  <DestinationDisplayRef ref="VTR:DestinationDisplay:1"/>
                </StopPointInJourneyPattern>
                <StopPointInJourneyPattern id="VTR:StopPointInJourneyPattern:83600848" version="2326246" order="14">
                  <ScheduledStopPointRef ref="VTR:ScheduledStopPoint:1186392"/>
                  <DestinationDisplayRef ref="VTR:DestinationDisplay:1"/>
                </StopPointInJourneyPattern>
                <StopPointInJourneyPattern id="VTR:StopPointInJourneyPattern:83600849" version="2326246" order="15">
                  <ScheduledStopPointRef ref="VTR:ScheduledStopPoint:1186393"/>
                  <DestinationDisplayRef ref="VTR:DestinationDisplay:1"/>
                </StopPointInJourneyPattern>
              </pointsInSequence>
            </JourneyPattern>
            <JourneyPattern id="VTR:JourneyPattern:2324605" version="2326245">
              <Name>1</Name>
              <RouteRef ref="VTR:Route:16540" version="1"/>
              <pointsInSequence>
                <StopPointInJourneyPattern id="VTR:StopPointInJourneyPattern:83600820" version="2326245" order="1">
                  <ScheduledStopPointRef ref="VTR:ScheduledStopPoint:1186379"/>
                  <DestinationDisplayRef ref="VTR:DestinationDisplay:1"/>
                </StopPointInJourneyPattern>
                <StopPointInJourneyPattern id="VTR:StopPointInJourneyPattern:83600821" version="2326245" order="2">
                  <ScheduledStopPointRef ref="VTR:ScheduledStopPoint:1186380"/>
                  <DestinationDisplayRef ref="VTR:DestinationDisplay:1"/>
                </StopPointInJourneyPattern>
                <StopPointInJourneyPattern id="VTR:StopPointInJourneyPattern:83600822" version="2326245" order="3">
                  <ScheduledStopPointRef ref="VTR:ScheduledStopPoint:1186381"/>
                  <DestinationDisplayRef ref="VTR:DestinationDisplay:1"/>
                </StopPointInJourneyPattern>
                <StopPointInJourneyPattern id="VTR:StopPointInJourneyPattern:83600823" version="2326245" order="4">
                  <ScheduledStopPointRef ref="VTR:ScheduledStopPoint:1186382"/>
                  <DestinationDisplayRef ref="VTR:DestinationDisplay:1"/>
                </StopPointInJourneyPattern>
                <StopPointInJourneyPattern id="VTR:StopPointInJourneyPattern:83600824" version="2326245" order="5">
                  <ScheduledStopPointRef ref="VTR:ScheduledStopPoint:1186383"/>
                  <DestinationDisplayRef ref="VTR:DestinationDisplay:1"/>
                </StopPointInJourneyPattern>
                <StopPointInJourneyPattern id="VTR:StopPointInJourneyPattern:83600825" version="2326245" order="6">
                  <ScheduledStopPointRef ref="VTR:ScheduledStopPoint:1186384"/>
                  <DestinationDisplayRef ref="VTR:DestinationDisplay:1"/>
                </StopPointInJourneyPattern>
                <StopPointInJourneyPattern id="VTR:StopPointInJourneyPattern:83600826" version="2326245" order="7">
                  <ScheduledStopPointRef ref="VTR:ScheduledStopPoint:1186385"/>
                  <DestinationDisplayRef ref="VTR:DestinationDisplay:1"/>
                </StopPointInJourneyPattern>
                <StopPointInJourneyPattern id="VTR:StopPointInJourneyPattern:83600827" version="2326245" order="8">
                  <ScheduledStopPointRef ref="VTR:ScheduledStopPoint:1186386"/>
                  <DestinationDisplayRef ref="VTR:DestinationDisplay:1"/>
                </StopPointInJourneyPattern>
                <StopPointInJourneyPattern id="VTR:StopPointInJourneyPattern:83600828" version="2326245" order="9">
                  <ScheduledStopPointRef ref="VTR:ScheduledStopPoint:1186387"/>
                  <DestinationDisplayRef ref="VTR:DestinationDisplay:1"/>
                </StopPointInJourneyPattern>
                <StopPointInJourneyPattern id="VTR:StopPointInJourneyPattern:83600829" version="2326245" order="10">
                  <ScheduledStopPointRef ref="VTR:ScheduledStopPoint:1186388"/>
                  <DestinationDisplayRef ref="VTR:DestinationDisplay:1"/>
                </StopPointInJourneyPattern>
                <StopPointInJourneyPattern id="VTR:StopPointInJourneyPattern:83600830" version="2326245" order="11">
                  <ScheduledStopPointRef ref="VTR:ScheduledStopPoint:1186389"/>
                  <DestinationDisplayRef ref="VTR:DestinationDisplay:1"/>
                </StopPointInJourneyPattern>
                <StopPointInJourneyPattern id="VTR:StopPointInJourneyPattern:83600831" version="2326245" order="12">
                  <ScheduledStopPointRef ref="VTR:ScheduledStopPoint:1186390"/>
                  <DestinationDisplayRef ref="VTR:DestinationDisplay:1"/>
                </StopPointInJourneyPattern>
                <StopPointInJourneyPattern id="VTR:StopPointInJourneyPattern:83600832" version="2326245" order="13">
                  <ScheduledStopPointRef ref="VTR:ScheduledStopPoint:1186391"/>
                  <DestinationDisplayRef ref="VTR:DestinationDisplay:1"/>
                </StopPointInJourneyPattern>
                <StopPointInJourneyPattern id="VTR:StopPointInJourneyPattern:83600833" version="2326245" order="14">
                  <ScheduledStopPointRef ref="VTR:ScheduledStopPoint:1186392"/>
                  <DestinationDisplayRef ref="VTR:DestinationDisplay:1"/>
                </StopPointInJourneyPattern>
                <StopPointInJourneyPattern id="VTR:StopPointInJourneyPattern:83600834" version="2326245" order="15">
                  <ScheduledStopPointRef ref="VTR:ScheduledStopPoint:1186393"/>
                  <DestinationDisplayRef ref="VTR:DestinationDisplay:1"/>
                </StopPointInJourneyPattern>
              </pointsInSequence>
            </JourneyPattern>
            <JourneyPattern id="VTR:JourneyPattern:2324603" version="2326243">
              <Name>3</Name>
              <RouteRef ref="VTR:Route:16539" version="1"/>
              <pointsInSequence>
                <StopPointInJourneyPattern id="VTR:StopPointInJourneyPattern:83600798" version="2326243" order="1">
                  <ScheduledStopPointRef ref="VTR:ScheduledStopPoint:1186368"/>
                  <DestinationDisplayRef ref="VTR:DestinationDisplay:1"/>
                </StopPointInJourneyPattern>
                <StopPointInJourneyPattern id="VTR:StopPointInJourneyPattern:83600799" version="2326243" order="2">
                  <ScheduledStopPointRef ref="VTR:ScheduledStopPoint:1186369"/>
                  <DestinationDisplayRef ref="VTR:DestinationDisplay:1"/>
                </StopPointInJourneyPattern>
                <StopPointInJourneyPattern id="VTR:StopPointInJourneyPattern:83600800" version="2326243" order="3">
                  <ScheduledStopPointRef ref="VTR:ScheduledStopPoint:1186370"/>
                  <DestinationDisplayRef ref="VTR:DestinationDisplay:1"/>
                </StopPointInJourneyPattern>
                <StopPointInJourneyPattern id="VTR:StopPointInJourneyPattern:83600801" version="2326243" order="4">
                  <ScheduledStopPointRef ref="VTR:ScheduledStopPoint:1186371"/>
                  <DestinationDisplayRef ref="VTR:DestinationDisplay:1"/>
                </StopPointInJourneyPattern>
                <StopPointInJourneyPattern id="VTR:StopPointInJourneyPattern:83600802" version="2326243" order="5">
                  <ScheduledStopPointRef ref="VTR:ScheduledStopPoint:1186372"/>
                  <DestinationDisplayRef ref="VTR:DestinationDisplay:1"/>
                </StopPointInJourneyPattern>
                <StopPointInJourneyPattern id="VTR:StopPointInJourneyPattern:83600803" version="2326243" order="6">
                  <ScheduledStopPointRef ref="VTR:ScheduledStopPoint:1186373"/>
                  <DestinationDisplayRef ref="VTR:DestinationDisplay:1"/>
                </StopPointInJourneyPattern>
                <StopPointInJourneyPattern id="VTR:StopPointInJourneyPattern:83600804" version="2326243" order="7">
                  <ScheduledStopPointRef ref="VTR:ScheduledStopPoint:1186374"/>
                  <DestinationDisplayRef ref="VTR:DestinationDisplay:1"/>
                </StopPointInJourneyPattern>
                <StopPointInJourneyPattern id="VTR:StopPointInJourneyPattern:83600805" version="2326243" order="8">
                  <ScheduledStopPointRef ref="VTR:ScheduledStopPoint:1186375"/>
                  <DestinationDisplayRef ref="VTR:DestinationDisplay:1"/>
                </StopPointInJourneyPattern>
                <StopPointInJourneyPattern id="VTR:StopPointInJourneyPattern:83600806" version="2326243" order="9">
                  <ScheduledStopPointRef ref="VTR:ScheduledStopPoint:1186376"/>
                  <DestinationDisplayRef ref="VTR:DestinationDisplay:1"/>
                </StopPointInJourneyPattern>
                <StopPointInJourneyPattern id="VTR:StopPointInJourneyPattern:83600807" version="2326243" order="10">
                  <ScheduledStopPointRef ref="VTR:ScheduledStopPoint:1186377"/>
                  <DestinationDisplayRef ref="VTR:DestinationDisplay:1"/>
                </StopPointInJourneyPattern>
                <StopPointInJourneyPattern id="VTR:StopPointInJourneyPattern:83600808" version="2326243" order="11">
                  <ScheduledStopPointRef ref="VTR:ScheduledStopPoint:1186378"/>
                  <DestinationDisplayRef ref="VTR:DestinationDisplay:1"/>
                </StopPointInJourneyPattern>
              </pointsInSequence>
            </JourneyPattern>
          </journeyPatterns>
        </ServiceFrame>
        <TimetableFrame version="1" id="VTR:TimetableFrame:1374">
          <vehicleJourneys>
            <ServiceJourney version="2326246" id="VTR:ServiceJourney:2324606">
              <Name>Baisogala - Pašakiai - Baisogala</Name>
              <PrivateCode>2</PrivateCode>
              <dayTypes>
                <DayTypeRef ref="VTR:DayType:2030"/>
              </dayTypes>
              <JourneyPatternRef version="2326246" ref="VTR:JourneyPattern:2324606"/>
              <OperatorRef ref="VTR:Operator:455"/>
              <LineRef ref="VTR:Line:2661" version="7307"/>
              <passingTimes>
                <TimetabledPassingTime version="2326246" id="VTR:TimetabledPassingTime:2324606_83600835_1">
                  <StopPointInJourneyPatternRef ref="VTR:StopPointInJourneyPattern:83600835" version="2326246"/>
                  <DepartureTime>15:05:00</DepartureTime>
                  <DepartureDayOffset>0</DepartureDayOffset>
                </TimetabledPassingTime>
                <TimetabledPassingTime version="2326246" id="VTR:TimetabledPassingTime:2324606_83600836_2">
                  <StopPointInJourneyPatternRef ref="VTR:StopPointInJourneyPattern:83600836" version="2326246"/>
                  <DepartureTime>15:08:00</DepartureTime>
                  <DepartureDayOffset>0</DepartureDayOffset>
                </TimetabledPassingTime>
                <TimetabledPassingTime version="2326246" id="VTR:TimetabledPassingTime:2324606_83600837_3">
                  <StopPointInJourneyPatternRef ref="VTR:StopPointInJourneyPattern:83600837" version="2326246"/>
                  <DepartureTime>15:11:00</DepartureTime>
                  <DepartureDayOffset>0</DepartureDayOffset>
                </TimetabledPassingTime>
                <TimetabledPassingTime version="2326246" id="VTR:TimetabledPassingTime:2324606_83600838_4">
                  <StopPointInJourneyPatternRef ref="VTR:StopPointInJourneyPattern:83600838" version="2326246"/>
                  <DepartureTime>15:14:00</DepartureTime>
                  <DepartureDayOffset>0</DepartureDayOffset>
                </TimetabledPassingTime>
                <TimetabledPassingTime version="2326246" id="VTR:TimetabledPassingTime:2324606_83600839_5">
                  <StopPointInJourneyPatternRef ref="VTR:StopPointInJourneyPattern:83600839" version="2326246"/>
                  <DepartureTime>15:17:00</DepartureTime>
                  <DepartureDayOffset>0</DepartureDayOffset>
                </TimetabledPassingTime>
                <TimetabledPassingTime version="2326246" id="VTR:TimetabledPassingTime:2324606_83600840_6">
                  <StopPointInJourneyPatternRef ref="VTR:StopPointInJourneyPattern:83600840" version="2326246"/>
                  <DepartureTime>15:23:00</DepartureTime>
                  <DepartureDayOffset>0</DepartureDayOffset>
                </TimetabledPassingTime>
                <TimetabledPassingTime version="2326246" id="VTR:TimetabledPassingTime:2324606_83600841_7">
                  <StopPointInJourneyPatternRef ref="VTR:StopPointInJourneyPattern:83600841" version="2326246"/>
                  <DepartureTime>15:29:00</DepartureTime>
                  <DepartureDayOffset>0</DepartureDayOffset>
                </TimetabledPassingTime>
                <TimetabledPassingTime version="2326246" id="VTR:TimetabledPassingTime:2324606_83600842_8">
                  <StopPointInJourneyPatternRef ref="VTR:StopPointInJourneyPattern:83600842" version="2326246"/>
                  <DepartureTime>15:32:00</DepartureTime>
                  <DepartureDayOffset>0</DepartureDayOffset>
                </TimetabledPassingTime>
                <TimetabledPassingTime version="2326246" id="VTR:TimetabledPassingTime:2324606_83600843_9">
                  <StopPointInJourneyPatternRef ref="VTR:StopPointInJourneyPattern:83600843" version="2326246"/>
                  <DepartureTime>15:37:00</DepartureTime>
                  <DepartureDayOffset>0</DepartureDayOffset>
                </TimetabledPassingTime>
                <TimetabledPassingTime version="2326246" id="VTR:TimetabledPassingTime:2324606_83600844_10">
                  <StopPointInJourneyPatternRef ref="VTR:StopPointInJourneyPattern:83600844" version="2326246"/>
                  <DepartureTime>15:45:00</DepartureTime>
                  <DepartureDayOffset>0</DepartureDayOffset>
                </TimetabledPassingTime>
                <TimetabledPassingTime version="2326246" id="VTR:TimetabledPassingTime:2324606_83600845_11">
                  <StopPointInJourneyPatternRef ref="VTR:StopPointInJourneyPattern:83600845" version="2326246"/>
                  <DepartureTime>15:48:00</DepartureTime>
                  <DepartureDayOffset>0</DepartureDayOffset>
                </TimetabledPassingTime>
                <TimetabledPassingTime version="2326246" id="VTR:TimetabledPassingTime:2324606_83600846_12">
                  <StopPointInJourneyPatternRef ref="VTR:StopPointInJourneyPattern:83600846" version="2326246"/>
                  <DepartureTime>16:00:00</DepartureTime>
                  <DepartureDayOffset>0</DepartureDayOffset>
                </TimetabledPassingTime>
                <TimetabledPassingTime version="2326246" id="VTR:TimetabledPassingTime:2324606_83600847_13">
                  <StopPointInJourneyPatternRef ref="VTR:StopPointInJourneyPattern:83600847" version="2326246"/>
                  <DepartureTime>16:03:00</DepartureTime>
                  <DepartureDayOffset>0</DepartureDayOffset>
                </TimetabledPassingTime>
                <TimetabledPassingTime version="2326246" id="VTR:TimetabledPassingTime:2324606_83600848_14">
                  <StopPointInJourneyPatternRef ref="VTR:StopPointInJourneyPattern:83600848" version="2326246"/>
                  <DepartureTime>16:07:00</DepartureTime>
                  <DepartureDayOffset>0</DepartureDayOffset>
                </TimetabledPassingTime>
                <TimetabledPassingTime version="2326246" id="VTR:TimetabledPassingTime:2324606_83600849_15">
                  <StopPointInJourneyPatternRef ref="VTR:StopPointInJourneyPattern:83600849" version="2326246"/>
                  <DepartureTime>16:09:00</DepartureTime>
                  <DepartureDayOffset>0</DepartureDayOffset>
                </TimetabledPassingTime>
              </passingTimes>
            </ServiceJourney>
            <ServiceJourney version="2326245" id="VTR:ServiceJourney:2324605">
              <Name>Baisogala - Pašakiai - Baisogala</Name>
              <PrivateCode>1</PrivateCode>
              <dayTypes>
                <DayTypeRef ref="VTR:DayType:2030"/>
              </dayTypes>
              <JourneyPatternRef version="2326245" ref="VTR:JourneyPattern:2324605"/>
              <OperatorRef ref="VTR:Operator:455"/>
              <LineRef ref="VTR:Line:2661" version="7307"/>
              <passingTimes>
                <TimetabledPassingTime version="2326245" id="VTR:TimetabledPassingTime:2324605_83600820_1">
                  <StopPointInJourneyPatternRef ref="VTR:StopPointInJourneyPattern:83600820" version="2326245"/>
                  <DepartureTime>07:00:00</DepartureTime>
                  <DepartureDayOffset>0</DepartureDayOffset>
                </TimetabledPassingTime>
                <TimetabledPassingTime version="2326245" id="VTR:TimetabledPassingTime:2324605_83600821_2">
                  <StopPointInJourneyPatternRef ref="VTR:StopPointInJourneyPattern:83600821" version="2326245"/>
                  <DepartureTime>07:03:00</DepartureTime>
                  <DepartureDayOffset>0</DepartureDayOffset>
                </TimetabledPassingTime>
                <TimetabledPassingTime version="2326245" id="VTR:TimetabledPassingTime:2324605_83600822_3">
                  <StopPointInJourneyPatternRef ref="VTR:StopPointInJourneyPattern:83600822" version="2326245"/>
                  <DepartureTime>07:06:00</DepartureTime>
                  <DepartureDayOffset>0</DepartureDayOffset>
                </TimetabledPassingTime>
                <TimetabledPassingTime version="2326245" id="VTR:TimetabledPassingTime:2324605_83600823_4">
                  <StopPointInJourneyPatternRef ref="VTR:StopPointInJourneyPattern:83600823" version="2326245"/>
                  <DepartureTime>07:09:00</DepartureTime>
                  <DepartureDayOffset>0</DepartureDayOffset>
                </TimetabledPassingTime>
                <TimetabledPassingTime version="2326245" id="VTR:TimetabledPassingTime:2324605_83600824_5">
                  <StopPointInJourneyPatternRef ref="VTR:StopPointInJourneyPattern:83600824" version="2326245"/>
                  <DepartureTime>07:12:00</DepartureTime>
                  <DepartureDayOffset>0</DepartureDayOffset>
                </TimetabledPassingTime>
                <TimetabledPassingTime version="2326245" id="VTR:TimetabledPassingTime:2324605_83600825_6">
                  <StopPointInJourneyPatternRef ref="VTR:StopPointInJourneyPattern:83600825" version="2326245"/>
                  <DepartureTime>07:18:00</DepartureTime>
                  <DepartureDayOffset>0</DepartureDayOffset>
                </TimetabledPassingTime>
                <TimetabledPassingTime version="2326245" id="VTR:TimetabledPassingTime:2324605_83600826_7">
                  <StopPointInJourneyPatternRef ref="VTR:StopPointInJourneyPattern:83600826" version="2326245"/>
                  <DepartureTime>07:24:00</DepartureTime>
                  <DepartureDayOffset>0</DepartureDayOffset>
                </TimetabledPassingTime>
                <TimetabledPassingTime version="2326245" id="VTR:TimetabledPassingTime:2324605_83600827_8">
                  <StopPointInJourneyPatternRef ref="VTR:StopPointInJourneyPattern:83600827" version="2326245"/>
                  <DepartureTime>07:27:00</DepartureTime>
                  <DepartureDayOffset>0</DepartureDayOffset>
                </TimetabledPassingTime>
                <TimetabledPassingTime version="2326245" id="VTR:TimetabledPassingTime:2324605_83600828_9">
                  <StopPointInJourneyPatternRef ref="VTR:StopPointInJourneyPattern:83600828" version="2326245"/>
                  <DepartureTime>07:32:00</DepartureTime>
                  <DepartureDayOffset>0</DepartureDayOffset>
                </TimetabledPassingTime>
                <TimetabledPassingTime version="2326245" id="VTR:TimetabledPassingTime:2324605_83600829_10">
                  <StopPointInJourneyPatternRef ref="VTR:StopPointInJourneyPattern:83600829" version="2326245"/>
                  <DepartureTime>07:40:00</DepartureTime>
                  <DepartureDayOffset>0</DepartureDayOffset>
                </TimetabledPassingTime>
                <TimetabledPassingTime version="2326245" id="VTR:TimetabledPassingTime:2324605_83600830_11">
                  <StopPointInJourneyPatternRef ref="VTR:StopPointInJourneyPattern:83600830" version="2326245"/>
                  <DepartureTime>07:43:00</DepartureTime>
                  <DepartureDayOffset>0</DepartureDayOffset>
                </TimetabledPassingTime>
                <TimetabledPassingTime version="2326245" id="VTR:TimetabledPassingTime:2324605_83600831_12">
                  <StopPointInJourneyPatternRef ref="VTR:StopPointInJourneyPattern:83600831" version="2326245"/>
                  <DepartureTime>07:55:00</DepartureTime>
                  <DepartureDayOffset>0</DepartureDayOffset>
                </TimetabledPassingTime>
                <TimetabledPassingTime version="2326245" id="VTR:TimetabledPassingTime:2324605_83600832_13">
                  <StopPointInJourneyPatternRef ref="VTR:StopPointInJourneyPattern:83600832" version="2326245"/>
                  <DepartureTime>07:58:00</DepartureTime>
                  <DepartureDayOffset>0</DepartureDayOffset>
                </TimetabledPassingTime>
                <TimetabledPassingTime version="2326245" id="VTR:TimetabledPassingTime:2324605_83600833_14">
                  <StopPointInJourneyPatternRef ref="VTR:StopPointInJourneyPattern:83600833" version="2326245"/>
                  <DepartureTime>08:02:00</DepartureTime>
                  <DepartureDayOffset>0</DepartureDayOffset>
                </TimetabledPassingTime>
                <TimetabledPassingTime version="2326245" id="VTR:TimetabledPassingTime:2324605_83600834_15">
                  <StopPointInJourneyPatternRef ref="VTR:StopPointInJourneyPattern:83600834" version="2326245"/>
                  <DepartureTime>08:04:00</DepartureTime>
                  <DepartureDayOffset>0</DepartureDayOffset>
                </TimetabledPassingTime>
              </passingTimes>
            </ServiceJourney>
            <ServiceJourney version="2326244" id="VTR:ServiceJourney:2324604">
              <Name>Baisogala - Pašakai - Baisogala (ne m.m.d.)</Name>
              <PrivateCode>4</PrivateCode>
              <dayTypes>
                <DayTypeRef ref="VTR:DayType:2377"/>
              </dayTypes>
              <JourneyPatternRef version="2326244" ref="VTR:JourneyPattern:2324604"/>
              <OperatorRef ref="VTR:Operator:455"/>
              <LineRef ref="VTR:Line:2661" version="7307"/>
              <passingTimes>
                <TimetabledPassingTime version="2326244" id="VTR:TimetabledPassingTime:2324604_83600809_1">
                  <StopPointInJourneyPatternRef ref="VTR:StopPointInJourneyPattern:83600809" version="2326244"/>
                  <DepartureTime>15:20:00</DepartureTime>
                  <DepartureDayOffset>0</DepartureDayOffset>
                </TimetabledPassingTime>
                <TimetabledPassingTime version="2326244" id="VTR:TimetabledPassingTime:2324604_83600810_2">
                  <StopPointInJourneyPatternRef ref="VTR:StopPointInJourneyPattern:83600810" version="2326244"/>
                  <DepartureTime>15:25:00</DepartureTime>
                  <DepartureDayOffset>0</DepartureDayOffset>
                </TimetabledPassingTime>
                <TimetabledPassingTime version="2326244" id="VTR:TimetabledPassingTime:2324604_83600811_3">
                  <StopPointInJourneyPatternRef ref="VTR:StopPointInJourneyPattern:83600811" version="2326244"/>
                  <DepartureTime>15:28:00</DepartureTime>
                  <DepartureDayOffset>0</DepartureDayOffset>
                </TimetabledPassingTime>
                <TimetabledPassingTime version="2326244" id="VTR:TimetabledPassingTime:2324604_83600812_4">
                  <StopPointInJourneyPatternRef ref="VTR:StopPointInJourneyPattern:83600812" version="2326244"/>
                  <DepartureTime>15:30:00</DepartureTime>
                  <DepartureDayOffset>0</DepartureDayOffset>
                </TimetabledPassingTime>
                <TimetabledPassingTime version="2326244" id="VTR:TimetabledPassingTime:2324604_83600813_5">
                  <StopPointInJourneyPatternRef ref="VTR:StopPointInJourneyPattern:83600813" version="2326244"/>
                  <DepartureTime>15:40:00</DepartureTime>
                  <DepartureDayOffset>0</DepartureDayOffset>
                </TimetabledPassingTime>
                <TimetabledPassingTime version="2326244" id="VTR:TimetabledPassingTime:2324604_83600814_6">
                  <StopPointInJourneyPatternRef ref="VTR:StopPointInJourneyPattern:83600814" version="2326244"/>
                  <DepartureTime>15:45:00</DepartureTime>
                  <DepartureDayOffset>0</DepartureDayOffset>
                </TimetabledPassingTime>
                <TimetabledPassingTime version="2326244" id="VTR:TimetabledPassingTime:2324604_83600815_7">
                  <StopPointInJourneyPatternRef ref="VTR:StopPointInJourneyPattern:83600815" version="2326244"/>
                  <DepartureTime>15:50:00</DepartureTime>
                  <DepartureDayOffset>0</DepartureDayOffset>
                </TimetabledPassingTime>
                <TimetabledPassingTime version="2326244" id="VTR:TimetabledPassingTime:2324604_83600816_8">
                  <StopPointInJourneyPatternRef ref="VTR:StopPointInJourneyPattern:83600816" version="2326244"/>
                  <DepartureTime>15:55:00</DepartureTime>
                  <DepartureDayOffset>0</DepartureDayOffset>
                </TimetabledPassingTime>
                <TimetabledPassingTime version="2326244" id="VTR:TimetabledPassingTime:2324604_83600817_9">
                  <StopPointInJourneyPatternRef ref="VTR:StopPointInJourneyPattern:83600817" version="2326244"/>
                  <DepartureTime>16:00:00</DepartureTime>
                  <DepartureDayOffset>0</DepartureDayOffset>
                </TimetabledPassingTime>
                <TimetabledPassingTime version="2326244" id="VTR:TimetabledPassingTime:2324604_83600818_10">
                  <StopPointInJourneyPatternRef ref="VTR:StopPointInJourneyPattern:83600818" version="2326244"/>
                  <DepartureTime>16:03:00</DepartureTime>
                  <DepartureDayOffset>0</DepartureDayOffset>
                </TimetabledPassingTime>
                <TimetabledPassingTime version="2326244" id="VTR:TimetabledPassingTime:2324604_83600819_11">
                  <StopPointInJourneyPatternRef ref="VTR:StopPointInJourneyPattern:83600819" version="2326244"/>
                  <DepartureTime>16:05:00</DepartureTime>
                  <DepartureDayOffset>0</DepartureDayOffset>
                </TimetabledPassingTime>
              </passingTimes>
            </ServiceJourney>
            <ServiceJourney version="2326243" id="VTR:ServiceJourney:2324603">
              <Name>Baisogala - Pašakai - Baisogala (ne m.m.d.)</Name>
              <PrivateCode>3</PrivateCode>
              <dayTypes>
                <DayTypeRef ref="VTR:DayType:2377"/>
              </dayTypes>
              <JourneyPatternRef version="2326243" ref="VTR:JourneyPattern:2324603"/>
              <OperatorRef ref="VTR:Operator:455"/>
              <LineRef ref="VTR:Line:2661" version="7307"/>
              <passingTimes>
                <TimetabledPassingTime version="2326243" id="VTR:TimetabledPassingTime:2324603_83600798_1">
                  <StopPointInJourneyPatternRef ref="VTR:StopPointInJourneyPattern:83600798" version="2326243"/>
                  <DepartureTime>07:10:00</DepartureTime>
                  <DepartureDayOffset>0</DepartureDayOffset>
                </TimetabledPassingTime>
                <TimetabledPassingTime version="2326243" id="VTR:TimetabledPassingTime:2324603_83600799_2">
                  <StopPointInJourneyPatternRef ref="VTR:StopPointInJourneyPattern:83600799" version="2326243"/>
                  <DepartureTime>07:15:00</DepartureTime>
                  <DepartureDayOffset>0</DepartureDayOffset>
                </TimetabledPassingTime>
                <TimetabledPassingTime version="2326243" id="VTR:TimetabledPassingTime:2324603_83600800_3">
                  <StopPointInJourneyPatternRef ref="VTR:StopPointInJourneyPattern:83600800" version="2326243"/>
                  <DepartureTime>07:18:00</DepartureTime>
                  <DepartureDayOffset>0</DepartureDayOffset>
                </TimetabledPassingTime>
                <TimetabledPassingTime version="2326243" id="VTR:TimetabledPassingTime:2324603_83600801_4">
                  <StopPointInJourneyPatternRef ref="VTR:StopPointInJourneyPattern:83600801" version="2326243"/>
                  <DepartureTime>07:20:00</DepartureTime>
                  <DepartureDayOffset>0</DepartureDayOffset>
                </TimetabledPassingTime>
                <TimetabledPassingTime version="2326243" id="VTR:TimetabledPassingTime:2324603_83600802_5">
                  <StopPointInJourneyPatternRef ref="VTR:StopPointInJourneyPattern:83600802" version="2326243"/>
                  <DepartureTime>07:30:00</DepartureTime>
                  <DepartureDayOffset>0</DepartureDayOffset>
                </TimetabledPassingTime>
                <TimetabledPassingTime version="2326243" id="VTR:TimetabledPassingTime:2324603_83600803_6">
                  <StopPointInJourneyPatternRef ref="VTR:StopPointInJourneyPattern:83600803" version="2326243"/>
                  <DepartureTime>07:35:00</DepartureTime>
                  <DepartureDayOffset>0</DepartureDayOffset>
                </TimetabledPassingTime>
                <TimetabledPassingTime version="2326243" id="VTR:TimetabledPassingTime:2324603_83600804_7">
                  <StopPointInJourneyPatternRef ref="VTR:StopPointInJourneyPattern:83600804" version="2326243"/>
                  <DepartureTime>07:40:00</DepartureTime>
                  <DepartureDayOffset>0</DepartureDayOffset>
                </TimetabledPassingTime>
                <TimetabledPassingTime version="2326243" id="VTR:TimetabledPassingTime:2324603_83600805_8">
                  <StopPointInJourneyPatternRef ref="VTR:StopPointInJourneyPattern:83600805" version="2326243"/>
                  <DepartureTime>07:45:00</DepartureTime>
                  <DepartureDayOffset>0</DepartureDayOffset>
                </TimetabledPassingTime>
                <TimetabledPassingTime version="2326243" id="VTR:TimetabledPassingTime:2324603_83600806_9">
                  <StopPointInJourneyPatternRef ref="VTR:StopPointInJourneyPattern:83600806" version="2326243"/>
                  <DepartureTime>07:50:00</DepartureTime>
                  <DepartureDayOffset>0</DepartureDayOffset>
                </TimetabledPassingTime>
                <TimetabledPassingTime version="2326243" id="VTR:TimetabledPassingTime:2324603_83600807_10">
                  <StopPointInJourneyPatternRef ref="VTR:StopPointInJourneyPattern:83600807" version="2326243"/>
                  <DepartureTime>07:53:00</DepartureTime>
                  <DepartureDayOffset>0</DepartureDayOffset>
                </TimetabledPassingTime>
                <TimetabledPassingTime version="2326243" id="VTR:TimetabledPassingTime:2324603_83600808_11">
                  <StopPointInJourneyPatternRef ref="VTR:StopPointInJourneyPattern:83600808" version="2326243"/>
                  <DepartureTime>07:55:00</DepartureTime>
                  <DepartureDayOffset>0</DepartureDayOffset>
                </TimetabledPassingTime>
              </passingTimes>
            </ServiceJourney>
          </vehicleJourneys>
        </TimetableFrame>
        <ResourceFrame version="1" id="VTR:ResourceFrame:1374">
          <organisations>
            <Authority version="1" id="VTR:Authority:22">
              <CompanyNumber>71</CompanyNumber>
              <Name>Radviliškio r. sav.</Name>
              <LegalName>Radviliškio r. sav.</LegalName>
              <ContactDetails>
                <Email>emtra@splius.lt</Email>
                <Phone>8 422 50500</Phone>
                <Url>www.radviliskis.lt</Url>
              </ContactDetails>
              <OrganisationType>authority</OrganisationType>
            </Authority>
          </organisations>
        </ResourceFrame>
        <FareFrame id="VTR:FareFrame:2661" version="1">
          <FrameDefaults>
            <DefaultCurrency>EUR</DefaultCurrency>
          </FrameDefaults>
          <usageParameters>
            <RoundTrip id="VTR:RoundTrip:single" version="1">
              <Name>Single</Name>
              <TripType>single</TripType>
            </RoundTrip>
            <FrequencyOfUse id="VTR:FrequencyOfUse:once" version="1">
              <Name>Once</Name>
              <MaximalFrequency>1</MaximalFrequency>
            </FrequencyOfUse>
          </usageParameters>
          <priceGroups>
            <PriceGroup id="VTR:PriceGroup:PG01" version="1">
              <Name>Flat Fare Products - Standard</Name>
              <members>
                <FareProductPrice id="VTR:FareProductPrice:standard" version="1">
                  <Name>Single fare</Name>
                  <Amount>0.7</Amount>
                  <Currency>EUR</Currency>
                </FareProductPrice>
              </members>
            </PriceGroup>
          </priceGroups>
        </FareFrame>
      </frames>
    </CompositeFrame>
  </dataObjects>
</PublicationDelivery>
