<?xml version="1.0" encoding="UTF-8"?><PublicationDelivery xmlns="http://www.netex.org.uk/netex" xmlns:gis="http://www.opengis.net/gml/3.2" xmlns:ns2="http://www.opengis.net/gml/3.2" xmlns:ns3="http://www.siri.org.uk/siri" xmlns:xsi="http://www.w3.org/2001/XMLSchema-instance" version="1" xsi:schemaLocation="">
  <PublicationTimestamp>2022-05-07T02:45:00.260</PublicationTimestamp>
  <ParticipantRef>VTR</ParticipantRef>
  <Description>1</Description>
  <dataObjects>
    <CompositeFrame created="2022-05-07T02:45:00.260" version="1" id="VTR:CompositeFrame:1374">
      <validityConditions>
        <AvailabilityCondition version="1" id="VTR:AvailabilityCondition:1374">
          <FromDate>2015-09-24T14:33:47</FromDate>
          <ToDate>2023-03-01T00:00:00</ToDate>
        </AvailabilityCondition>
      </validityConditions>
      <codespaces>
        <Codespace id="vtr">
          <Xmlns>VTR</Xmlns>
          <XmlnsUrl>http://www.visimarsrutai.lt/</XmlnsUrl>
        </Codespace>
      </codespaces>
      <FrameDefaults>
        <DefaultLocale>
          <TimeZone>Europe/Vilnius</TimeZone>
        </DefaultLocale>
        <DefaultLocationSystem>WGS84</DefaultLocationSystem>
      </FrameDefaults>
      <frames>
        <ServiceCalendarFrame version="1" id="VTR:ServiceCalendarFrame:1374">
          <dayTypes>
            <DayType id="VTR:DayType:2030" version="1">
              <properties>
                <PropertyOfDay>
                  <DaysOfWeek>Monday Tuesday Wednesday Thursday Friday</DaysOfWeek>
                </PropertyOfDay>
              </properties>
            </DayType>
            <DayType id="VTR:DayType:7532" version="1">
              <properties>
                <PropertyOfDay>
                  <DaysOfWeek>Monday Tuesday Wednesday Thursday Friday</DaysOfWeek>
                </PropertyOfDay>
              </properties>
            </DayType>
          </dayTypes>
          <operatingPeriods>
            <OperatingPeriod version="1" id="VTR:OperatingPeriod:2030">
              <FromDate>2015-09-01T00:00:00</FromDate>
              <ToDate>2019-12-31T00:00:00</ToDate>
            </OperatingPeriod>
            <OperatingPeriod version="1" id="VTR:OperatingPeriod:7532">
              <FromDate>2016-01-01T00:00:00</FromDate>
              <ToDate>2019-12-31T00:00:00</ToDate>
            </OperatingPeriod>
          </operatingPeriods>
          <dayTypeAssignments>
            <DayTypeAssignment id="VTR:DayTypeAssignment:2030_0" version="1" order="1764">
              <OperatingPeriodRef ref="VTR:OperatingPeriod:2030" version="1"/>
              <DayTypeRef ref="VTR:DayType:2030" version="1"/>
            </DayTypeAssignment>
            <DayTypeAssignment id="VTR:DayTypeAssignment:7532_0" version="1" order="3579">
              <OperatingPeriodRef ref="VTR:OperatingPeriod:7532" version="1"/>
              <DayTypeRef ref="VTR:DayType:7532" version="1"/>
            </DayTypeAssignment>
          </dayTypeAssignments>
        </ServiceCalendarFrame>
        <ServiceFrame id="VTR:ServiceFrame:1374" version="1">
          <Network version="0" id="VTR:Network:22"/>
          <routePoints>
            <RoutePoint version="1" id="VTR:RoutePoint:1186958">
              <projections>
                <PointProjection version="1" id="VTR:PointProjection:38897">
                  <ProjectedPointRef ref="VTR:ScheduledStopPoint:1186958" version="1"/>
                </PointProjection>
              </projections>
            </RoutePoint>
            <RoutePoint version="1" id="VTR:RoutePoint:1186959">
              <projections>
                <PointProjection version="1" id="VTR:PointProjection:38903">
                  <ProjectedPointRef ref="VTR:ScheduledStopPoint:1186959" version="1"/>
                </PointProjection>
              </projections>
            </RoutePoint>
            <RoutePoint version="1" id="VTR:RoutePoint:1186960">
              <projections>
                <PointProjection version="1" id="VTR:PointProjection:38904">
                  <ProjectedPointRef ref="VTR:ScheduledStopPoint:1186960" version="1"/>
                </PointProjection>
              </projections>
            </RoutePoint>
            <RoutePoint version="1" id="VTR:RoutePoint:1186961">
              <projections>
                <PointProjection version="1" id="VTR:PointProjection:38905">
                  <ProjectedPointRef ref="VTR:ScheduledStopPoint:1186961" version="1"/>
                </PointProjection>
              </projections>
            </RoutePoint>
            <RoutePoint version="1" id="VTR:RoutePoint:1186962">
              <projections>
                <PointProjection version="1" id="VTR:PointProjection:38906">
                  <ProjectedPointRef ref="VTR:ScheduledStopPoint:1186962" version="1"/>
                </PointProjection>
              </projections>
            </RoutePoint>
            <RoutePoint version="1" id="VTR:RoutePoint:1187028">
              <projections>
                <PointProjection version="1" id="VTR:PointProjection:60475">
                  <ProjectedPointRef ref="VTR:ScheduledStopPoint:1187028" version="1"/>
                </PointProjection>
              </projections>
            </RoutePoint>
            <RoutePoint version="1" id="VTR:RoutePoint:1187029">
              <projections>
                <PointProjection version="1" id="VTR:PointProjection:60476">
                  <ProjectedPointRef ref="VTR:ScheduledStopPoint:1187029" version="1"/>
                </PointProjection>
              </projections>
            </RoutePoint>
            <RoutePoint version="1" id="VTR:RoutePoint:1187030">
              <projections>
                <PointProjection version="1" id="VTR:PointProjection:60477">
                  <ProjectedPointRef ref="VTR:ScheduledStopPoint:1187030" version="1"/>
                </PointProjection>
              </projections>
            </RoutePoint>
            <RoutePoint version="1" id="VTR:RoutePoint:1187031">
              <projections>
                <PointProjection version="1" id="VTR:PointProjection:60478">
                  <ProjectedPointRef ref="VTR:ScheduledStopPoint:1187031" version="1"/>
                </PointProjection>
              </projections>
            </RoutePoint>
            <RoutePoint version="1" id="VTR:RoutePoint:1187032">
              <projections>
                <PointProjection version="1" id="VTR:PointProjection:60479">
                  <ProjectedPointRef ref="VTR:ScheduledStopPoint:1187032" version="1"/>
                </PointProjection>
              </projections>
            </RoutePoint>
            <RoutePoint version="1" id="VTR:RoutePoint:1187033">
              <projections>
                <PointProjection version="1" id="VTR:PointProjection:60480">
                  <ProjectedPointRef ref="VTR:ScheduledStopPoint:1187033" version="1"/>
                </PointProjection>
              </projections>
            </RoutePoint>
            <RoutePoint version="1" id="VTR:RoutePoint:1187034">
              <projections>
                <PointProjection version="1" id="VTR:PointProjection:60481">
                  <ProjectedPointRef ref="VTR:ScheduledStopPoint:1187034" version="1"/>
                </PointProjection>
              </projections>
            </RoutePoint>
          </routePoints>
          <routes>
            <Route version="1" id="VTR:Route:16579">
              <Name>Radviliškis - Mankiškiai</Name>
              <ShortName>Radviliškis - Mankiškiai</ShortName>
              <LineRef ref="VTR:Line:2456" version="7321"/>
              <DirectionType>outbound</DirectionType>
              <pointsInSequence>
                <PointOnRoute version="1" id="VTR:PointOnRoute:1186958" order="1">
                  <RoutePointRef ref="VTR:RoutePoint:1186958"/>
                </PointOnRoute>
                <PointOnRoute version="1" id="VTR:PointOnRoute:1187028" order="2">
                  <RoutePointRef ref="VTR:RoutePoint:1187028"/>
                </PointOnRoute>
                <PointOnRoute version="1" id="VTR:PointOnRoute:1187029" order="3">
                  <RoutePointRef ref="VTR:RoutePoint:1187029"/>
                </PointOnRoute>
                <PointOnRoute version="1" id="VTR:PointOnRoute:1186960" order="4">
                  <RoutePointRef ref="VTR:RoutePoint:1186960"/>
                </PointOnRoute>
                <PointOnRoute version="1" id="VTR:PointOnRoute:1186959" order="5">
                  <RoutePointRef ref="VTR:RoutePoint:1186959"/>
                </PointOnRoute>
                <PointOnRoute version="1" id="VTR:PointOnRoute:1187030" order="6">
                  <RoutePointRef ref="VTR:RoutePoint:1187030"/>
                </PointOnRoute>
                <PointOnRoute version="1" id="VTR:PointOnRoute:1186961" order="7">
                  <RoutePointRef ref="VTR:RoutePoint:1186961"/>
                </PointOnRoute>
                <PointOnRoute version="1" id="VTR:PointOnRoute:1187031" order="8">
                  <RoutePointRef ref="VTR:RoutePoint:1187031"/>
                </PointOnRoute>
                <PointOnRoute version="1" id="VTR:PointOnRoute:1187032" order="9">
                  <RoutePointRef ref="VTR:RoutePoint:1187032"/>
                </PointOnRoute>
                <PointOnRoute version="1" id="VTR:PointOnRoute:1187033" order="10">
                  <RoutePointRef ref="VTR:RoutePoint:1187033"/>
                </PointOnRoute>
                <PointOnRoute version="1" id="VTR:PointOnRoute:1187034" order="11">
                  <RoutePointRef ref="VTR:RoutePoint:1187034"/>
                </PointOnRoute>
                <PointOnRoute version="1" id="VTR:PointOnRoute:1186962" order="12">
                  <RoutePointRef ref="VTR:RoutePoint:1186962"/>
                </PointOnRoute>
              </pointsInSequence>
            </Route>
          </routes>
          <lines>
            <Line version="7321" id="VTR:Line:2456">
              <Name>Radviliškis - Mankiškiai</Name>
              <TransportMode>bus</TransportMode>
              <TransportSubmode>
                <BusSubmode>regionalBus</BusSubmode>
              </TransportSubmode>
              <PublicCode>2</PublicCode>
              <OperatorRef ref="VTR:Operator:22"/>
            </Line>
          </lines>
          <scheduledStopPoints>
            <ScheduledStopPoint version="1" id="VTR:ScheduledStopPoint:1186958">
              <Name>Radviliškio autobusų stotis</Name>
            </ScheduledStopPoint>
            <ScheduledStopPoint version="1" id="VTR:ScheduledStopPoint:1186959">
              <Name>Mankiškiai</Name>
            </ScheduledStopPoint>
            <ScheduledStopPoint version="1" id="VTR:ScheduledStopPoint:1186960">
              <Name>Mankiškiai II</Name>
            </ScheduledStopPoint>
            <ScheduledStopPoint version="1" id="VTR:ScheduledStopPoint:1186961">
              <Name>Durpynas</Name>
            </ScheduledStopPoint>
            <ScheduledStopPoint version="1" id="VTR:ScheduledStopPoint:1186962">
              <Name>Radviliškio autobusų stotis</Name>
            </ScheduledStopPoint>
            <ScheduledStopPoint version="1" id="VTR:ScheduledStopPoint:1187028">
              <Name>Kutiškiai I</Name>
            </ScheduledStopPoint>
            <ScheduledStopPoint version="1" id="VTR:ScheduledStopPoint:1187029">
              <Name>Mankiškiai</Name>
            </ScheduledStopPoint>
            <ScheduledStopPoint version="1" id="VTR:ScheduledStopPoint:1187030">
              <Name>Kutiškiai</Name>
            </ScheduledStopPoint>
            <ScheduledStopPoint version="1" id="VTR:ScheduledStopPoint:1187031">
              <Name>Vaižganto g.</Name>
            </ScheduledStopPoint>
            <ScheduledStopPoint version="1" id="VTR:ScheduledStopPoint:1187032">
              <Name>Centras</Name>
            </ScheduledStopPoint>
            <ScheduledStopPoint version="1" id="VTR:ScheduledStopPoint:1187033">
              <Name>Turgus</Name>
            </ScheduledStopPoint>
            <ScheduledStopPoint version="1" id="VTR:ScheduledStopPoint:1187034">
              <Name>Žalgirio g.</Name>
            </ScheduledStopPoint>
          </scheduledStopPoints>
          <serviceLinks>
            <ServiceLink id="VTR:ServiceLink:1186959_1_1187030_1" version="1">
              <Distance>2</Distance>
              <FromPointRef ref="VTR:ScheduledStopPoint:1186959" version="1"/>
              <ToPointRef ref="VTR:ScheduledStopPoint:1187030" version="1"/>
            </ServiceLink>
            <ServiceLink id="VTR:ServiceLink:1187034_1_1186962_1" version="1">
              <Distance>0</Distance>
              <FromPointRef ref="VTR:ScheduledStopPoint:1187034" version="1"/>
              <ToPointRef ref="VTR:ScheduledStopPoint:1186962" version="1"/>
            </ServiceLink>
            <ServiceLink id="VTR:ServiceLink:1187028_1_1187029_1" version="1">
              <Distance>1</Distance>
              <FromPointRef ref="VTR:ScheduledStopPoint:1187028" version="1"/>
              <ToPointRef ref="VTR:ScheduledStopPoint:1187029" version="1"/>
            </ServiceLink>
            <ServiceLink id="VTR:ServiceLink:1187030_1_1186961_1" version="1">
              <Distance>3</Distance>
              <FromPointRef ref="VTR:ScheduledStopPoint:1187030" version="1"/>
              <ToPointRef ref="VTR:ScheduledStopPoint:1186961" version="1"/>
            </ServiceLink>
            <ServiceLink id="VTR:ServiceLink:1186961_1_1187031_1" version="1">
              <Distance>2</Distance>
              <FromPointRef ref="VTR:ScheduledStopPoint:1186961" version="1"/>
              <ToPointRef ref="VTR:ScheduledStopPoint:1187031" version="1"/>
            </ServiceLink>
            <ServiceLink id="VTR:ServiceLink:1187029_1_1186960_1" version="1">
              <Distance>1</Distance>
              <FromPointRef ref="VTR:ScheduledStopPoint:1187029" version="1"/>
              <ToPointRef ref="VTR:ScheduledStopPoint:1186960" version="1"/>
            </ServiceLink>
            <ServiceLink id="VTR:ServiceLink:1187033_1_1187034_1" version="1">
              <Distance>1</Distance>
              <FromPointRef ref="VTR:ScheduledStopPoint:1187033" version="1"/>
              <ToPointRef ref="VTR:ScheduledStopPoint:1187034" version="1"/>
            </ServiceLink>
            <ServiceLink id="VTR:ServiceLink:1187031_1_1187032_1" version="1">
              <Distance>1</Distance>
              <FromPointRef ref="VTR:ScheduledStopPoint:1187031" version="1"/>
              <ToPointRef ref="VTR:ScheduledStopPoint:1187032" version="1"/>
            </ServiceLink>
            <ServiceLink id="VTR:ServiceLink:1186960_1_1186959_1" version="1">
              <Distance>1</Distance>
              <FromPointRef ref="VTR:ScheduledStopPoint:1186960" version="1"/>
              <ToPointRef ref="VTR:ScheduledStopPoint:1186959" version="1"/>
            </ServiceLink>
            <ServiceLink id="VTR:ServiceLink:1187032_1_1187033_1" version="1">
              <Distance>0</Distance>
              <FromPointRef ref="VTR:ScheduledStopPoint:1187032" version="1"/>
              <ToPointRef ref="VTR:ScheduledStopPoint:1187033" version="1"/>
            </ServiceLink>
            <ServiceLink id="VTR:ServiceLink:1186958_1_1187028_1" version="1">
              <Distance>5</Distance>
              <FromPointRef ref="VTR:ScheduledStopPoint:1186958" version="1"/>
              <ToPointRef ref="VTR:ScheduledStopPoint:1187028" version="1"/>
            </ServiceLink>
          </serviceLinks>
          <stopAssignments>
            <PassengerStopAssignment order="1657900000" id="VTR:PassengerStopAssignment:1186958" version="1">
              <ScheduledStopPointRef ref="VTR:ScheduledStopPoint:1186958" version="1"/>
              <QuayRef ref="VTR:Quay:19490"/>
            </PassengerStopAssignment>
            <PassengerStopAssignment order="1657900001" id="VTR:PassengerStopAssignment:1187028" version="1">
              <ScheduledStopPointRef ref="VTR:ScheduledStopPoint:1187028" version="1"/>
              <QuayRef ref="VTR:Quay:29402"/>
            </PassengerStopAssignment>
            <PassengerStopAssignment order="1657900002" id="VTR:PassengerStopAssignment:1187029" version="1">
              <ScheduledStopPointRef ref="VTR:ScheduledStopPoint:1187029" version="1"/>
              <QuayRef ref="VTR:Quay:8592"/>
            </PassengerStopAssignment>
            <PassengerStopAssignment order="1657900003" id="VTR:PassengerStopAssignment:1186960" version="1">
              <ScheduledStopPointRef ref="VTR:ScheduledStopPoint:1186960" version="1"/>
              <QuayRef ref="VTR:Quay:6677"/>
            </PassengerStopAssignment>
            <PassengerStopAssignment order="1657900004" id="VTR:PassengerStopAssignment:1186959" version="1">
              <ScheduledStopPointRef ref="VTR:ScheduledStopPoint:1186959" version="1"/>
              <QuayRef ref="VTR:Quay:11699"/>
            </PassengerStopAssignment>
            <PassengerStopAssignment order="1657900005" id="VTR:PassengerStopAssignment:1187030" version="1">
              <ScheduledStopPointRef ref="VTR:ScheduledStopPoint:1187030" version="1"/>
              <QuayRef ref="VTR:Quay:12562"/>
            </PassengerStopAssignment>
            <PassengerStopAssignment order="1657900006" id="VTR:PassengerStopAssignment:1186961" version="1">
              <ScheduledStopPointRef ref="VTR:ScheduledStopPoint:1186961" version="1"/>
              <QuayRef ref="VTR:Quay:23856"/>
            </PassengerStopAssignment>
            <PassengerStopAssignment order="1657900007" id="VTR:PassengerStopAssignment:1187031" version="1">
              <ScheduledStopPointRef ref="VTR:ScheduledStopPoint:1187031" version="1"/>
              <QuayRef ref="VTR:Quay:24334"/>
            </PassengerStopAssignment>
            <PassengerStopAssignment order="1657900008" id="VTR:PassengerStopAssignment:1187032" version="1">
              <ScheduledStopPointRef ref="VTR:ScheduledStopPoint:1187032" version="1"/>
              <QuayRef ref="VTR:Quay:24212"/>
            </PassengerStopAssignment>
            <PassengerStopAssignment order="1657900009" id="VTR:PassengerStopAssignment:1187033" version="1">
              <ScheduledStopPointRef ref="VTR:ScheduledStopPoint:1187033" version="1"/>
              <QuayRef ref="VTR:Quay:24342"/>
            </PassengerStopAssignment>
            <PassengerStopAssignment order="1657900010" id="VTR:PassengerStopAssignment:1187034" version="1">
              <ScheduledStopPointRef ref="VTR:ScheduledStopPoint:1187034" version="1"/>
              <QuayRef ref="VTR:Quay:13659"/>
            </PassengerStopAssignment>
            <PassengerStopAssignment order="1657900011" id="VTR:PassengerStopAssignment:1186962" version="1">
              <ScheduledStopPointRef ref="VTR:ScheduledStopPoint:1186962" version="1"/>
              <QuayRef ref="VTR:Quay:19490"/>
            </PassengerStopAssignment>
          </stopAssignments>
          <journeyPatterns>
            <JourneyPattern id="VTR:JourneyPattern:2324830" version="2326494">
              <Name>1</Name>
              <RouteRef ref="VTR:Route:16579" version="1"/>
              <pointsInSequence>
                <StopPointInJourneyPattern id="VTR:StopPointInJourneyPattern:83606176" version="2326494" order="1">
                  <ScheduledStopPointRef ref="VTR:ScheduledStopPoint:1186958"/>
                  <DestinationDisplayRef ref="VTR:DestinationDisplay:1"/>
                </StopPointInJourneyPattern>
                <StopPointInJourneyPattern id="VTR:StopPointInJourneyPattern:83606297" version="2326494" order="2">
                  <ScheduledStopPointRef ref="VTR:ScheduledStopPoint:1187028"/>
                  <DestinationDisplayRef ref="VTR:DestinationDisplay:1"/>
                </StopPointInJourneyPattern>
                <StopPointInJourneyPattern id="VTR:StopPointInJourneyPattern:83606298" version="2326494" order="3">
                  <ScheduledStopPointRef ref="VTR:ScheduledStopPoint:1187029"/>
                  <DestinationDisplayRef ref="VTR:DestinationDisplay:1"/>
                </StopPointInJourneyPattern>
                <StopPointInJourneyPattern id="VTR:StopPointInJourneyPattern:83606299" version="2326494" order="4">
                  <ScheduledStopPointRef ref="VTR:ScheduledStopPoint:1186960"/>
                  <DestinationDisplayRef ref="VTR:DestinationDisplay:1"/>
                </StopPointInJourneyPattern>
                <StopPointInJourneyPattern id="VTR:StopPointInJourneyPattern:83606300" version="2326494" order="5">
                  <ScheduledStopPointRef ref="VTR:ScheduledStopPoint:1186959"/>
                  <DestinationDisplayRef ref="VTR:DestinationDisplay:1"/>
                </StopPointInJourneyPattern>
                <StopPointInJourneyPattern id="VTR:StopPointInJourneyPattern:83606301" version="2326494" order="6">
                  <ScheduledStopPointRef ref="VTR:ScheduledStopPoint:1187030"/>
                  <DestinationDisplayRef ref="VTR:DestinationDisplay:1"/>
                </StopPointInJourneyPattern>
                <StopPointInJourneyPattern id="VTR:StopPointInJourneyPattern:83606302" version="2326494" order="7">
                  <ScheduledStopPointRef ref="VTR:ScheduledStopPoint:1186961"/>
                  <DestinationDisplayRef ref="VTR:DestinationDisplay:1"/>
                </StopPointInJourneyPattern>
                <StopPointInJourneyPattern id="VTR:StopPointInJourneyPattern:83606303" version="2326494" order="8">
                  <ScheduledStopPointRef ref="VTR:ScheduledStopPoint:1187031"/>
                  <DestinationDisplayRef ref="VTR:DestinationDisplay:1"/>
                </StopPointInJourneyPattern>
                <StopPointInJourneyPattern id="VTR:StopPointInJourneyPattern:83606304" version="2326494" order="9">
                  <ScheduledStopPointRef ref="VTR:ScheduledStopPoint:1187032"/>
                  <DestinationDisplayRef ref="VTR:DestinationDisplay:1"/>
                </StopPointInJourneyPattern>
                <StopPointInJourneyPattern id="VTR:StopPointInJourneyPattern:83606305" version="2326494" order="10">
                  <ScheduledStopPointRef ref="VTR:ScheduledStopPoint:1187033"/>
                  <DestinationDisplayRef ref="VTR:DestinationDisplay:1"/>
                </StopPointInJourneyPattern>
                <StopPointInJourneyPattern id="VTR:StopPointInJourneyPattern:83606306" version="2326494" order="11">
                  <ScheduledStopPointRef ref="VTR:ScheduledStopPoint:1187034"/>
                  <DestinationDisplayRef ref="VTR:DestinationDisplay:1"/>
                </StopPointInJourneyPattern>
                <StopPointInJourneyPattern id="VTR:StopPointInJourneyPattern:83606307" version="2326494" order="12">
                  <ScheduledStopPointRef ref="VTR:ScheduledStopPoint:1186962"/>
                  <DestinationDisplayRef ref="VTR:DestinationDisplay:1"/>
                </StopPointInJourneyPattern>
              </pointsInSequence>
            </JourneyPattern>
          </journeyPatterns>
        </ServiceFrame>
        <TimetableFrame version="1" id="VTR:TimetableFrame:1374">
          <vehicleJourneys>
            <ServiceJourney version="2326494" id="VTR:ServiceJourney:2324830">
              <Name>Radviliškis - Mankiškiai</Name>
              <PrivateCode>1</PrivateCode>
              <dayTypes>
                <DayTypeRef ref="VTR:DayType:2030"/>
              </dayTypes>
              <JourneyPatternRef version="2326494" ref="VTR:JourneyPattern:2324830"/>
              <OperatorRef ref="VTR:Operator:455"/>
              <LineRef ref="VTR:Line:2456" version="7321"/>
              <passingTimes>
                <TimetabledPassingTime version="2326494" id="VTR:TimetabledPassingTime:2324830_83606176_1">
                  <StopPointInJourneyPatternRef ref="VTR:StopPointInJourneyPattern:83606176" version="2326494"/>
                  <DepartureTime>06:55:00</DepartureTime>
                  <DepartureDayOffset>0</DepartureDayOffset>
                </TimetabledPassingTime>
                <TimetabledPassingTime version="2326494" id="VTR:TimetabledPassingTime:2324830_83606297_2">
                  <StopPointInJourneyPatternRef ref="VTR:StopPointInJourneyPattern:83606297" version="2326494"/>
                  <DepartureTime>07:01:00</DepartureTime>
                  <DepartureDayOffset>0</DepartureDayOffset>
                </TimetabledPassingTime>
                <TimetabledPassingTime version="2326494" id="VTR:TimetabledPassingTime:2324830_83606298_3">
                  <StopPointInJourneyPatternRef ref="VTR:StopPointInJourneyPattern:83606298" version="2326494"/>
                  <DepartureTime>07:05:00</DepartureTime>
                  <DepartureDayOffset>0</DepartureDayOffset>
                </TimetabledPassingTime>
                <TimetabledPassingTime version="2326494" id="VTR:TimetabledPassingTime:2324830_83606299_4">
                  <StopPointInJourneyPatternRef ref="VTR:StopPointInJourneyPattern:83606299" version="2326494"/>
                  <DepartureTime>07:10:00</DepartureTime>
                  <DepartureDayOffset>0</DepartureDayOffset>
                </TimetabledPassingTime>
                <TimetabledPassingTime version="2326494" id="VTR:TimetabledPassingTime:2324830_83606300_5">
                  <StopPointInJourneyPatternRef ref="VTR:StopPointInJourneyPattern:83606300" version="2326494"/>
                  <DepartureTime>07:14:00</DepartureTime>
                  <DepartureDayOffset>0</DepartureDayOffset>
                </TimetabledPassingTime>
                <TimetabledPassingTime version="2326494" id="VTR:TimetabledPassingTime:2324830_83606301_6">
                  <StopPointInJourneyPatternRef ref="VTR:StopPointInJourneyPattern:83606301" version="2326494"/>
                  <DepartureTime>07:16:00</DepartureTime>
                  <DepartureDayOffset>0</DepartureDayOffset>
                </TimetabledPassingTime>
                <TimetabledPassingTime version="2326494" id="VTR:TimetabledPassingTime:2324830_83606302_7">
                  <StopPointInJourneyPatternRef ref="VTR:StopPointInJourneyPattern:83606302" version="2326494"/>
                  <DepartureTime>07:18:00</DepartureTime>
                  <DepartureDayOffset>0</DepartureDayOffset>
                </TimetabledPassingTime>
                <TimetabledPassingTime version="2326494" id="VTR:TimetabledPassingTime:2324830_83606303_8">
                  <StopPointInJourneyPatternRef ref="VTR:StopPointInJourneyPattern:83606303" version="2326494"/>
                  <DepartureTime>07:23:00</DepartureTime>
                  <DepartureDayOffset>0</DepartureDayOffset>
                </TimetabledPassingTime>
                <TimetabledPassingTime version="2326494" id="VTR:TimetabledPassingTime:2324830_83606304_9">
                  <StopPointInJourneyPatternRef ref="VTR:StopPointInJourneyPattern:83606304" version="2326494"/>
                  <DepartureTime>07:27:00</DepartureTime>
                  <DepartureDayOffset>0</DepartureDayOffset>
                </TimetabledPassingTime>
                <TimetabledPassingTime version="2326494" id="VTR:TimetabledPassingTime:2324830_83606305_10">
                  <StopPointInJourneyPatternRef ref="VTR:StopPointInJourneyPattern:83606305" version="2326494"/>
                  <DepartureTime>07:28:00</DepartureTime>
                  <DepartureDayOffset>0</DepartureDayOffset>
                </TimetabledPassingTime>
                <TimetabledPassingTime version="2326494" id="VTR:TimetabledPassingTime:2324830_83606306_11">
                  <StopPointInJourneyPatternRef ref="VTR:StopPointInJourneyPattern:83606306" version="2326494"/>
                  <DepartureTime>07:29:00</DepartureTime>
                  <DepartureDayOffset>0</DepartureDayOffset>
                </TimetabledPassingTime>
                <TimetabledPassingTime version="2326494" id="VTR:TimetabledPassingTime:2324830_83606307_12">
                  <StopPointInJourneyPatternRef ref="VTR:StopPointInJourneyPattern:83606307" version="2326494"/>
                  <DepartureTime>07:30:00</DepartureTime>
                  <DepartureDayOffset>0</DepartureDayOffset>
                </TimetabledPassingTime>
              </passingTimes>
            </ServiceJourney>
          </vehicleJourneys>
        </TimetableFrame>
        <ResourceFrame version="1" id="VTR:ResourceFrame:1374">
          <organisations>
            <Authority version="1" id="VTR:Authority:22">
              <CompanyNumber>71</CompanyNumber>
              <Name>Radviliškio r. sav.</Name>
              <LegalName>Radviliškio r. sav.</LegalName>
              <ContactDetails>
                <Email>emtra@splius.lt</Email>
                <Phone>8 422 50500</Phone>
                <Url>www.radviliskis.lt</Url>
              </ContactDetails>
              <OrganisationType>authority</OrganisationType>
            </Authority>
          </organisations>
        </ResourceFrame>
      </frames>
    </CompositeFrame>
  </dataObjects>
</PublicationDelivery>
