<?xml version="1.0" encoding="UTF-8"?><PublicationDelivery xmlns="http://www.netex.org.uk/netex" xmlns:gis="http://www.opengis.net/gml/3.2" xmlns:ns2="http://www.opengis.net/gml/3.2" xmlns:ns3="http://www.siri.org.uk/siri" xmlns:xsi="http://www.w3.org/2001/XMLSchema-instance" version="1" xsi:schemaLocation="">
  <PublicationTimestamp>2022-05-07T02:45:00.260</PublicationTimestamp>
  <ParticipantRef>VTR</ParticipantRef>
  <Description>1</Description>
  <dataObjects>
    <CompositeFrame created="2022-05-07T02:45:00.260" version="1" id="VTR:CompositeFrame:1374">
      <validityConditions>
        <AvailabilityCondition version="1" id="VTR:AvailabilityCondition:1374">
          <FromDate>2015-09-24T11:46:51</FromDate>
          <ToDate>2023-03-01T00:00:00</ToDate>
        </AvailabilityCondition>
      </validityConditions>
      <codespaces>
        <Codespace id="vtr">
          <Xmlns>VTR</Xmlns>
          <XmlnsUrl>http://www.visimarsrutai.lt/</XmlnsUrl>
        </Codespace>
      </codespaces>
      <FrameDefaults>
        <DefaultLocale>
          <TimeZone>Europe/Vilnius</TimeZone>
        </DefaultLocale>
        <DefaultLocationSystem>WGS84</DefaultLocationSystem>
      </FrameDefaults>
      <frames>
        <ServiceCalendarFrame version="1" id="VTR:ServiceCalendarFrame:1374">
          <dayTypes>
            <DayType id="VTR:DayType:2030" version="1">
              <properties>
                <PropertyOfDay>
                  <DaysOfWeek>Monday Tuesday Wednesday Thursday Friday</DaysOfWeek>
                </PropertyOfDay>
              </properties>
            </DayType>
            <DayType id="VTR:DayType:7533" version="1">
              <properties>
                <PropertyOfDay>
                  <DaysOfWeek>Monday Tuesday Wednesday Thursday Friday</DaysOfWeek>
                </PropertyOfDay>
              </properties>
            </DayType>
            <DayType id="VTR:DayType:7535" version="1">
              <properties>
                <PropertyOfDay>
                  <DaysOfWeek>Monday Tuesday Wednesday Thursday Friday</DaysOfWeek>
                </PropertyOfDay>
              </properties>
            </DayType>
          </dayTypes>
          <operatingPeriods>
            <OperatingPeriod version="1" id="VTR:OperatingPeriod:2030">
              <FromDate>2015-09-01T00:00:00</FromDate>
              <ToDate>2019-12-31T00:00:00</ToDate>
            </OperatingPeriod>
            <OperatingPeriod version="1" id="VTR:OperatingPeriod:7533">
              <FromDate>2016-01-01T00:00:00</FromDate>
              <ToDate>2019-12-31T00:00:00</ToDate>
            </OperatingPeriod>
            <OperatingPeriod version="1" id="VTR:OperatingPeriod:7535">
              <FromDate>2016-09-01T00:00:00</FromDate>
              <ToDate>2019-12-31T00:00:00</ToDate>
            </OperatingPeriod>
          </operatingPeriods>
          <dayTypeAssignments>
            <DayTypeAssignment id="VTR:DayTypeAssignment:2030_0" version="1" order="1770">
              <OperatingPeriodRef ref="VTR:OperatingPeriod:2030" version="1"/>
              <DayTypeRef ref="VTR:DayType:2030" version="1"/>
            </DayTypeAssignment>
            <DayTypeAssignment id="VTR:DayTypeAssignment:7533_0" version="1" order="3585">
              <OperatingPeriodRef ref="VTR:OperatingPeriod:7533" version="1"/>
              <DayTypeRef ref="VTR:DayType:7533" version="1"/>
            </DayTypeAssignment>
            <DayTypeAssignment id="VTR:DayTypeAssignment:7535_0" version="1" order="3593">
              <OperatingPeriodRef ref="VTR:OperatingPeriod:7535" version="1"/>
              <DayTypeRef ref="VTR:DayType:7535" version="1"/>
            </DayTypeAssignment>
          </dayTypeAssignments>
        </ServiceCalendarFrame>
        <ServiceFrame id="VTR:ServiceFrame:1374" version="1">
          <Network version="0" id="VTR:Network:22"/>
          <routePoints>
            <RoutePoint version="1" id="VTR:RoutePoint:1369810">
              <projections>
                <PointProjection version="1" id="VTR:PointProjection:151">
                  <ProjectedPointRef ref="VTR:ScheduledStopPoint:1369810" version="1"/>
                </PointProjection>
              </projections>
            </RoutePoint>
            <RoutePoint version="1" id="VTR:RoutePoint:1369811">
              <projections>
                <PointProjection version="1" id="VTR:PointProjection:22578">
                  <ProjectedPointRef ref="VTR:ScheduledStopPoint:1369811" version="1"/>
                </PointProjection>
              </projections>
            </RoutePoint>
            <RoutePoint version="1" id="VTR:RoutePoint:1369812">
              <projections>
                <PointProjection version="1" id="VTR:PointProjection:43368">
                  <ProjectedPointRef ref="VTR:ScheduledStopPoint:1369812" version="1"/>
                </PointProjection>
              </projections>
            </RoutePoint>
            <RoutePoint version="1" id="VTR:RoutePoint:1369813">
              <projections>
                <PointProjection version="1" id="VTR:PointProjection:43369">
                  <ProjectedPointRef ref="VTR:ScheduledStopPoint:1369813" version="1"/>
                </PointProjection>
              </projections>
            </RoutePoint>
            <RoutePoint version="1" id="VTR:RoutePoint:1369815">
              <projections>
                <PointProjection version="1" id="VTR:PointProjection:43370">
                  <ProjectedPointRef ref="VTR:ScheduledStopPoint:1369815" version="1"/>
                </PointProjection>
              </projections>
            </RoutePoint>
            <RoutePoint version="1" id="VTR:RoutePoint:1369816">
              <projections>
                <PointProjection version="1" id="VTR:PointProjection:43371">
                  <ProjectedPointRef ref="VTR:ScheduledStopPoint:1369816" version="1"/>
                </PointProjection>
              </projections>
            </RoutePoint>
            <RoutePoint version="1" id="VTR:RoutePoint:1369817">
              <projections>
                <PointProjection version="1" id="VTR:PointProjection:43372">
                  <ProjectedPointRef ref="VTR:ScheduledStopPoint:1369817" version="1"/>
                </PointProjection>
              </projections>
            </RoutePoint>
            <RoutePoint version="1" id="VTR:RoutePoint:1369818">
              <projections>
                <PointProjection version="1" id="VTR:PointProjection:45824">
                  <ProjectedPointRef ref="VTR:ScheduledStopPoint:1369818" version="1"/>
                </PointProjection>
              </projections>
            </RoutePoint>
            <RoutePoint version="1" id="VTR:RoutePoint:1369819">
              <projections>
                <PointProjection version="1" id="VTR:PointProjection:41409">
                  <ProjectedPointRef ref="VTR:ScheduledStopPoint:1369819" version="1"/>
                </PointProjection>
              </projections>
            </RoutePoint>
            <RoutePoint version="1" id="VTR:RoutePoint:1369822">
              <projections>
                <PointProjection version="1" id="VTR:PointProjection:42763">
                  <ProjectedPointRef ref="VTR:ScheduledStopPoint:1369822" version="1"/>
                </PointProjection>
              </projections>
            </RoutePoint>
            <RoutePoint version="1" id="VTR:RoutePoint:1369825">
              <projections>
                <PointProjection version="1" id="VTR:PointProjection:42766">
                  <ProjectedPointRef ref="VTR:ScheduledStopPoint:1369825" version="1"/>
                </PointProjection>
              </projections>
            </RoutePoint>
            <RoutePoint version="1" id="VTR:RoutePoint:1369826">
              <projections>
                <PointProjection version="1" id="VTR:PointProjection:42767">
                  <ProjectedPointRef ref="VTR:ScheduledStopPoint:1369826" version="1"/>
                </PointProjection>
              </projections>
            </RoutePoint>
            <RoutePoint version="1" id="VTR:RoutePoint:1369827">
              <projections>
                <PointProjection version="1" id="VTR:PointProjection:45830">
                  <ProjectedPointRef ref="VTR:ScheduledStopPoint:1369827" version="1"/>
                </PointProjection>
              </projections>
            </RoutePoint>
            <RoutePoint version="1" id="VTR:RoutePoint:1369828">
              <projections>
                <PointProjection version="1" id="VTR:PointProjection:45831">
                  <ProjectedPointRef ref="VTR:ScheduledStopPoint:1369828" version="1"/>
                </PointProjection>
              </projections>
            </RoutePoint>
            <RoutePoint version="1" id="VTR:RoutePoint:1369829">
              <projections>
                <PointProjection version="1" id="VTR:PointProjection:45832">
                  <ProjectedPointRef ref="VTR:ScheduledStopPoint:1369829" version="1"/>
                </PointProjection>
              </projections>
            </RoutePoint>
            <RoutePoint version="1" id="VTR:RoutePoint:1369830">
              <projections>
                <PointProjection version="1" id="VTR:PointProjection:45833">
                  <ProjectedPointRef ref="VTR:ScheduledStopPoint:1369830" version="1"/>
                </PointProjection>
              </projections>
            </RoutePoint>
          </routePoints>
          <routes>
            <Route version="1" id="VTR:Route:17877">
              <Name>Šeduva - Kurkliai - Užuožeriai - Šeduva</Name>
              <ShortName>Šeduva - Kurkliai - Užuožeriai - Šeduva</ShortName>
              <LineRef ref="VTR:Line:2445" version="7902"/>
              <DirectionType>inbound</DirectionType>
              <pointsInSequence>
                <PointOnRoute version="1" id="VTR:PointOnRoute:1369826" order="1">
                  <RoutePointRef ref="VTR:RoutePoint:1369826"/>
                </PointOnRoute>
                <PointOnRoute version="1" id="VTR:PointOnRoute:1369825" order="2">
                  <RoutePointRef ref="VTR:RoutePoint:1369825"/>
                </PointOnRoute>
                <PointOnRoute version="1" id="VTR:PointOnRoute:1369827" order="3">
                  <RoutePointRef ref="VTR:RoutePoint:1369827"/>
                </PointOnRoute>
                <PointOnRoute version="1" id="VTR:PointOnRoute:1369828" order="4">
                  <RoutePointRef ref="VTR:RoutePoint:1369828"/>
                </PointOnRoute>
                <PointOnRoute version="1" id="VTR:PointOnRoute:1369822" order="5">
                  <RoutePointRef ref="VTR:RoutePoint:1369822"/>
                </PointOnRoute>
                <PointOnRoute version="1" id="VTR:PointOnRoute:1369829" order="6">
                  <RoutePointRef ref="VTR:RoutePoint:1369829"/>
                </PointOnRoute>
                <PointOnRoute version="1" id="VTR:PointOnRoute:1369830" order="7">
                  <RoutePointRef ref="VTR:RoutePoint:1369830"/>
                </PointOnRoute>
                <PointOnRoute version="1" id="VTR:PointOnRoute:1369819" order="8">
                  <RoutePointRef ref="VTR:RoutePoint:1369819"/>
                </PointOnRoute>
              </pointsInSequence>
            </Route>
            <Route version="1" id="VTR:Route:17876">
              <Name>Šeduva - Kurkliai - Užuožeriai - Šeduva 12</Name>
              <ShortName>Šeduva - Kurkliai - Užuožeriai - Šeduva 12</ShortName>
              <LineRef ref="VTR:Line:2445" version="7902"/>
              <DirectionType>outbound</DirectionType>
              <pointsInSequence>
                <PointOnRoute version="1" id="VTR:PointOnRoute:1369811" order="1">
                  <RoutePointRef ref="VTR:RoutePoint:1369811"/>
                </PointOnRoute>
                <PointOnRoute version="1" id="VTR:PointOnRoute:1369812" order="2">
                  <RoutePointRef ref="VTR:RoutePoint:1369812"/>
                </PointOnRoute>
                <PointOnRoute version="1" id="VTR:PointOnRoute:1369813" order="3">
                  <RoutePointRef ref="VTR:RoutePoint:1369813"/>
                </PointOnRoute>
                <PointOnRoute version="1" id="VTR:PointOnRoute:1369818" order="4">
                  <RoutePointRef ref="VTR:RoutePoint:1369818"/>
                </PointOnRoute>
                <PointOnRoute version="1" id="VTR:PointOnRoute:1369815" order="5">
                  <RoutePointRef ref="VTR:RoutePoint:1369815"/>
                </PointOnRoute>
                <PointOnRoute version="1" id="VTR:PointOnRoute:1369816" order="6">
                  <RoutePointRef ref="VTR:RoutePoint:1369816"/>
                </PointOnRoute>
                <PointOnRoute version="1" id="VTR:PointOnRoute:1369817" order="7">
                  <RoutePointRef ref="VTR:RoutePoint:1369817"/>
                </PointOnRoute>
                <PointOnRoute version="1" id="VTR:PointOnRoute:1369810" order="8">
                  <RoutePointRef ref="VTR:RoutePoint:1369810"/>
                </PointOnRoute>
              </pointsInSequence>
            </Route>
          </routes>
          <lines>
            <Line version="7902" id="VTR:Line:2445">
              <Name>Šeduva - Kurkliai - Užuožeriai - Šeduva</Name>
              <TransportMode>bus</TransportMode>
              <TransportSubmode>
                <BusSubmode>regionalBus</BusSubmode>
              </TransportSubmode>
              <PublicCode>12</PublicCode>
              <OperatorRef ref="VTR:Operator:22"/>
            </Line>
          </lines>
          <scheduledStopPoints>
            <ScheduledStopPoint version="1" id="VTR:ScheduledStopPoint:1369810">
              <Name>Mokykla</Name>
            </ScheduledStopPoint>
            <ScheduledStopPoint version="1" id="VTR:ScheduledStopPoint:1369811">
              <Name>Šeduvos a.st.</Name>
            </ScheduledStopPoint>
            <ScheduledStopPoint version="1" id="VTR:ScheduledStopPoint:1369812">
              <Name>Kurkliai</Name>
            </ScheduledStopPoint>
            <ScheduledStopPoint version="1" id="VTR:ScheduledStopPoint:1369813">
              <Name>Paežeriai</Name>
            </ScheduledStopPoint>
            <ScheduledStopPoint version="1" id="VTR:ScheduledStopPoint:1369815">
              <Name>Paežeriai</Name>
            </ScheduledStopPoint>
            <ScheduledStopPoint version="1" id="VTR:ScheduledStopPoint:1369816">
              <Name>Pavartyčiai</Name>
            </ScheduledStopPoint>
            <ScheduledStopPoint version="1" id="VTR:ScheduledStopPoint:1369817">
              <Name>Šeduvos a.st.</Name>
            </ScheduledStopPoint>
            <ScheduledStopPoint version="1" id="VTR:ScheduledStopPoint:1369818">
              <Name>Užuožeriai</Name>
            </ScheduledStopPoint>
            <ScheduledStopPoint version="1" id="VTR:ScheduledStopPoint:1369819">
              <Name>Šeduvos a.st.</Name>
            </ScheduledStopPoint>
            <ScheduledStopPoint version="1" id="VTR:ScheduledStopPoint:1369822">
              <Name>Užuožeriai</Name>
            </ScheduledStopPoint>
            <ScheduledStopPoint version="1" id="VTR:ScheduledStopPoint:1369825">
              <Name>Šeduvos a.st.</Name>
            </ScheduledStopPoint>
            <ScheduledStopPoint version="1" id="VTR:ScheduledStopPoint:1369826">
              <Name>Mokykla</Name>
            </ScheduledStopPoint>
            <ScheduledStopPoint version="1" id="VTR:ScheduledStopPoint:1369827">
              <Name>Pavartyčiai</Name>
            </ScheduledStopPoint>
            <ScheduledStopPoint version="1" id="VTR:ScheduledStopPoint:1369828">
              <Name>Paežeriai</Name>
            </ScheduledStopPoint>
            <ScheduledStopPoint version="1" id="VTR:ScheduledStopPoint:1369829">
              <Name>Paežeriai</Name>
            </ScheduledStopPoint>
            <ScheduledStopPoint version="1" id="VTR:ScheduledStopPoint:1369830">
              <Name>Kurkliai</Name>
            </ScheduledStopPoint>
          </scheduledStopPoints>
          <serviceLinks>
            <ServiceLink id="VTR:ServiceLink:1369818_1_1369815_1" version="1">
              <Distance>0</Distance>
              <FromPointRef ref="VTR:ScheduledStopPoint:1369818" version="1"/>
              <ToPointRef ref="VTR:ScheduledStopPoint:1369815" version="1"/>
            </ServiceLink>
            <ServiceLink id="VTR:ServiceLink:1369812_1_1369813_1" version="1">
              <Distance>2</Distance>
              <FromPointRef ref="VTR:ScheduledStopPoint:1369812" version="1"/>
              <ToPointRef ref="VTR:ScheduledStopPoint:1369813" version="1"/>
            </ServiceLink>
            <ServiceLink id="VTR:ServiceLink:1369825_1_1369827_1" version="1">
              <Distance>3</Distance>
              <FromPointRef ref="VTR:ScheduledStopPoint:1369825" version="1"/>
              <ToPointRef ref="VTR:ScheduledStopPoint:1369827" version="1"/>
            </ServiceLink>
            <ServiceLink id="VTR:ServiceLink:1369827_1_1369828_1" version="1">
              <Distance>7</Distance>
              <FromPointRef ref="VTR:ScheduledStopPoint:1369827" version="1"/>
              <ToPointRef ref="VTR:ScheduledStopPoint:1369828" version="1"/>
            </ServiceLink>
            <ServiceLink id="VTR:ServiceLink:1369822_1_1369829_1" version="1">
              <Distance>0</Distance>
              <FromPointRef ref="VTR:ScheduledStopPoint:1369822" version="1"/>
              <ToPointRef ref="VTR:ScheduledStopPoint:1369829" version="1"/>
            </ServiceLink>
            <ServiceLink id="VTR:ServiceLink:1369830_1_1369819_1" version="1">
              <Distance>7</Distance>
              <FromPointRef ref="VTR:ScheduledStopPoint:1369830" version="1"/>
              <ToPointRef ref="VTR:ScheduledStopPoint:1369819" version="1"/>
            </ServiceLink>
            <ServiceLink id="VTR:ServiceLink:1369811_1_1369812_1" version="1">
              <Distance>8</Distance>
              <FromPointRef ref="VTR:ScheduledStopPoint:1369811" version="1"/>
              <ToPointRef ref="VTR:ScheduledStopPoint:1369812" version="1"/>
            </ServiceLink>
            <ServiceLink id="VTR:ServiceLink:1369826_1_1369825_1" version="1">
              <Distance>0</Distance>
              <FromPointRef ref="VTR:ScheduledStopPoint:1369826" version="1"/>
              <ToPointRef ref="VTR:ScheduledStopPoint:1369825" version="1"/>
            </ServiceLink>
            <ServiceLink id="VTR:ServiceLink:1369829_1_1369830_1" version="1">
              <Distance>3</Distance>
              <FromPointRef ref="VTR:ScheduledStopPoint:1369829" version="1"/>
              <ToPointRef ref="VTR:ScheduledStopPoint:1369830" version="1"/>
            </ServiceLink>
            <ServiceLink id="VTR:ServiceLink:1369815_1_1369816_1" version="1">
              <Distance>7</Distance>
              <FromPointRef ref="VTR:ScheduledStopPoint:1369815" version="1"/>
              <ToPointRef ref="VTR:ScheduledStopPoint:1369816" version="1"/>
            </ServiceLink>
            <ServiceLink id="VTR:ServiceLink:1369816_1_1369817_1" version="1">
              <Distance>3</Distance>
              <FromPointRef ref="VTR:ScheduledStopPoint:1369816" version="1"/>
              <ToPointRef ref="VTR:ScheduledStopPoint:1369817" version="1"/>
            </ServiceLink>
            <ServiceLink id="VTR:ServiceLink:1369817_1_1369810_1" version="1">
              <Distance>0</Distance>
              <FromPointRef ref="VTR:ScheduledStopPoint:1369817" version="1"/>
              <ToPointRef ref="VTR:ScheduledStopPoint:1369810" version="1"/>
            </ServiceLink>
            <ServiceLink id="VTR:ServiceLink:1369828_1_1369822_1" version="1">
              <Distance>0</Distance>
              <FromPointRef ref="VTR:ScheduledStopPoint:1369828" version="1"/>
              <ToPointRef ref="VTR:ScheduledStopPoint:1369822" version="1"/>
            </ServiceLink>
            <ServiceLink id="VTR:ServiceLink:1369813_1_1369818_1" version="1">
              <Distance>0</Distance>
              <FromPointRef ref="VTR:ScheduledStopPoint:1369813" version="1"/>
              <ToPointRef ref="VTR:ScheduledStopPoint:1369818" version="1"/>
            </ServiceLink>
          </serviceLinks>
          <stopAssignments>
            <PassengerStopAssignment order="1787600000" id="VTR:PassengerStopAssignment:1369811" version="1">
              <ScheduledStopPointRef ref="VTR:ScheduledStopPoint:1369811" version="1"/>
              <QuayRef ref="VTR:Quay:13689"/>
            </PassengerStopAssignment>
            <PassengerStopAssignment order="1787600001" id="VTR:PassengerStopAssignment:1369812" version="1">
              <ScheduledStopPointRef ref="VTR:ScheduledStopPoint:1369812" version="1"/>
              <QuayRef ref="VTR:Quay:14679"/>
            </PassengerStopAssignment>
            <PassengerStopAssignment order="1787600002" id="VTR:PassengerStopAssignment:1369813" version="1">
              <ScheduledStopPointRef ref="VTR:ScheduledStopPoint:1369813" version="1"/>
              <QuayRef ref="VTR:Quay:14433"/>
            </PassengerStopAssignment>
            <PassengerStopAssignment order="1787600003" id="VTR:PassengerStopAssignment:1369818" version="1">
              <ScheduledStopPointRef ref="VTR:ScheduledStopPoint:1369818" version="1"/>
              <QuayRef ref="VTR:Quay:24305"/>
            </PassengerStopAssignment>
            <PassengerStopAssignment order="1787600004" id="VTR:PassengerStopAssignment:1369815" version="1">
              <ScheduledStopPointRef ref="VTR:ScheduledStopPoint:1369815" version="1"/>
              <QuayRef ref="VTR:Quay:14433"/>
            </PassengerStopAssignment>
            <PassengerStopAssignment order="1787600005" id="VTR:PassengerStopAssignment:1369816" version="1">
              <ScheduledStopPointRef ref="VTR:ScheduledStopPoint:1369816" version="1"/>
              <QuayRef ref="VTR:Quay:6738"/>
            </PassengerStopAssignment>
            <PassengerStopAssignment order="1787600006" id="VTR:PassengerStopAssignment:1369817" version="1">
              <ScheduledStopPointRef ref="VTR:ScheduledStopPoint:1369817" version="1"/>
              <QuayRef ref="VTR:Quay:13689"/>
            </PassengerStopAssignment>
            <PassengerStopAssignment order="1787600007" id="VTR:PassengerStopAssignment:1369810" version="1">
              <ScheduledStopPointRef ref="VTR:ScheduledStopPoint:1369810" version="1"/>
              <QuayRef ref="VTR:Quay:12620"/>
            </PassengerStopAssignment>
            <PassengerStopAssignment order="1787700000" id="VTR:PassengerStopAssignment:1369826" version="1">
              <ScheduledStopPointRef ref="VTR:ScheduledStopPoint:1369826" version="1"/>
              <QuayRef ref="VTR:Quay:12620"/>
            </PassengerStopAssignment>
            <PassengerStopAssignment order="1787700001" id="VTR:PassengerStopAssignment:1369825" version="1">
              <ScheduledStopPointRef ref="VTR:ScheduledStopPoint:1369825" version="1"/>
              <QuayRef ref="VTR:Quay:13689"/>
            </PassengerStopAssignment>
            <PassengerStopAssignment order="1787700002" id="VTR:PassengerStopAssignment:1369827" version="1">
              <ScheduledStopPointRef ref="VTR:ScheduledStopPoint:1369827" version="1"/>
              <QuayRef ref="VTR:Quay:9620"/>
            </PassengerStopAssignment>
            <PassengerStopAssignment order="1787700003" id="VTR:PassengerStopAssignment:1369828" version="1">
              <ScheduledStopPointRef ref="VTR:ScheduledStopPoint:1369828" version="1"/>
              <QuayRef ref="VTR:Quay:5537"/>
            </PassengerStopAssignment>
            <PassengerStopAssignment order="1787700004" id="VTR:PassengerStopAssignment:1369822" version="1">
              <ScheduledStopPointRef ref="VTR:ScheduledStopPoint:1369822" version="1"/>
              <QuayRef ref="VTR:Quay:24305"/>
            </PassengerStopAssignment>
            <PassengerStopAssignment order="1787700005" id="VTR:PassengerStopAssignment:1369829" version="1">
              <ScheduledStopPointRef ref="VTR:ScheduledStopPoint:1369829" version="1"/>
              <QuayRef ref="VTR:Quay:5537"/>
            </PassengerStopAssignment>
            <PassengerStopAssignment order="1787700006" id="VTR:PassengerStopAssignment:1369830" version="1">
              <ScheduledStopPointRef ref="VTR:ScheduledStopPoint:1369830" version="1"/>
              <QuayRef ref="VTR:Quay:14132"/>
            </PassengerStopAssignment>
            <PassengerStopAssignment order="1787700007" id="VTR:PassengerStopAssignment:1369819" version="1">
              <ScheduledStopPointRef ref="VTR:ScheduledStopPoint:1369819" version="1"/>
              <QuayRef ref="VTR:Quay:13689"/>
            </PassengerStopAssignment>
          </stopAssignments>
          <journeyPatterns>
            <JourneyPattern id="VTR:JourneyPattern:2778803" version="2780777">
              <Name>12</Name>
              <RouteRef ref="VTR:Route:17877" version="1"/>
              <pointsInSequence>
                <StopPointInJourneyPattern id="VTR:StopPointInJourneyPattern:97518101" version="2780777" order="1">
                  <ScheduledStopPointRef ref="VTR:ScheduledStopPoint:1369826"/>
                  <DestinationDisplayRef ref="VTR:DestinationDisplay:1"/>
                </StopPointInJourneyPattern>
                <StopPointInJourneyPattern id="VTR:StopPointInJourneyPattern:97518102" version="2780777" order="2">
                  <ScheduledStopPointRef ref="VTR:ScheduledStopPoint:1369825"/>
                  <DestinationDisplayRef ref="VTR:DestinationDisplay:1"/>
                </StopPointInJourneyPattern>
                <StopPointInJourneyPattern id="VTR:StopPointInJourneyPattern:97518103" version="2780777" order="3">
                  <ScheduledStopPointRef ref="VTR:ScheduledStopPoint:1369827"/>
                  <DestinationDisplayRef ref="VTR:DestinationDisplay:1"/>
                </StopPointInJourneyPattern>
                <StopPointInJourneyPattern id="VTR:StopPointInJourneyPattern:97518104" version="2780777" order="4">
                  <ScheduledStopPointRef ref="VTR:ScheduledStopPoint:1369828"/>
                  <DestinationDisplayRef ref="VTR:DestinationDisplay:1"/>
                </StopPointInJourneyPattern>
                <StopPointInJourneyPattern id="VTR:StopPointInJourneyPattern:97518105" version="2780777" order="5">
                  <ScheduledStopPointRef ref="VTR:ScheduledStopPoint:1369822"/>
                  <DestinationDisplayRef ref="VTR:DestinationDisplay:1"/>
                </StopPointInJourneyPattern>
                <StopPointInJourneyPattern id="VTR:StopPointInJourneyPattern:97518106" version="2780777" order="6">
                  <ScheduledStopPointRef ref="VTR:ScheduledStopPoint:1369829"/>
                  <DestinationDisplayRef ref="VTR:DestinationDisplay:1"/>
                </StopPointInJourneyPattern>
                <StopPointInJourneyPattern id="VTR:StopPointInJourneyPattern:97518107" version="2780777" order="7">
                  <ScheduledStopPointRef ref="VTR:ScheduledStopPoint:1369830"/>
                  <DestinationDisplayRef ref="VTR:DestinationDisplay:1"/>
                </StopPointInJourneyPattern>
                <StopPointInJourneyPattern id="VTR:StopPointInJourneyPattern:97518108" version="2780777" order="8">
                  <ScheduledStopPointRef ref="VTR:ScheduledStopPoint:1369819"/>
                  <DestinationDisplayRef ref="VTR:DestinationDisplay:1"/>
                </StopPointInJourneyPattern>
              </pointsInSequence>
            </JourneyPattern>
            <JourneyPattern id="VTR:JourneyPattern:2778803" version="3005931">
              <Name>12</Name>
              <RouteRef ref="VTR:Route:17877" version="1"/>
              <pointsInSequence>
                <StopPointInJourneyPattern id="VTR:StopPointInJourneyPattern:104170304" version="3005931" order="1">
                  <ScheduledStopPointRef ref="VTR:ScheduledStopPoint:1369826"/>
                  <DestinationDisplayRef ref="VTR:DestinationDisplay:1"/>
                </StopPointInJourneyPattern>
                <StopPointInJourneyPattern id="VTR:StopPointInJourneyPattern:104170305" version="3005931" order="2">
                  <ScheduledStopPointRef ref="VTR:ScheduledStopPoint:1369825"/>
                  <DestinationDisplayRef ref="VTR:DestinationDisplay:1"/>
                </StopPointInJourneyPattern>
                <StopPointInJourneyPattern id="VTR:StopPointInJourneyPattern:104170306" version="3005931" order="3">
                  <ScheduledStopPointRef ref="VTR:ScheduledStopPoint:1369827"/>
                  <DestinationDisplayRef ref="VTR:DestinationDisplay:1"/>
                </StopPointInJourneyPattern>
                <StopPointInJourneyPattern id="VTR:StopPointInJourneyPattern:104170307" version="3005931" order="4">
                  <ScheduledStopPointRef ref="VTR:ScheduledStopPoint:1369828"/>
                  <DestinationDisplayRef ref="VTR:DestinationDisplay:1"/>
                </StopPointInJourneyPattern>
                <StopPointInJourneyPattern id="VTR:StopPointInJourneyPattern:104170308" version="3005931" order="5">
                  <ScheduledStopPointRef ref="VTR:ScheduledStopPoint:1369822"/>
                  <DestinationDisplayRef ref="VTR:DestinationDisplay:1"/>
                </StopPointInJourneyPattern>
                <StopPointInJourneyPattern id="VTR:StopPointInJourneyPattern:104170309" version="3005931" order="6">
                  <ScheduledStopPointRef ref="VTR:ScheduledStopPoint:1369829"/>
                  <DestinationDisplayRef ref="VTR:DestinationDisplay:1"/>
                </StopPointInJourneyPattern>
                <StopPointInJourneyPattern id="VTR:StopPointInJourneyPattern:104170310" version="3005931" order="7">
                  <ScheduledStopPointRef ref="VTR:ScheduledStopPoint:1369830"/>
                  <DestinationDisplayRef ref="VTR:DestinationDisplay:1"/>
                </StopPointInJourneyPattern>
                <StopPointInJourneyPattern id="VTR:StopPointInJourneyPattern:104170311" version="3005931" order="8">
                  <ScheduledStopPointRef ref="VTR:ScheduledStopPoint:1369819"/>
                  <DestinationDisplayRef ref="VTR:DestinationDisplay:1"/>
                </StopPointInJourneyPattern>
              </pointsInSequence>
            </JourneyPattern>
            <JourneyPattern id="VTR:JourneyPattern:2778802" version="3005930">
              <Name>1</Name>
              <RouteRef ref="VTR:Route:17876" version="1"/>
              <pointsInSequence>
                <StopPointInJourneyPattern id="VTR:StopPointInJourneyPattern:104170296" version="3005930" order="1">
                  <ScheduledStopPointRef ref="VTR:ScheduledStopPoint:1369811"/>
                  <DestinationDisplayRef ref="VTR:DestinationDisplay:1"/>
                </StopPointInJourneyPattern>
                <StopPointInJourneyPattern id="VTR:StopPointInJourneyPattern:104170297" version="3005930" order="2">
                  <ScheduledStopPointRef ref="VTR:ScheduledStopPoint:1369812"/>
                  <DestinationDisplayRef ref="VTR:DestinationDisplay:1"/>
                </StopPointInJourneyPattern>
                <StopPointInJourneyPattern id="VTR:StopPointInJourneyPattern:104170298" version="3005930" order="3">
                  <ScheduledStopPointRef ref="VTR:ScheduledStopPoint:1369813"/>
                  <DestinationDisplayRef ref="VTR:DestinationDisplay:1"/>
                </StopPointInJourneyPattern>
                <StopPointInJourneyPattern id="VTR:StopPointInJourneyPattern:104170299" version="3005930" order="4">
                  <ScheduledStopPointRef ref="VTR:ScheduledStopPoint:1369818"/>
                  <DestinationDisplayRef ref="VTR:DestinationDisplay:1"/>
                </StopPointInJourneyPattern>
                <StopPointInJourneyPattern id="VTR:StopPointInJourneyPattern:104170300" version="3005930" order="5">
                  <ScheduledStopPointRef ref="VTR:ScheduledStopPoint:1369815"/>
                  <DestinationDisplayRef ref="VTR:DestinationDisplay:1"/>
                </StopPointInJourneyPattern>
                <StopPointInJourneyPattern id="VTR:StopPointInJourneyPattern:104170301" version="3005930" order="6">
                  <ScheduledStopPointRef ref="VTR:ScheduledStopPoint:1369816"/>
                  <DestinationDisplayRef ref="VTR:DestinationDisplay:1"/>
                </StopPointInJourneyPattern>
                <StopPointInJourneyPattern id="VTR:StopPointInJourneyPattern:104170302" version="3005930" order="7">
                  <ScheduledStopPointRef ref="VTR:ScheduledStopPoint:1369817"/>
                  <DestinationDisplayRef ref="VTR:DestinationDisplay:1"/>
                </StopPointInJourneyPattern>
                <StopPointInJourneyPattern id="VTR:StopPointInJourneyPattern:104170303" version="3005930" order="8">
                  <ScheduledStopPointRef ref="VTR:ScheduledStopPoint:1369810"/>
                  <DestinationDisplayRef ref="VTR:DestinationDisplay:1"/>
                </StopPointInJourneyPattern>
              </pointsInSequence>
            </JourneyPattern>
            <JourneyPattern id="VTR:JourneyPattern:2778802" version="2780776">
              <Name>1</Name>
              <RouteRef ref="VTR:Route:17876" version="1"/>
              <pointsInSequence>
                <StopPointInJourneyPattern id="VTR:StopPointInJourneyPattern:97518081" version="2780776" order="1">
                  <ScheduledStopPointRef ref="VTR:ScheduledStopPoint:1369811"/>
                  <DestinationDisplayRef ref="VTR:DestinationDisplay:1"/>
                </StopPointInJourneyPattern>
                <StopPointInJourneyPattern id="VTR:StopPointInJourneyPattern:97518082" version="2780776" order="2">
                  <ScheduledStopPointRef ref="VTR:ScheduledStopPoint:1369812"/>
                  <DestinationDisplayRef ref="VTR:DestinationDisplay:1"/>
                </StopPointInJourneyPattern>
                <StopPointInJourneyPattern id="VTR:StopPointInJourneyPattern:97518083" version="2780776" order="3">
                  <ScheduledStopPointRef ref="VTR:ScheduledStopPoint:1369813"/>
                  <DestinationDisplayRef ref="VTR:DestinationDisplay:1"/>
                </StopPointInJourneyPattern>
                <StopPointInJourneyPattern id="VTR:StopPointInJourneyPattern:97518089" version="2780776" order="4">
                  <ScheduledStopPointRef ref="VTR:ScheduledStopPoint:1369818"/>
                  <DestinationDisplayRef ref="VTR:DestinationDisplay:1"/>
                </StopPointInJourneyPattern>
                <StopPointInJourneyPattern id="VTR:StopPointInJourneyPattern:97518090" version="2780776" order="5">
                  <ScheduledStopPointRef ref="VTR:ScheduledStopPoint:1369815"/>
                  <DestinationDisplayRef ref="VTR:DestinationDisplay:1"/>
                </StopPointInJourneyPattern>
                <StopPointInJourneyPattern id="VTR:StopPointInJourneyPattern:97518091" version="2780776" order="6">
                  <ScheduledStopPointRef ref="VTR:ScheduledStopPoint:1369816"/>
                  <DestinationDisplayRef ref="VTR:DestinationDisplay:1"/>
                </StopPointInJourneyPattern>
                <StopPointInJourneyPattern id="VTR:StopPointInJourneyPattern:97518092" version="2780776" order="7">
                  <ScheduledStopPointRef ref="VTR:ScheduledStopPoint:1369817"/>
                  <DestinationDisplayRef ref="VTR:DestinationDisplay:1"/>
                </StopPointInJourneyPattern>
                <StopPointInJourneyPattern id="VTR:StopPointInJourneyPattern:97518093" version="2780776" order="8">
                  <ScheduledStopPointRef ref="VTR:ScheduledStopPoint:1369810"/>
                  <DestinationDisplayRef ref="VTR:DestinationDisplay:1"/>
                </StopPointInJourneyPattern>
              </pointsInSequence>
            </JourneyPattern>
          </journeyPatterns>
        </ServiceFrame>
        <TimetableFrame version="1" id="VTR:TimetableFrame:1374">
          <vehicleJourneys>
            <ServiceJourney version="3005930" id="VTR:ServiceJourney:2778802">
              <Name>Šeduva - Kurkliai - Užuožeriai - Šeduva 12</Name>
              <PrivateCode>1</PrivateCode>
              <dayTypes>
                <DayTypeRef ref="VTR:DayType:2030"/>
              </dayTypes>
              <JourneyPatternRef version="3005930" ref="VTR:JourneyPattern:2778802"/>
              <OperatorRef ref="VTR:Operator:455"/>
              <LineRef ref="VTR:Line:2445" version="7902"/>
              <passingTimes>
                <TimetabledPassingTime version="3005930" id="VTR:TimetabledPassingTime:2778802_104170296_1">
                  <StopPointInJourneyPatternRef ref="VTR:StopPointInJourneyPattern:104170296" version="3005930"/>
                  <DepartureTime>06:45:00</DepartureTime>
                  <DepartureDayOffset>0</DepartureDayOffset>
                </TimetabledPassingTime>
                <TimetabledPassingTime version="3005930" id="VTR:TimetabledPassingTime:2778802_97518081_1">
                  <StopPointInJourneyPatternRef ref="VTR:StopPointInJourneyPattern:97518081" version="3005930"/>
                  <DepartureTime>06:45:00</DepartureTime>
                  <DepartureDayOffset>0</DepartureDayOffset>
                </TimetabledPassingTime>
                <TimetabledPassingTime version="3005930" id="VTR:TimetabledPassingTime:2778802_104170297_2">
                  <StopPointInJourneyPatternRef ref="VTR:StopPointInJourneyPattern:104170297" version="3005930"/>
                  <DepartureTime>06:50:00</DepartureTime>
                  <DepartureDayOffset>0</DepartureDayOffset>
                </TimetabledPassingTime>
                <TimetabledPassingTime version="3005930" id="VTR:TimetabledPassingTime:2778802_97518082_2">
                  <StopPointInJourneyPatternRef ref="VTR:StopPointInJourneyPattern:97518082" version="3005930"/>
                  <DepartureTime>06:50:00</DepartureTime>
                  <DepartureDayOffset>0</DepartureDayOffset>
                </TimetabledPassingTime>
                <TimetabledPassingTime version="3005930" id="VTR:TimetabledPassingTime:2778802_104170298_3">
                  <StopPointInJourneyPatternRef ref="VTR:StopPointInJourneyPattern:104170298" version="3005930"/>
                  <DepartureTime>06:54:00</DepartureTime>
                  <DepartureDayOffset>0</DepartureDayOffset>
                </TimetabledPassingTime>
                <TimetabledPassingTime version="3005930" id="VTR:TimetabledPassingTime:2778802_97518083_3">
                  <StopPointInJourneyPatternRef ref="VTR:StopPointInJourneyPattern:97518083" version="3005930"/>
                  <DepartureTime>06:54:00</DepartureTime>
                  <DepartureDayOffset>0</DepartureDayOffset>
                </TimetabledPassingTime>
                <TimetabledPassingTime version="3005930" id="VTR:TimetabledPassingTime:2778802_104170299_4">
                  <StopPointInJourneyPatternRef ref="VTR:StopPointInJourneyPattern:104170299" version="3005930"/>
                  <DepartureTime>07:00:00</DepartureTime>
                  <DepartureDayOffset>0</DepartureDayOffset>
                </TimetabledPassingTime>
                <TimetabledPassingTime version="3005930" id="VTR:TimetabledPassingTime:2778802_97518089_4">
                  <StopPointInJourneyPatternRef ref="VTR:StopPointInJourneyPattern:97518089" version="3005930"/>
                  <DepartureTime>07:00:00</DepartureTime>
                  <DepartureDayOffset>0</DepartureDayOffset>
                </TimetabledPassingTime>
                <TimetabledPassingTime version="3005930" id="VTR:TimetabledPassingTime:2778802_97518090_5">
                  <StopPointInJourneyPatternRef ref="VTR:StopPointInJourneyPattern:97518090" version="3005930"/>
                  <DepartureTime>07:05:00</DepartureTime>
                  <DepartureDayOffset>0</DepartureDayOffset>
                </TimetabledPassingTime>
                <TimetabledPassingTime version="3005930" id="VTR:TimetabledPassingTime:2778802_104170300_5">
                  <StopPointInJourneyPatternRef ref="VTR:StopPointInJourneyPattern:104170300" version="3005930"/>
                  <DepartureTime>07:05:00</DepartureTime>
                  <DepartureDayOffset>0</DepartureDayOffset>
                </TimetabledPassingTime>
                <TimetabledPassingTime version="3005930" id="VTR:TimetabledPassingTime:2778802_97518091_6">
                  <StopPointInJourneyPatternRef ref="VTR:StopPointInJourneyPattern:97518091" version="3005930"/>
                  <DepartureTime>07:15:00</DepartureTime>
                  <DepartureDayOffset>0</DepartureDayOffset>
                </TimetabledPassingTime>
                <TimetabledPassingTime version="3005930" id="VTR:TimetabledPassingTime:2778802_104170301_6">
                  <StopPointInJourneyPatternRef ref="VTR:StopPointInJourneyPattern:104170301" version="3005930"/>
                  <DepartureTime>07:15:00</DepartureTime>
                  <DepartureDayOffset>0</DepartureDayOffset>
                </TimetabledPassingTime>
                <TimetabledPassingTime version="3005930" id="VTR:TimetabledPassingTime:2778802_104170302_7">
                  <StopPointInJourneyPatternRef ref="VTR:StopPointInJourneyPattern:104170302" version="3005930"/>
                  <DepartureTime>07:20:00</DepartureTime>
                  <DepartureDayOffset>0</DepartureDayOffset>
                </TimetabledPassingTime>
                <TimetabledPassingTime version="3005930" id="VTR:TimetabledPassingTime:2778802_97518092_7">
                  <StopPointInJourneyPatternRef ref="VTR:StopPointInJourneyPattern:97518092" version="3005930"/>
                  <DepartureTime>07:20:00</DepartureTime>
                  <DepartureDayOffset>0</DepartureDayOffset>
                </TimetabledPassingTime>
                <TimetabledPassingTime version="3005930" id="VTR:TimetabledPassingTime:2778802_97518093_8">
                  <StopPointInJourneyPatternRef ref="VTR:StopPointInJourneyPattern:97518093" version="3005930"/>
                  <DepartureTime>07:25:00</DepartureTime>
                  <DepartureDayOffset>0</DepartureDayOffset>
                </TimetabledPassingTime>
                <TimetabledPassingTime version="3005930" id="VTR:TimetabledPassingTime:2778802_104170303_8">
                  <StopPointInJourneyPatternRef ref="VTR:StopPointInJourneyPattern:104170303" version="3005930"/>
                  <DepartureTime>07:25:00</DepartureTime>
                  <DepartureDayOffset>0</DepartureDayOffset>
                </TimetabledPassingTime>
              </passingTimes>
            </ServiceJourney>
            <ServiceJourney version="3005931" id="VTR:ServiceJourney:2778803">
              <Name>Šeduva - Kurkliai - Užuožeriai - Šeduva</Name>
              <PrivateCode>12</PrivateCode>
              <dayTypes>
                <DayTypeRef ref="VTR:DayType:2030"/>
              </dayTypes>
              <JourneyPatternRef version="3005931" ref="VTR:JourneyPattern:2778803"/>
              <OperatorRef ref="VTR:Operator:455"/>
              <LineRef ref="VTR:Line:2445" version="7902"/>
              <passingTimes>
                <TimetabledPassingTime version="3005931" id="VTR:TimetabledPassingTime:2778803_97518101_1">
                  <StopPointInJourneyPatternRef ref="VTR:StopPointInJourneyPattern:97518101" version="3005931"/>
                  <DepartureTime>15:00:00</DepartureTime>
                  <DepartureDayOffset>0</DepartureDayOffset>
                </TimetabledPassingTime>
                <TimetabledPassingTime version="3005931" id="VTR:TimetabledPassingTime:2778803_104170304_1">
                  <StopPointInJourneyPatternRef ref="VTR:StopPointInJourneyPattern:104170304" version="3005931"/>
                  <DepartureTime>15:00:00</DepartureTime>
                  <DepartureDayOffset>0</DepartureDayOffset>
                </TimetabledPassingTime>
                <TimetabledPassingTime version="3005931" id="VTR:TimetabledPassingTime:2778803_104170305_2">
                  <StopPointInJourneyPatternRef ref="VTR:StopPointInJourneyPattern:104170305" version="3005931"/>
                  <DepartureTime>15:03:00</DepartureTime>
                  <DepartureDayOffset>0</DepartureDayOffset>
                </TimetabledPassingTime>
                <TimetabledPassingTime version="3005931" id="VTR:TimetabledPassingTime:2778803_97518102_2">
                  <StopPointInJourneyPatternRef ref="VTR:StopPointInJourneyPattern:97518102" version="3005931"/>
                  <DepartureTime>15:03:00</DepartureTime>
                  <DepartureDayOffset>0</DepartureDayOffset>
                </TimetabledPassingTime>
                <TimetabledPassingTime version="3005931" id="VTR:TimetabledPassingTime:2778803_97518103_3">
                  <StopPointInJourneyPatternRef ref="VTR:StopPointInJourneyPattern:97518103" version="3005931"/>
                  <DepartureTime>15:05:00</DepartureTime>
                  <DepartureDayOffset>0</DepartureDayOffset>
                </TimetabledPassingTime>
                <TimetabledPassingTime version="3005931" id="VTR:TimetabledPassingTime:2778803_104170306_3">
                  <StopPointInJourneyPatternRef ref="VTR:StopPointInJourneyPattern:104170306" version="3005931"/>
                  <DepartureTime>15:05:00</DepartureTime>
                  <DepartureDayOffset>0</DepartureDayOffset>
                </TimetabledPassingTime>
                <TimetabledPassingTime version="3005931" id="VTR:TimetabledPassingTime:2778803_104170307_4">
                  <StopPointInJourneyPatternRef ref="VTR:StopPointInJourneyPattern:104170307" version="3005931"/>
                  <DepartureTime>15:15:00</DepartureTime>
                  <DepartureDayOffset>0</DepartureDayOffset>
                </TimetabledPassingTime>
                <TimetabledPassingTime version="3005931" id="VTR:TimetabledPassingTime:2778803_97518104_4">
                  <StopPointInJourneyPatternRef ref="VTR:StopPointInJourneyPattern:97518104" version="3005931"/>
                  <DepartureTime>15:15:00</DepartureTime>
                  <DepartureDayOffset>0</DepartureDayOffset>
                </TimetabledPassingTime>
                <TimetabledPassingTime version="3005931" id="VTR:TimetabledPassingTime:2778803_104170308_5">
                  <StopPointInJourneyPatternRef ref="VTR:StopPointInJourneyPattern:104170308" version="3005931"/>
                  <DepartureTime>15:18:00</DepartureTime>
                  <DepartureDayOffset>0</DepartureDayOffset>
                </TimetabledPassingTime>
                <TimetabledPassingTime version="3005931" id="VTR:TimetabledPassingTime:2778803_97518105_5">
                  <StopPointInJourneyPatternRef ref="VTR:StopPointInJourneyPattern:97518105" version="3005931"/>
                  <DepartureTime>15:18:00</DepartureTime>
                  <DepartureDayOffset>0</DepartureDayOffset>
                </TimetabledPassingTime>
                <TimetabledPassingTime version="3005931" id="VTR:TimetabledPassingTime:2778803_97518106_6">
                  <StopPointInJourneyPatternRef ref="VTR:StopPointInJourneyPattern:97518106" version="3005931"/>
                  <DepartureTime>15:22:00</DepartureTime>
                  <DepartureDayOffset>0</DepartureDayOffset>
                </TimetabledPassingTime>
                <TimetabledPassingTime version="3005931" id="VTR:TimetabledPassingTime:2778803_104170309_6">
                  <StopPointInJourneyPatternRef ref="VTR:StopPointInJourneyPattern:104170309" version="3005931"/>
                  <DepartureTime>15:22:00</DepartureTime>
                  <DepartureDayOffset>0</DepartureDayOffset>
                </TimetabledPassingTime>
                <TimetabledPassingTime version="3005931" id="VTR:TimetabledPassingTime:2778803_97518107_7">
                  <StopPointInJourneyPatternRef ref="VTR:StopPointInJourneyPattern:97518107" version="3005931"/>
                  <DepartureTime>15:27:00</DepartureTime>
                  <DepartureDayOffset>0</DepartureDayOffset>
                </TimetabledPassingTime>
                <TimetabledPassingTime version="3005931" id="VTR:TimetabledPassingTime:2778803_104170310_7">
                  <StopPointInJourneyPatternRef ref="VTR:StopPointInJourneyPattern:104170310" version="3005931"/>
                  <DepartureTime>15:27:00</DepartureTime>
                  <DepartureDayOffset>0</DepartureDayOffset>
                </TimetabledPassingTime>
                <TimetabledPassingTime version="3005931" id="VTR:TimetabledPassingTime:2778803_104170311_8">
                  <StopPointInJourneyPatternRef ref="VTR:StopPointInJourneyPattern:104170311" version="3005931"/>
                  <DepartureTime>15:30:00</DepartureTime>
                  <DepartureDayOffset>0</DepartureDayOffset>
                </TimetabledPassingTime>
                <TimetabledPassingTime version="3005931" id="VTR:TimetabledPassingTime:2778803_97518108_8">
                  <StopPointInJourneyPatternRef ref="VTR:StopPointInJourneyPattern:97518108" version="3005931"/>
                  <DepartureTime>15:30:00</DepartureTime>
                  <DepartureDayOffset>0</DepartureDayOffset>
                </TimetabledPassingTime>
              </passingTimes>
            </ServiceJourney>
            <ServiceJourney version="2780777" id="VTR:ServiceJourney:2778803">
              <Name>Šeduva - Kurkliai - Užuožeriai - Šeduva</Name>
              <PrivateCode>12</PrivateCode>
              <dayTypes>
                <DayTypeRef ref="VTR:DayType:7535"/>
              </dayTypes>
              <JourneyPatternRef version="2780777" ref="VTR:JourneyPattern:2778803"/>
              <OperatorRef ref="VTR:Operator:455"/>
              <LineRef ref="VTR:Line:2445" version="7902"/>
              <passingTimes>
                <TimetabledPassingTime version="2780777" id="VTR:TimetabledPassingTime:2778803_97518101_1">
                  <StopPointInJourneyPatternRef ref="VTR:StopPointInJourneyPattern:97518101" version="2780777"/>
                  <DepartureTime>15:00:00</DepartureTime>
                  <DepartureDayOffset>0</DepartureDayOffset>
                </TimetabledPassingTime>
                <TimetabledPassingTime version="2780777" id="VTR:TimetabledPassingTime:2778803_104170304_1">
                  <StopPointInJourneyPatternRef ref="VTR:StopPointInJourneyPattern:104170304" version="2780777"/>
                  <DepartureTime>15:00:00</DepartureTime>
                  <DepartureDayOffset>0</DepartureDayOffset>
                </TimetabledPassingTime>
                <TimetabledPassingTime version="2780777" id="VTR:TimetabledPassingTime:2778803_97518102_2">
                  <StopPointInJourneyPatternRef ref="VTR:StopPointInJourneyPattern:97518102" version="2780777"/>
                  <DepartureTime>15:03:00</DepartureTime>
                  <DepartureDayOffset>0</DepartureDayOffset>
                </TimetabledPassingTime>
                <TimetabledPassingTime version="2780777" id="VTR:TimetabledPassingTime:2778803_104170305_2">
                  <StopPointInJourneyPatternRef ref="VTR:StopPointInJourneyPattern:104170305" version="2780777"/>
                  <DepartureTime>15:03:00</DepartureTime>
                  <DepartureDayOffset>0</DepartureDayOffset>
                </TimetabledPassingTime>
                <TimetabledPassingTime version="2780777" id="VTR:TimetabledPassingTime:2778803_104170306_3">
                  <StopPointInJourneyPatternRef ref="VTR:StopPointInJourneyPattern:104170306" version="2780777"/>
                  <DepartureTime>15:05:00</DepartureTime>
                  <DepartureDayOffset>0</DepartureDayOffset>
                </TimetabledPassingTime>
                <TimetabledPassingTime version="2780777" id="VTR:TimetabledPassingTime:2778803_97518103_3">
                  <StopPointInJourneyPatternRef ref="VTR:StopPointInJourneyPattern:97518103" version="2780777"/>
                  <DepartureTime>15:05:00</DepartureTime>
                  <DepartureDayOffset>0</DepartureDayOffset>
                </TimetabledPassingTime>
                <TimetabledPassingTime version="2780777" id="VTR:TimetabledPassingTime:2778803_97518104_4">
                  <StopPointInJourneyPatternRef ref="VTR:StopPointInJourneyPattern:97518104" version="2780777"/>
                  <DepartureTime>15:15:00</DepartureTime>
                  <DepartureDayOffset>0</DepartureDayOffset>
                </TimetabledPassingTime>
                <TimetabledPassingTime version="2780777" id="VTR:TimetabledPassingTime:2778803_104170307_4">
                  <StopPointInJourneyPatternRef ref="VTR:StopPointInJourneyPattern:104170307" version="2780777"/>
                  <DepartureTime>15:15:00</DepartureTime>
                  <DepartureDayOffset>0</DepartureDayOffset>
                </TimetabledPassingTime>
                <TimetabledPassingTime version="2780777" id="VTR:TimetabledPassingTime:2778803_97518105_5">
                  <StopPointInJourneyPatternRef ref="VTR:StopPointInJourneyPattern:97518105" version="2780777"/>
                  <DepartureTime>15:18:00</DepartureTime>
                  <DepartureDayOffset>0</DepartureDayOffset>
                </TimetabledPassingTime>
                <TimetabledPassingTime version="2780777" id="VTR:TimetabledPassingTime:2778803_104170308_5">
                  <StopPointInJourneyPatternRef ref="VTR:StopPointInJourneyPattern:104170308" version="2780777"/>
                  <DepartureTime>15:18:00</DepartureTime>
                  <DepartureDayOffset>0</DepartureDayOffset>
                </TimetabledPassingTime>
                <TimetabledPassingTime version="2780777" id="VTR:TimetabledPassingTime:2778803_104170309_6">
                  <StopPointInJourneyPatternRef ref="VTR:StopPointInJourneyPattern:104170309" version="2780777"/>
                  <DepartureTime>15:22:00</DepartureTime>
                  <DepartureDayOffset>0</DepartureDayOffset>
                </TimetabledPassingTime>
                <TimetabledPassingTime version="2780777" id="VTR:TimetabledPassingTime:2778803_97518106_6">
                  <StopPointInJourneyPatternRef ref="VTR:StopPointInJourneyPattern:97518106" version="2780777"/>
                  <DepartureTime>15:22:00</DepartureTime>
                  <DepartureDayOffset>0</DepartureDayOffset>
                </TimetabledPassingTime>
                <TimetabledPassingTime version="2780777" id="VTR:TimetabledPassingTime:2778803_97518107_7">
                  <StopPointInJourneyPatternRef ref="VTR:StopPointInJourneyPattern:97518107" version="2780777"/>
                  <DepartureTime>15:27:00</DepartureTime>
                  <DepartureDayOffset>0</DepartureDayOffset>
                </TimetabledPassingTime>
                <TimetabledPassingTime version="2780777" id="VTR:TimetabledPassingTime:2778803_104170310_7">
                  <StopPointInJourneyPatternRef ref="VTR:StopPointInJourneyPattern:104170310" version="2780777"/>
                  <DepartureTime>15:27:00</DepartureTime>
                  <DepartureDayOffset>0</DepartureDayOffset>
                </TimetabledPassingTime>
                <TimetabledPassingTime version="2780777" id="VTR:TimetabledPassingTime:2778803_97518108_8">
                  <StopPointInJourneyPatternRef ref="VTR:StopPointInJourneyPattern:97518108" version="2780777"/>
                  <DepartureTime>15:30:00</DepartureTime>
                  <DepartureDayOffset>0</DepartureDayOffset>
                </TimetabledPassingTime>
                <TimetabledPassingTime version="2780777" id="VTR:TimetabledPassingTime:2778803_104170311_8">
                  <StopPointInJourneyPatternRef ref="VTR:StopPointInJourneyPattern:104170311" version="2780777"/>
                  <DepartureTime>15:30:00</DepartureTime>
                  <DepartureDayOffset>0</DepartureDayOffset>
                </TimetabledPassingTime>
              </passingTimes>
            </ServiceJourney>
            <ServiceJourney version="2780776" id="VTR:ServiceJourney:2778802">
              <Name>Šeduva - Kurkliai - Užuožeriai - Šeduva 12</Name>
              <PrivateCode>1</PrivateCode>
              <dayTypes>
                <DayTypeRef ref="VTR:DayType:7533"/>
              </dayTypes>
              <JourneyPatternRef version="2780776" ref="VTR:JourneyPattern:2778802"/>
              <OperatorRef ref="VTR:Operator:455"/>
              <LineRef ref="VTR:Line:2445" version="7902"/>
              <passingTimes>
                <TimetabledPassingTime version="2780776" id="VTR:TimetabledPassingTime:2778802_97518081_1">
                  <StopPointInJourneyPatternRef ref="VTR:StopPointInJourneyPattern:97518081" version="2780776"/>
                  <DepartureTime>06:45:00</DepartureTime>
                  <DepartureDayOffset>0</DepartureDayOffset>
                </TimetabledPassingTime>
                <TimetabledPassingTime version="2780776" id="VTR:TimetabledPassingTime:2778802_104170296_1">
                  <StopPointInJourneyPatternRef ref="VTR:StopPointInJourneyPattern:104170296" version="2780776"/>
                  <DepartureTime>06:45:00</DepartureTime>
                  <DepartureDayOffset>0</DepartureDayOffset>
                </TimetabledPassingTime>
                <TimetabledPassingTime version="2780776" id="VTR:TimetabledPassingTime:2778802_97518082_2">
                  <StopPointInJourneyPatternRef ref="VTR:StopPointInJourneyPattern:97518082" version="2780776"/>
                  <DepartureTime>06:50:00</DepartureTime>
                  <DepartureDayOffset>0</DepartureDayOffset>
                </TimetabledPassingTime>
                <TimetabledPassingTime version="2780776" id="VTR:TimetabledPassingTime:2778802_104170297_2">
                  <StopPointInJourneyPatternRef ref="VTR:StopPointInJourneyPattern:104170297" version="2780776"/>
                  <DepartureTime>06:50:00</DepartureTime>
                  <DepartureDayOffset>0</DepartureDayOffset>
                </TimetabledPassingTime>
                <TimetabledPassingTime version="2780776" id="VTR:TimetabledPassingTime:2778802_97518083_3">
                  <StopPointInJourneyPatternRef ref="VTR:StopPointInJourneyPattern:97518083" version="2780776"/>
                  <DepartureTime>06:54:00</DepartureTime>
                  <DepartureDayOffset>0</DepartureDayOffset>
                </TimetabledPassingTime>
                <TimetabledPassingTime version="2780776" id="VTR:TimetabledPassingTime:2778802_104170298_3">
                  <StopPointInJourneyPatternRef ref="VTR:StopPointInJourneyPattern:104170298" version="2780776"/>
                  <DepartureTime>06:54:00</DepartureTime>
                  <DepartureDayOffset>0</DepartureDayOffset>
                </TimetabledPassingTime>
                <TimetabledPassingTime version="2780776" id="VTR:TimetabledPassingTime:2778802_104170299_4">
                  <StopPointInJourneyPatternRef ref="VTR:StopPointInJourneyPattern:104170299" version="2780776"/>
                  <DepartureTime>07:00:00</DepartureTime>
                  <DepartureDayOffset>0</DepartureDayOffset>
                </TimetabledPassingTime>
                <TimetabledPassingTime version="2780776" id="VTR:TimetabledPassingTime:2778802_97518089_4">
                  <StopPointInJourneyPatternRef ref="VTR:StopPointInJourneyPattern:97518089" version="2780776"/>
                  <DepartureTime>07:00:00</DepartureTime>
                  <DepartureDayOffset>0</DepartureDayOffset>
                </TimetabledPassingTime>
                <TimetabledPassingTime version="2780776" id="VTR:TimetabledPassingTime:2778802_104170300_5">
                  <StopPointInJourneyPatternRef ref="VTR:StopPointInJourneyPattern:104170300" version="2780776"/>
                  <DepartureTime>07:05:00</DepartureTime>
                  <DepartureDayOffset>0</DepartureDayOffset>
                </TimetabledPassingTime>
                <TimetabledPassingTime version="2780776" id="VTR:TimetabledPassingTime:2778802_97518090_5">
                  <StopPointInJourneyPatternRef ref="VTR:StopPointInJourneyPattern:97518090" version="2780776"/>
                  <DepartureTime>07:05:00</DepartureTime>
                  <DepartureDayOffset>0</DepartureDayOffset>
                </TimetabledPassingTime>
                <TimetabledPassingTime version="2780776" id="VTR:TimetabledPassingTime:2778802_104170301_6">
                  <StopPointInJourneyPatternRef ref="VTR:StopPointInJourneyPattern:104170301" version="2780776"/>
                  <DepartureTime>07:15:00</DepartureTime>
                  <DepartureDayOffset>0</DepartureDayOffset>
                </TimetabledPassingTime>
                <TimetabledPassingTime version="2780776" id="VTR:TimetabledPassingTime:2778802_97518091_6">
                  <StopPointInJourneyPatternRef ref="VTR:StopPointInJourneyPattern:97518091" version="2780776"/>
                  <DepartureTime>07:15:00</DepartureTime>
                  <DepartureDayOffset>0</DepartureDayOffset>
                </TimetabledPassingTime>
                <TimetabledPassingTime version="2780776" id="VTR:TimetabledPassingTime:2778802_104170302_7">
                  <StopPointInJourneyPatternRef ref="VTR:StopPointInJourneyPattern:104170302" version="2780776"/>
                  <DepartureTime>07:20:00</DepartureTime>
                  <DepartureDayOffset>0</DepartureDayOffset>
                </TimetabledPassingTime>
                <TimetabledPassingTime version="2780776" id="VTR:TimetabledPassingTime:2778802_97518092_7">
                  <StopPointInJourneyPatternRef ref="VTR:StopPointInJourneyPattern:97518092" version="2780776"/>
                  <DepartureTime>07:20:00</DepartureTime>
                  <DepartureDayOffset>0</DepartureDayOffset>
                </TimetabledPassingTime>
                <TimetabledPassingTime version="2780776" id="VTR:TimetabledPassingTime:2778802_104170303_8">
                  <StopPointInJourneyPatternRef ref="VTR:StopPointInJourneyPattern:104170303" version="2780776"/>
                  <DepartureTime>07:25:00</DepartureTime>
                  <DepartureDayOffset>0</DepartureDayOffset>
                </TimetabledPassingTime>
                <TimetabledPassingTime version="2780776" id="VTR:TimetabledPassingTime:2778802_97518093_8">
                  <StopPointInJourneyPatternRef ref="VTR:StopPointInJourneyPattern:97518093" version="2780776"/>
                  <DepartureTime>07:25:00</DepartureTime>
                  <DepartureDayOffset>0</DepartureDayOffset>
                </TimetabledPassingTime>
              </passingTimes>
            </ServiceJourney>
          </vehicleJourneys>
        </TimetableFrame>
        <ResourceFrame version="1" id="VTR:ResourceFrame:1374">
          <organisations>
            <Authority version="1" id="VTR:Authority:22">
              <CompanyNumber>71</CompanyNumber>
              <Name>Radviliškio r. sav.</Name>
              <LegalName>Radviliškio r. sav.</LegalName>
              <ContactDetails>
                <Email>emtra@splius.lt</Email>
                <Phone>8 422 50500</Phone>
                <Url>www.radviliskis.lt</Url>
              </ContactDetails>
              <OrganisationType>authority</OrganisationType>
            </Authority>
          </organisations>
        </ResourceFrame>
        <FareFrame id="VTR:FareFrame:2445" version="1">
          <FrameDefaults>
            <DefaultCurrency>EUR</DefaultCurrency>
          </FrameDefaults>
          <usageParameters>
            <RoundTrip id="VTR:RoundTrip:single" version="1">
              <Name>Single</Name>
              <TripType>single</TripType>
            </RoundTrip>
            <FrequencyOfUse id="VTR:FrequencyOfUse:once" version="1">
              <Name>Once</Name>
              <MaximalFrequency>1</MaximalFrequency>
            </FrequencyOfUse>
          </usageParameters>
          <priceGroups>
            <PriceGroup id="VTR:PriceGroup:PG01" version="1">
              <Name>Flat Fare Products - Standard</Name>
              <members>
                <FareProductPrice id="VTR:FareProductPrice:standard" version="1">
                  <Name>Single fare</Name>
                  <Amount>0.7</Amount>
                  <Currency>EUR</Currency>
                </FareProductPrice>
              </members>
            </PriceGroup>
          </priceGroups>
        </FareFrame>
      </frames>
    </CompositeFrame>
  </dataObjects>
</PublicationDelivery>
